-- phpMyAdmin SQL Dump
-- version 4.0.10deb1
-- http://www.phpmyadmin.net
--
-- Host: localhost
-- Generation Time: Nov 11, 2015 at 03:40 AM
-- Server version: 5.5.46-0ubuntu0.14.04.2
-- PHP Version: 5.5.9-1ubuntu4.13

SET SQL_MODE = "NO_AUTO_VALUE_ON_ZERO";
SET time_zone = "+00:00";


/*!40101 SET @OLD_CHARACTER_SET_CLIENT=@@CHARACTER_SET_CLIENT */;
/*!40101 SET @OLD_CHARACTER_SET_RESULTS=@@CHARACTER_SET_RESULTS */;
/*!40101 SET @OLD_COLLATION_CONNECTION=@@COLLATION_CONNECTION */;
/*!40101 SET NAMES utf8 */;

--
-- Database: `fejemg`
--

-- --------------------------------------------------------

--
-- Table structure for table `activity`
--

CREATE TABLE IF NOT EXISTS `activity` (
  `id` int(10) NOT NULL AUTO_INCREMENT,
  `name` varchar(100) CHARACTER SET utf8 COLLATE utf8_unicode_ci NOT NULL,
  `department_id` int(11) NOT NULL,
  `created_at` timestamp NOT NULL DEFAULT CURRENT_TIMESTAMP,
  PRIMARY KEY (`id`)
) ENGINE=InnoDB  DEFAULT CHARSET=latin1 AUTO_INCREMENT=116 ;

--
-- Dumping data for table `activity`
--

INSERT INTO `activity` (`id`, `name`, `department_id`, `created_at`) VALUES
(1, 'Precificação', 1, '2015-10-16 17:14:45'),
(2, 'Planejamento e o Controle financeiro', 1, '2015-10-16 17:14:45'),
(3, 'Regulamentação', 1, '2015-10-16 17:14:45'),
(4, 'Controle de almoxarifado', 1, '2015-10-16 17:14:45'),
(5, 'Reserva financeira', 1, '2015-10-16 17:14:45'),
(6, 'Fluxo de caixa', 1, '2015-10-16 17:14:45'),
(7, 'Prospecção de clientes', 2, '2015-10-16 17:14:45'),
(8, 'Captação ativa (Clientes e membros)', 2, '2015-10-16 17:14:45'),
(9, 'Marketing digital', 2, '2015-10-16 17:14:45'),
(10, 'Endomarketing', 2, '2015-10-16 17:14:45'),
(12, 'Pesquisa de Mercado', 2, '2015-10-16 17:14:45'),
(13, 'Elaboração da segmentação de mercado e carta de serviços da EJ', 2, '2015-10-16 17:14:45'),
(14, 'Identificação de Mercado', 2, '2015-10-16 17:14:45'),
(15, 'Divulgação', 2, '2015-10-16 17:14:45'),
(16, 'Plano de Marketing', 2, '2015-10-16 17:14:45'),
(17, 'Pesquisa de Imagem', 2, '2015-10-16 17:14:45'),
(18, 'Comunicação Interna', 2, '2015-10-16 17:14:45'),
(19, 'Gestão do Conhecimento', 3, '2015-10-16 17:14:45'),
(20, 'Planos de ação/projetos estratégicos', 3, '2015-10-16 17:14:45'),
(21, 'Indicadores e metas estratégicas', 3, '2015-10-16 17:14:45'),
(22, 'Objetivos estratégicos', 3, '2015-10-16 17:14:45'),
(23, 'Avaliação de Ambiente', 3, '2015-10-16 17:14:45'),
(24, 'Diretrizes estratégicas', 3, '2015-10-16 17:14:45'),
(25, 'Ferramentas de qualidade (5S, 8S, CCQ...)', 4, '2015-10-16 17:14:45'),
(26, 'Padronização de documentos', 4, '2015-10-16 17:14:45'),
(27, 'Definição de processos gerenciais e de apoio', 4, '2015-10-16 17:14:45'),
(28, 'Controle da qualidade dos projetos', 4, '2015-10-16 17:14:45'),
(29, 'Mapeamento e Padronização de processos', 4, '2015-10-16 17:14:45'),
(30, 'Controle de documentos e registros', 4, '2015-10-16 17:14:45'),
(31, 'Estabelecimento de diretrizes e normas de qualidade', 4, '2015-10-16 17:14:45'),
(32, 'Modelo de Exclência em Gestão', 4, '2015-10-16 17:14:45'),
(33, 'Qualidade em Projetos', 4, '2015-10-16 17:14:45'),
(34, 'Processos', 4, '2015-10-16 17:14:45'),
(35, 'Prospecção de clientes (principalmente ativa)', 5, '2015-10-16 17:14:45'),
(36, 'Identificação e análise dos requisitos (necessidades) do cliente', 5, '2015-10-16 17:14:45'),
(37, 'Responsáveis pelo atendimento ao cliente e o processo de negociação', 5, '2015-10-16 17:14:45'),
(38, 'Capacitação para os responsáveis pelo atendimento', 5, '2015-10-16 17:14:45'),
(39, 'Metodologia utilizada para diagnosticar serviço e fechar contratos (Spin Selling)', 5, '2015-10-16 17:14:45'),
(40, 'Venda', 5, '2015-10-16 17:14:45'),
(81, 'Identificação e análise dos requisitos de Clientes', 5, '2015-10-16 17:19:28'),
(82, 'Atendimento', 5, '2015-10-16 17:19:28'),
(83, 'Pessoas / Equipe', 6, '2015-10-16 17:19:28'),
(84, 'Gerenciamento de tempo', 6, '2015-10-16 17:19:28'),
(85, 'Precificação', 6, '2015-10-16 17:19:28'),
(86, 'Qualidade', 6, '2015-10-16 17:19:28'),
(87, 'Gerenciamento de risco', 6, '2015-10-16 17:19:28'),
(88, 'Satisfação dos clientes', 6, '2015-10-16 17:19:28'),
(89, 'Elaboração de escopo', 6, '2015-10-16 17:19:28'),
(90, 'Monitoramento de Projetos', 6, '2015-10-16 17:19:28'),
(91, 'Gerencimamento de Projetos', 6, '2015-10-16 17:19:28'),
(92, 'Portfólio de projetos', 6, '2015-10-16 17:19:28'),
(93, 'Processo seletivo e trainee', 7, '2015-10-16 17:19:28'),
(94, 'Gestão por competências', 7, '2015-10-16 17:19:28'),
(95, 'Processo seletivo', 7, '2015-10-16 17:19:28'),
(96, 'Plano de capacitações', 7, '2015-10-16 17:19:28'),
(97, 'Avaliação de perfil', 7, '2015-10-16 17:19:28'),
(98, 'Formação de Líderes', 7, '2015-10-16 17:19:28'),
(99, 'Cultura de feedback', 7, '2015-10-16 17:19:28'),
(100, 'Capacitação dos membros', 7, '2015-10-16 17:19:28'),
(101, 'Avaliação e o acompanhamento do desempenho', 7, '2015-10-16 17:19:28'),
(102, 'Descrição dos cargos', 7, '2015-10-16 17:19:28'),
(103, 'Clima organizacional', 7, '2015-10-16 17:19:28'),
(104, 'Gestão do Conhecimento da Empresa', 8, '2015-10-16 17:19:28'),
(105, 'Estatuto/Regimento Interno', 8, '2015-10-16 17:19:28'),
(106, 'Representatividade', 8, '2015-10-16 17:19:28'),
(107, 'Estrutura organizacional', 8, '2015-10-16 17:19:28'),
(108, 'Cogestão', 8, '2015-10-16 17:19:28'),
(109, 'Governança Coorporativa', 8, '2015-10-16 17:19:28'),
(110, 'A Governança corporativa', 3, '2015-11-10 18:20:07'),
(111, 'Representatividade', 3, '2015-11-10 18:20:07'),
(114, 'Geração de Valor para o Cliente', 6, '2015-11-10 18:30:47');

-- --------------------------------------------------------

--
-- Table structure for table `activity_classification`
--

CREATE TABLE IF NOT EXISTS `activity_classification` (
  `je_id` int(10) NOT NULL,
  `activity_id` int(10) NOT NULL,
  `classification` tinyint(10) NOT NULL,
  PRIMARY KEY (`je_id`,`activity_id`)
) ENGINE=InnoDB DEFAULT CHARSET=latin1;

--
-- Dumping data for table `activity_classification`
--

INSERT INTO `activity_classification` (`je_id`, `activity_id`, `classification`) VALUES
(2, 1, 4),
(2, 2, 5),
(2, 3, 4),
(2, 4, 4),
(2, 5, 5),
(2, 6, 5),
(2, 14, 5),
(2, 15, 5),
(2, 16, 1),
(2, 17, 4),
(2, 18, 4),
(2, 19, 2),
(2, 20, 2),
(2, 21, 4),
(2, 22, 4),
(2, 23, 1),
(2, 24, 4),
(2, 32, 5),
(2, 33, 4),
(2, 34, 2),
(2, 40, 4),
(2, 81, 5),
(2, 82, 5),
(2, 83, 4),
(2, 84, 4),
(2, 85, 5),
(2, 86, 1),
(2, 87, 5),
(2, 88, 4),
(2, 89, 4),
(2, 90, 4),
(2, 91, 4),
(2, 92, 2),
(2, 95, 2),
(2, 98, 4),
(2, 99, 5),
(2, 100, 5),
(2, 101, 5),
(2, 102, 5),
(2, 103, 5),
(2, 110, 2),
(2, 111, 2),
(2, 115, 5),
(3, 1, 2),
(3, 2, 2),
(3, 3, 2),
(3, 4, 2),
(3, 5, 2),
(3, 6, 4),
(3, 14, 1),
(3, 15, 2),
(3, 16, 2),
(3, 17, 1),
(3, 18, 5),
(3, 19, 5),
(3, 20, 5),
(3, 21, 4),
(3, 22, 4),
(3, 23, 5),
(3, 24, 4),
(3, 32, 1),
(3, 33, 5),
(3, 34, 1),
(3, 40, 5),
(3, 81, 5),
(3, 82, 2),
(3, 83, 4),
(3, 84, 4),
(3, 85, 1),
(3, 86, 1),
(3, 87, 2),
(3, 88, 2),
(3, 89, 5),
(3, 90, 2),
(3, 91, 2),
(3, 92, 5),
(3, 95, 5),
(3, 98, 4),
(3, 99, 5),
(3, 100, 5),
(3, 101, 2),
(3, 102, 5),
(3, 103, 4),
(3, 110, 1),
(3, 111, 5),
(3, 115, 2),
(4, 1, 5),
(4, 2, 4),
(4, 3, 4),
(4, 4, 2),
(4, 5, 5),
(4, 6, 4),
(4, 14, 5),
(4, 15, 4),
(4, 16, 5),
(4, 17, 4),
(4, 18, 5),
(4, 19, 2),
(4, 20, 5),
(4, 21, 2),
(4, 22, 4),
(4, 23, 1),
(4, 24, 5),
(4, 32, 4),
(4, 33, 5),
(4, 34, 4),
(4, 40, 2),
(4, 81, 2),
(4, 82, 2),
(4, 83, 5),
(4, 84, 4),
(4, 85, 1),
(4, 86, 5),
(4, 87, 5),
(4, 88, 2),
(4, 89, 4),
(4, 90, 4),
(4, 91, 5),
(4, 92, 2),
(4, 95, 2),
(4, 98, 4),
(4, 99, 1),
(4, 100, 4),
(4, 101, 2),
(4, 102, 2),
(4, 103, 5),
(4, 110, 2),
(4, 111, 5),
(4, 115, 2),
(6, 1, 4),
(6, 2, 4),
(6, 3, 4),
(6, 4, 2),
(6, 5, 2),
(6, 6, 4),
(6, 14, 2),
(6, 15, 4),
(6, 16, 5),
(6, 17, 2),
(6, 18, 1),
(6, 19, 5),
(6, 20, 4),
(6, 21, 5),
(6, 22, 4),
(6, 23, 1),
(6, 24, 5),
(6, 32, 2),
(6, 33, 2),
(6, 34, 2),
(6, 40, 4),
(6, 81, 4),
(6, 82, 2),
(6, 83, 4),
(6, 84, 5),
(6, 85, 5),
(6, 86, 5),
(6, 87, 5),
(6, 88, 5),
(6, 89, 4),
(6, 90, 5),
(6, 91, 5),
(6, 92, 5),
(6, 95, 4),
(6, 98, 4),
(6, 99, 2),
(6, 100, 4),
(6, 101, 5),
(6, 102, 5),
(6, 103, 4),
(6, 110, 4),
(6, 111, 1),
(6, 115, 4),
(7, 1, 4),
(7, 2, 5),
(7, 3, 5),
(7, 4, 4),
(7, 5, 5),
(7, 6, 5),
(7, 14, 4),
(7, 15, 4),
(7, 16, 4),
(7, 17, 5),
(7, 18, 2),
(7, 19, 2),
(7, 20, 5),
(7, 21, 4),
(7, 22, 2),
(7, 23, 5),
(7, 24, 2),
(7, 32, 4),
(7, 33, 4),
(7, 34, 5),
(7, 40, 1),
(7, 81, 1),
(7, 82, 4),
(7, 83, 5),
(7, 84, 5),
(7, 85, 5),
(7, 86, 5),
(7, 87, 5),
(7, 88, 5),
(7, 89, 5),
(7, 90, 5),
(7, 91, 5),
(7, 92, 2),
(7, 95, 2),
(7, 98, 4),
(7, 99, 4),
(7, 100, 4),
(7, 101, 2),
(7, 102, 2),
(7, 103, 4),
(7, 110, 5),
(7, 111, 2),
(7, 115, 5),
(8, 1, 4),
(8, 2, 5),
(8, 3, 4),
(8, 4, 4),
(8, 5, 5),
(8, 6, 5),
(8, 14, 2),
(8, 15, 5),
(8, 16, 5),
(8, 17, 5),
(8, 18, 5),
(8, 19, 2),
(8, 20, 5),
(8, 21, 5),
(8, 22, 4),
(8, 23, 5),
(8, 24, 4),
(8, 32, 5),
(8, 33, 4),
(8, 34, 5),
(8, 40, 4),
(8, 81, 2),
(8, 82, 1),
(8, 83, 5),
(8, 84, 5),
(8, 85, 5),
(8, 86, 5),
(8, 87, 5),
(8, 88, 5),
(8, 89, 5),
(8, 90, 5),
(8, 91, 4),
(8, 92, 4),
(8, 95, 4),
(8, 98, 5),
(8, 99, 4),
(8, 100, 4),
(8, 101, 5),
(8, 102, 5),
(8, 103, 4),
(8, 110, 5),
(8, 111, 4),
(8, 115, 5),
(10, 1, 5),
(10, 2, 4),
(10, 3, 4),
(10, 4, 1),
(10, 5, 1),
(10, 6, 2),
(10, 14, 2),
(10, 15, 1),
(10, 16, 2),
(10, 17, 2),
(10, 18, 2),
(10, 19, 5),
(10, 20, 2),
(10, 21, 5),
(10, 22, 4),
(10, 23, 1),
(10, 24, 4),
(10, 32, 2),
(10, 33, 2),
(10, 34, 4),
(10, 40, 2),
(10, 81, 1),
(10, 82, 1),
(10, 83, 4),
(10, 84, 4),
(10, 85, 5),
(10, 86, 1),
(10, 87, 4),
(10, 88, 2),
(10, 89, 4),
(10, 90, 2),
(10, 91, 4),
(10, 92, 4),
(10, 95, 4),
(10, 98, 4),
(10, 99, 4),
(10, 100, 2),
(10, 101, 1),
(10, 102, 2),
(10, 103, 4),
(10, 110, 2),
(10, 111, 2),
(10, 115, 4),
(11, 1, 5),
(11, 2, 5),
(11, 3, 4),
(11, 4, 4),
(11, 5, 5),
(11, 6, 5),
(11, 14, 1),
(11, 15, 5),
(11, 16, 5),
(11, 17, 4),
(11, 18, 4),
(11, 19, 2),
(11, 20, 2),
(11, 21, 1),
(11, 22, 2),
(11, 23, 5),
(11, 24, 5),
(11, 32, 5),
(11, 33, 5),
(11, 34, 4),
(11, 40, 2),
(11, 81, 2),
(11, 82, 2),
(11, 83, 4),
(11, 84, 5),
(11, 85, 5),
(11, 86, 5),
(11, 87, 4),
(11, 88, 5),
(11, 89, 4),
(11, 90, 4),
(11, 91, 4),
(11, 92, 4),
(11, 95, 5),
(11, 98, 4),
(11, 99, 5),
(11, 100, 5),
(11, 101, 5),
(11, 102, 5),
(11, 103, 5),
(11, 110, 5),
(11, 111, 5),
(11, 115, 5),
(12, 1, 2),
(12, 2, 4),
(12, 3, 2),
(12, 4, 4),
(12, 5, 2),
(12, 6, 5),
(12, 14, 2),
(12, 15, 4),
(12, 16, 1),
(12, 17, 1),
(12, 18, 2),
(12, 19, 4),
(12, 20, 1),
(12, 21, 1),
(12, 22, 1),
(12, 23, 1),
(12, 24, 1),
(12, 32, 1),
(12, 33, 1),
(12, 34, 1),
(12, 40, 1),
(12, 81, 1),
(12, 82, 1),
(12, 83, 5),
(12, 84, 4),
(12, 85, 5),
(12, 86, 5),
(12, 87, 5),
(12, 88, 2),
(12, 89, 4),
(12, 90, 4),
(12, 91, 2),
(12, 92, 4),
(12, 95, 4),
(12, 98, 4),
(12, 99, 5),
(12, 100, 4),
(12, 101, 5),
(12, 102, 2),
(12, 103, 4),
(12, 110, 5),
(12, 111, 5),
(12, 115, 2),
(13, 1, 1),
(13, 2, 1),
(13, 3, 1),
(13, 4, 1),
(13, 5, 1),
(13, 6, 1),
(13, 14, 1),
(13, 15, 1),
(13, 16, 1),
(13, 17, 1),
(13, 18, 1),
(13, 19, 1),
(13, 20, 1),
(13, 21, 1),
(13, 22, 1),
(13, 23, 1),
(13, 24, 1),
(13, 32, 1),
(13, 33, 1),
(13, 34, 1),
(13, 40, 1),
(13, 81, 1),
(13, 82, 1),
(13, 83, 1),
(13, 84, 1),
(13, 85, 1),
(13, 86, 1),
(13, 87, 1),
(13, 88, 1),
(13, 89, 1),
(13, 90, 1),
(13, 91, 1),
(13, 92, 1),
(13, 95, 2),
(13, 98, 4),
(13, 99, 1),
(13, 100, 5),
(13, 101, 5),
(13, 102, 5),
(13, 103, 4),
(13, 110, 1),
(13, 111, 1),
(13, 115, 1),
(14, 1, 5),
(14, 2, 5),
(14, 3, 5),
(14, 4, 4),
(14, 5, 5),
(14, 6, 5),
(14, 14, 1),
(14, 15, 5),
(14, 16, 2),
(14, 17, 4),
(14, 18, 4),
(14, 19, 2),
(14, 20, 5),
(14, 21, 4),
(14, 22, 2),
(14, 23, 5),
(14, 24, 2),
(14, 32, 1),
(14, 33, 1),
(14, 34, 4),
(14, 40, 5),
(14, 81, 1),
(14, 82, 5),
(14, 83, 2),
(14, 84, 2),
(14, 85, 2),
(14, 86, 1),
(14, 87, 2),
(14, 88, 5),
(14, 89, 4),
(14, 90, 2),
(14, 91, 2),
(14, 92, 1),
(14, 95, 4),
(14, 98, 4),
(14, 99, 2),
(14, 100, 4),
(14, 101, 2),
(14, 102, 2),
(14, 103, 4),
(14, 110, 1),
(14, 111, 1),
(14, 115, 1),
(15, 1, 1),
(15, 2, 5),
(15, 3, 5),
(15, 4, 5),
(15, 5, 5),
(15, 6, 5),
(15, 14, 2),
(15, 15, 2),
(15, 16, 2),
(15, 17, 4),
(15, 18, 2),
(15, 19, 2),
(15, 20, 2),
(15, 21, 5),
(15, 22, 4),
(15, 23, 2),
(15, 24, 4),
(15, 32, 2),
(15, 33, 5),
(15, 34, 5),
(15, 40, 4),
(15, 81, 2),
(15, 82, 5),
(15, 83, 4),
(15, 84, 4),
(15, 85, 5),
(15, 86, 5),
(15, 87, 4),
(15, 88, 2),
(15, 89, 5),
(15, 90, 4),
(15, 91, 5),
(15, 92, 4),
(15, 95, 4),
(15, 98, 4),
(15, 99, 4),
(15, 100, 4),
(15, 101, 2),
(15, 102, 5),
(15, 103, 4),
(15, 110, 2),
(15, 111, 5),
(15, 115, 2),
(17, 1, 2),
(17, 2, 4),
(17, 3, 2),
(17, 4, 1),
(17, 5, 5),
(17, 6, 5),
(17, 14, 2),
(17, 15, 4),
(17, 16, 5),
(17, 17, 2),
(17, 18, 2),
(17, 19, 2),
(17, 20, 4),
(17, 21, 5),
(17, 22, 2),
(17, 23, 5),
(17, 24, 4),
(17, 32, 5),
(17, 33, 4),
(17, 34, 5),
(17, 40, 5),
(17, 81, 1),
(17, 82, 2),
(17, 83, 5),
(17, 84, 4),
(17, 85, 4),
(17, 86, 5),
(17, 87, 5),
(17, 88, 2),
(17, 89, 5),
(17, 90, 4),
(17, 91, 4),
(17, 92, 5),
(17, 95, 2),
(17, 98, 4),
(17, 99, 4),
(17, 100, 5),
(17, 101, 4),
(17, 102, 4),
(17, 103, 4),
(17, 110, 2),
(17, 111, 1),
(17, 115, 5),
(19, 1, 1),
(19, 2, 2),
(19, 3, 2),
(19, 4, 2),
(19, 5, 1),
(19, 6, 2),
(19, 14, 1),
(19, 15, 2),
(19, 16, 1),
(19, 17, 1),
(19, 18, 1),
(19, 19, 1),
(19, 20, 4),
(19, 21, 5),
(19, 22, 4),
(19, 23, 5),
(19, 24, 2),
(19, 32, 1),
(19, 33, 1),
(19, 34, 1),
(19, 40, 1),
(19, 81, 1),
(19, 82, 1),
(19, 83, 4),
(19, 84, 4),
(19, 85, 4),
(19, 86, 2),
(19, 87, 1),
(19, 88, 1),
(19, 89, 5),
(19, 90, 1),
(19, 91, 2),
(19, 92, 4),
(19, 95, 5),
(19, 98, 1),
(19, 99, 1),
(19, 100, 1),
(19, 101, 1),
(19, 102, 2),
(19, 103, 1),
(19, 110, 2),
(19, 111, 2),
(19, 115, 1),
(20, 1, 4),
(20, 2, 4),
(20, 3, 5),
(20, 4, 4),
(20, 5, 5),
(20, 6, 5),
(20, 14, 4),
(20, 15, 5),
(20, 16, 5),
(20, 17, 4),
(20, 18, 5),
(20, 19, 2),
(20, 20, 5),
(20, 21, 2),
(20, 22, 4),
(20, 23, 2),
(20, 24, 4),
(20, 32, 5),
(20, 33, 4),
(20, 34, 4),
(20, 40, 4),
(20, 81, 5),
(20, 82, 2),
(20, 83, 2),
(20, 84, 4),
(20, 85, 1),
(20, 86, 5),
(20, 87, 2),
(20, 88, 5),
(20, 89, 4),
(20, 90, 4),
(20, 91, 2),
(20, 92, 5),
(20, 95, 4),
(20, 98, 4),
(20, 99, 5),
(20, 100, 4),
(20, 101, 5),
(20, 102, 2),
(20, 103, 4),
(20, 110, 2),
(20, 111, 2),
(20, 115, 4),
(21, 1, 4),
(21, 2, 4),
(21, 3, 5),
(21, 4, 4),
(21, 5, 5),
(21, 6, 5),
(21, 14, 1),
(21, 15, 2),
(21, 16, 2),
(21, 17, 4),
(21, 18, 4),
(21, 19, 2),
(21, 20, 4),
(21, 21, 4),
(21, 22, 1),
(21, 23, 5),
(21, 24, 5),
(21, 32, 1),
(21, 33, 1),
(21, 34, 4),
(21, 40, 4),
(21, 81, 2),
(21, 82, 5),
(21, 83, 2),
(21, 84, 4),
(21, 85, 5),
(21, 86, 5),
(21, 87, 4),
(21, 88, 5),
(21, 89, 5),
(21, 90, 4),
(21, 91, 5),
(21, 92, 4),
(21, 95, 2),
(21, 98, 5),
(21, 99, 5),
(21, 100, 4),
(21, 101, 4),
(21, 102, 2),
(21, 103, 5),
(21, 110, 2),
(21, 111, 2),
(21, 115, 5),
(22, 1, 5),
(22, 2, 5),
(22, 3, 2),
(22, 4, 2),
(22, 5, 5),
(22, 6, 5),
(22, 14, 2),
(22, 15, 5),
(22, 16, 5),
(22, 17, 4),
(22, 18, 2),
(22, 19, 2),
(22, 20, 4),
(22, 21, 5),
(22, 22, 4),
(22, 23, 5),
(22, 24, 4),
(22, 32, 5),
(22, 33, 4),
(22, 34, 5),
(22, 40, 4),
(22, 81, 2),
(22, 82, 2),
(22, 83, 5),
(22, 84, 5),
(22, 85, 5),
(22, 86, 5),
(22, 87, 5),
(22, 88, 5),
(22, 89, 5),
(22, 90, 5),
(22, 91, 2),
(22, 92, 5),
(22, 95, 2),
(22, 98, 4),
(22, 99, 5),
(22, 100, 5),
(22, 101, 5),
(22, 102, 4),
(22, 103, 5),
(22, 110, 2),
(22, 111, 4),
(22, 115, 5),
(23, 1, 2),
(23, 2, 4),
(23, 3, 4),
(23, 4, 2),
(23, 5, 2),
(23, 6, 4),
(23, 14, 2),
(23, 15, 2),
(23, 16, 2),
(23, 17, 2),
(23, 18, 1),
(23, 19, 5),
(23, 20, 5),
(23, 21, 5),
(23, 22, 1),
(23, 23, 4),
(23, 24, 5),
(23, 32, 1),
(23, 33, 1),
(23, 34, 1),
(23, 40, 2),
(23, 81, 5),
(23, 82, 5),
(23, 83, 4),
(23, 84, 4),
(23, 85, 1),
(23, 86, 2),
(23, 87, 2),
(23, 88, 2),
(23, 89, 5),
(23, 90, 4),
(23, 91, 2),
(23, 92, 1),
(23, 95, 2),
(23, 98, 4),
(23, 99, 1),
(23, 100, 5),
(23, 101, 1),
(23, 102, 1),
(23, 103, 2),
(23, 110, 1),
(23, 111, 2),
(23, 115, 4),
(24, 1, 5),
(24, 2, 4),
(24, 3, 4),
(24, 4, 5),
(24, 5, 5),
(24, 6, 5),
(24, 14, 2),
(24, 15, 4),
(24, 16, 1),
(24, 17, 4),
(24, 18, 5),
(24, 19, 2),
(24, 20, 5),
(24, 21, 4),
(24, 22, 2),
(24, 23, 5),
(24, 24, 2),
(24, 32, 2),
(24, 33, 5),
(24, 34, 5),
(24, 40, 2),
(24, 81, 5),
(24, 82, 2),
(24, 83, 2),
(24, 84, 4),
(24, 85, 1),
(24, 86, 1),
(24, 87, 3),
(24, 88, 2),
(24, 89, 4),
(24, 90, 4),
(24, 91, 4),
(24, 92, 5),
(24, 95, 2),
(24, 98, 1),
(24, 99, 4),
(24, 100, 4),
(24, 101, 4),
(24, 102, 1),
(24, 103, 5),
(24, 110, 2),
(24, 111, 2),
(24, 115, 2),
(25, 1, 4),
(25, 2, 2),
(25, 3, 5),
(25, 4, 2),
(25, 5, 2),
(25, 6, 4),
(25, 14, 4),
(25, 15, 5),
(25, 16, 5),
(25, 17, 4),
(25, 18, 4),
(25, 19, 2),
(25, 20, 1),
(25, 21, 1),
(25, 22, 4),
(25, 23, 5),
(25, 24, 5),
(25, 32, 5),
(25, 33, 1),
(25, 34, 4),
(25, 40, 4),
(25, 81, 5),
(25, 82, 2),
(25, 83, 1),
(25, 84, 2),
(25, 85, 4),
(25, 86, 2),
(25, 87, 1),
(25, 88, 2),
(25, 89, 5),
(25, 90, 4),
(25, 91, 5),
(25, 92, 1),
(25, 95, 4),
(25, 98, 5),
(25, 99, 1),
(25, 100, 2),
(25, 101, 1),
(25, 102, 5),
(25, 103, 1),
(25, 110, 2),
(25, 111, 2),
(25, 115, 2),
(26, 1, 2),
(26, 2, 5),
(26, 3, 2),
(26, 4, 1),
(26, 5, 2),
(26, 6, 4),
(26, 14, 2),
(26, 15, 2),
(26, 16, 1),
(26, 17, 5),
(26, 18, 2),
(26, 19, 2),
(26, 20, 5),
(26, 21, 4),
(26, 22, 4),
(26, 23, 5),
(26, 24, 1),
(26, 32, 1),
(26, 33, 1),
(26, 34, 1),
(26, 40, 5),
(26, 81, 1),
(26, 82, 5),
(26, 83, 5),
(26, 84, 4),
(26, 85, 5),
(26, 86, 4),
(26, 87, 1),
(26, 88, 4),
(26, 89, 5),
(26, 90, 4),
(26, 91, 4),
(26, 92, 5),
(26, 95, 2),
(26, 98, 1),
(26, 99, 2),
(26, 100, 5),
(26, 101, 2),
(26, 102, 5),
(26, 103, 4),
(26, 110, 4),
(26, 111, 4),
(26, 115, 5),
(27, 1, 5),
(27, 2, 5),
(27, 3, 5),
(27, 4, 1),
(27, 5, 5),
(27, 6, 5),
(27, 14, 4),
(27, 15, 5),
(27, 16, 5),
(27, 17, 5),
(27, 18, 5),
(27, 19, 2),
(27, 20, 5),
(27, 21, 4),
(27, 22, 2),
(27, 23, 5),
(27, 24, 2),
(27, 32, 4),
(27, 33, 4),
(27, 34, 5),
(27, 40, 5),
(27, 81, 5),
(27, 82, 2),
(27, 83, 4),
(27, 84, 2),
(27, 85, 1),
(27, 86, 1),
(27, 87, 1),
(27, 88, 1),
(27, 89, 1),
(27, 90, 1),
(27, 91, 2),
(27, 92, 4),
(27, 95, 5),
(27, 98, 4),
(27, 99, 5),
(27, 100, 4),
(27, 101, 5),
(27, 102, 2),
(27, 103, 4),
(27, 110, 2),
(27, 111, 5),
(27, 115, 1),
(28, 1, 1),
(28, 2, 2),
(28, 3, 4),
(28, 4, 2),
(28, 5, 1),
(28, 6, 2),
(28, 14, 1),
(28, 15, 1),
(28, 16, 2),
(28, 17, 1),
(28, 18, 2),
(28, 19, 4),
(28, 20, 1),
(28, 21, 5),
(28, 22, 2),
(28, 23, 2),
(28, 24, 4),
(28, 32, 1),
(28, 33, 1),
(28, 34, 1),
(28, 40, 1),
(28, 81, 1),
(28, 82, 1),
(28, 83, 1),
(28, 84, 4),
(28, 85, 4),
(28, 86, 5),
(28, 87, 2),
(28, 88, 2),
(28, 89, 1),
(28, 90, 2),
(28, 91, 4),
(28, 92, 1),
(28, 95, 1),
(28, 98, 1),
(28, 99, 1),
(28, 100, 2),
(28, 101, 5),
(28, 102, 1),
(28, 103, 4),
(28, 110, 1),
(28, 111, 1),
(28, 115, 2),
(29, 1, 5),
(29, 2, 4),
(29, 3, 5),
(29, 4, 1),
(29, 5, 2),
(29, 6, 4),
(29, 14, 1),
(29, 15, 1),
(29, 16, 1),
(29, 17, 1),
(29, 18, 1),
(29, 19, 2),
(29, 20, 5),
(29, 21, 4),
(29, 22, 2),
(29, 23, 5),
(29, 24, 2),
(29, 32, 1),
(29, 33, 5),
(29, 34, 5),
(29, 40, 4),
(29, 81, 5),
(29, 82, 5),
(29, 83, 4),
(29, 84, 5),
(29, 85, 5),
(29, 86, 5),
(29, 87, 5),
(29, 88, 2),
(29, 89, 4),
(29, 90, 4),
(29, 91, 5),
(29, 92, 5),
(29, 95, 2),
(29, 98, 4),
(29, 99, 5),
(29, 100, 4),
(29, 101, 5),
(29, 102, 2),
(29, 103, 4),
(29, 110, 2),
(29, 111, 5),
(29, 115, 4),
(30, 1, 5),
(30, 2, 5),
(30, 3, 4),
(30, 4, 4),
(30, 5, 5),
(30, 6, 5),
(30, 14, 4),
(30, 15, 5),
(30, 16, 4),
(30, 17, 4),
(30, 18, 5),
(30, 19, 5),
(30, 20, 5),
(30, 21, 4),
(30, 22, 2),
(30, 23, 5),
(30, 24, 2),
(30, 32, 5),
(30, 33, 4),
(30, 34, 5),
(30, 40, 4),
(30, 81, 2),
(30, 82, 5),
(30, 83, 2),
(30, 84, 5),
(30, 85, 5),
(30, 86, 1),
(30, 87, 5),
(30, 88, 5),
(30, 89, 5),
(30, 90, 5),
(30, 91, 5),
(30, 92, 5),
(30, 95, 2),
(30, 98, 5),
(30, 99, 5),
(30, 100, 4),
(30, 101, 5),
(30, 102, 5),
(30, 103, 4),
(30, 110, 5),
(30, 111, 5),
(30, 115, 5),
(31, 1, 4),
(31, 2, 4),
(31, 3, 4),
(31, 4, 1),
(31, 5, 5),
(31, 6, 4),
(31, 14, 4),
(31, 15, 4),
(31, 16, 1),
(31, 17, 2),
(31, 18, 2),
(31, 19, 1),
(31, 20, 1),
(31, 21, 2),
(31, 22, 2),
(31, 23, 5),
(31, 24, 2),
(31, 32, 5),
(31, 33, 2),
(31, 34, 5),
(31, 40, 2),
(31, 81, 5),
(31, 82, 1),
(31, 83, 5),
(31, 84, 4),
(31, 85, 5),
(31, 86, 4),
(31, 87, 4),
(31, 88, 4),
(31, 89, 5),
(31, 90, 4),
(31, 91, 5),
(31, 92, 2),
(31, 95, 2),
(31, 98, 4),
(31, 99, 5),
(31, 100, 4),
(31, 101, 4),
(31, 102, 1),
(31, 103, 2),
(31, 110, 2),
(31, 111, 1),
(31, 115, 5),
(32, 1, 4),
(32, 2, 2),
(32, 3, 4),
(32, 4, 2),
(32, 5, 2),
(32, 6, 5),
(32, 14, 1),
(32, 15, 2),
(32, 16, 2),
(32, 17, 2),
(32, 18, 2),
(32, 19, 2),
(32, 20, 2),
(32, 21, 1),
(32, 22, 4),
(32, 23, 2),
(32, 24, 2),
(32, 32, 1),
(32, 33, 1),
(32, 34, 4),
(32, 40, 1),
(32, 81, 1),
(32, 82, 5),
(32, 83, 5),
(32, 84, 5),
(32, 85, 5),
(32, 86, 5),
(32, 87, 5),
(32, 88, 5),
(32, 89, 5),
(32, 90, 5),
(32, 91, 5),
(32, 92, 5),
(32, 95, 2),
(32, 98, 1),
(32, 99, 1),
(32, 100, 4),
(32, 101, 5),
(32, 102, 2),
(32, 103, 5),
(32, 110, 4),
(32, 111, 2),
(32, 115, 5),
(33, 1, 5),
(33, 2, 5),
(33, 3, 5),
(33, 4, 5),
(33, 5, 5),
(33, 6, 5),
(33, 14, 2),
(33, 15, 5),
(33, 16, 5),
(33, 17, 5),
(33, 18, 2),
(33, 19, 5),
(33, 20, 5),
(33, 21, 5),
(33, 22, 2),
(33, 23, 5),
(33, 24, 2),
(33, 32, 4),
(33, 33, 4),
(33, 34, 3),
(33, 40, 4),
(33, 81, 5),
(33, 82, 2),
(33, 83, 4),
(33, 84, 4),
(33, 85, 5),
(33, 86, 5),
(33, 87, 5),
(33, 88, 5),
(33, 89, 5),
(33, 90, 4),
(33, 91, 5),
(33, 92, 4),
(33, 95, 4),
(33, 98, 4),
(33, 99, 5),
(33, 100, 4),
(33, 101, 4),
(33, 102, 2),
(33, 103, 5),
(33, 110, 4),
(33, 111, 5),
(33, 115, 5),
(34, 1, 5),
(34, 2, 2),
(34, 3, 4),
(34, 4, 2),
(34, 5, 2),
(34, 6, 4),
(34, 14, 2),
(34, 15, 2),
(34, 16, 1),
(34, 17, 2),
(34, 18, 2),
(34, 19, 1),
(34, 20, 1),
(34, 21, 1),
(34, 22, 1),
(34, 23, 4),
(34, 24, 1),
(34, 32, 1),
(34, 33, 1),
(34, 34, 2),
(34, 40, 2),
(34, 81, 1),
(34, 82, 2),
(34, 83, 5),
(34, 84, 5),
(34, 85, 5),
(34, 86, 5),
(34, 87, 2),
(34, 88, 5),
(34, 89, 5),
(34, 90, 4),
(34, 91, 2),
(34, 92, 2),
(34, 95, 4),
(34, 98, 4),
(34, 99, 5),
(34, 100, 4),
(34, 101, 5),
(34, 102, 5),
(34, 103, 4),
(34, 110, 1),
(34, 111, 1),
(34, 115, 5),
(35, 1, 5),
(35, 2, 5),
(35, 3, 4),
(35, 4, 5),
(35, 5, 5),
(35, 6, 5),
(35, 14, 1),
(35, 15, 4),
(35, 16, 5),
(35, 17, 4),
(35, 18, 2),
(35, 19, 1),
(35, 20, 1),
(35, 21, 1),
(35, 22, 1),
(35, 23, 1),
(35, 24, 1),
(35, 32, 5),
(35, 33, 4),
(35, 34, 5),
(35, 40, 4),
(35, 81, 2),
(35, 82, 5),
(35, 83, 4),
(35, 84, 5),
(35, 85, 5),
(35, 86, 5),
(35, 87, 5),
(35, 88, 5),
(35, 89, 5),
(35, 90, 5),
(35, 91, 2),
(35, 92, 5),
(35, 95, 2),
(35, 98, 4),
(35, 99, 5),
(35, 100, 4),
(35, 101, 5),
(35, 102, 2),
(35, 103, 5),
(35, 110, 1),
(35, 111, 1),
(35, 115, 5),
(36, 1, 5),
(36, 2, 2),
(36, 3, 2),
(36, 4, 2),
(36, 5, 5),
(36, 6, 5),
(36, 14, 2),
(36, 15, 2),
(36, 16, 1),
(36, 17, 4),
(36, 18, 2),
(36, 19, 5),
(36, 20, 1),
(36, 21, 5),
(36, 22, 4),
(36, 23, 2),
(36, 24, 5),
(36, 32, 2),
(36, 33, 2),
(36, 34, 3),
(36, 40, 5),
(36, 81, 1),
(36, 82, 2),
(36, 83, 4),
(36, 84, 2),
(36, 85, 5),
(36, 86, 1),
(36, 87, 2),
(36, 88, 2),
(36, 89, 1),
(36, 90, 1),
(36, 91, 2),
(36, 92, 1),
(36, 95, 2),
(36, 98, 4),
(36, 99, 4),
(36, 100, 1),
(36, 101, 5),
(36, 102, 2),
(36, 103, 4),
(36, 110, 1),
(36, 111, 2),
(36, 115, 4),
(37, 1, 4),
(37, 2, 5),
(37, 3, 4),
(37, 4, 4),
(37, 5, 5),
(37, 6, 5),
(37, 14, 1),
(37, 15, 2),
(37, 16, 1),
(37, 17, 2),
(37, 18, 2),
(37, 19, 2),
(37, 20, 1),
(37, 21, 2),
(37, 22, 2),
(37, 23, 5),
(37, 24, 2),
(37, 32, 5),
(37, 33, 4),
(37, 34, 5),
(37, 40, 4),
(37, 81, 5),
(37, 82, 4),
(37, 83, 4),
(37, 84, 5),
(37, 85, 5),
(37, 86, 5),
(37, 87, 5),
(37, 88, 5),
(37, 89, 5),
(37, 90, 5),
(37, 91, 5),
(37, 92, 4),
(37, 95, 4),
(37, 98, 4),
(37, 99, 5),
(37, 100, 4),
(37, 101, 4),
(37, 102, 2),
(37, 103, 5),
(37, 110, 1),
(37, 111, 2),
(37, 115, 5),
(39, 1, 5),
(39, 2, 2),
(39, 3, 4),
(39, 4, 1),
(39, 5, 5),
(39, 6, 5),
(39, 14, 2),
(39, 15, 4),
(39, 16, 4),
(39, 17, 1),
(39, 18, 5),
(39, 19, 5),
(39, 20, 5),
(39, 21, 5),
(39, 22, 4),
(39, 23, 2),
(39, 24, 5),
(39, 32, 5),
(39, 33, 5),
(39, 34, 5),
(39, 40, 5),
(39, 81, 1),
(39, 82, 5),
(39, 83, 2),
(39, 84, 5),
(39, 85, 5),
(39, 86, 1),
(39, 87, 4),
(39, 88, 2),
(39, 89, 4),
(39, 90, 2),
(39, 91, 2),
(39, 92, 2),
(39, 95, 4),
(39, 98, 4),
(39, 99, 1),
(39, 100, 2),
(39, 101, 5),
(39, 102, 4),
(39, 103, 5),
(39, 110, 5),
(39, 111, 1),
(39, 115, 2),
(40, 1, 5),
(40, 2, 2),
(40, 3, 4),
(40, 4, 1),
(40, 5, 2),
(40, 6, 2),
(40, 14, 5),
(40, 15, 4),
(40, 16, 5),
(40, 17, 5),
(40, 18, 2),
(40, 19, 2),
(40, 20, 5),
(40, 21, 5),
(40, 22, 4),
(40, 23, 1),
(40, 24, 5),
(40, 32, 2),
(40, 33, 4),
(40, 34, 4),
(40, 40, 2),
(40, 81, 4),
(40, 82, 4),
(40, 83, 4),
(40, 84, 4),
(40, 85, 5),
(40, 86, 4),
(40, 87, 2),
(40, 88, 5),
(40, 89, 5),
(40, 90, 4),
(40, 91, 4),
(40, 92, 5),
(40, 95, 2),
(40, 98, 5),
(40, 99, 1),
(40, 100, 2),
(40, 101, 5),
(40, 102, 2),
(40, 103, 5),
(40, 110, 1),
(40, 111, 1),
(40, 115, 5),
(41, 1, 5),
(41, 2, 5),
(41, 3, 2),
(41, 4, 2),
(41, 5, 5),
(41, 6, 4),
(41, 14, 1),
(41, 15, 2),
(41, 16, 2),
(41, 17, 2),
(41, 18, 1),
(41, 19, 5),
(41, 20, 2),
(41, 21, 2),
(41, 22, 5),
(41, 23, 1),
(41, 24, 2),
(41, 32, 1),
(41, 33, 2),
(41, 34, 4),
(41, 40, 4),
(41, 81, 5),
(41, 82, 2),
(41, 83, 4),
(41, 84, 2),
(41, 85, 2),
(41, 86, 2),
(41, 87, 5),
(41, 88, 2),
(41, 89, 5),
(41, 90, 4),
(41, 91, 5),
(41, 92, 4),
(41, 95, 2),
(41, 98, 2),
(41, 99, 1),
(41, 100, 1),
(41, 101, 1),
(41, 102, 5),
(41, 103, 5),
(41, 110, 4),
(41, 111, 5),
(41, 115, 1),
(42, 1, 4),
(42, 2, 4),
(42, 3, 4),
(42, 4, 1),
(42, 5, 5),
(42, 6, 5),
(42, 14, 1),
(42, 15, 1),
(42, 16, 2),
(42, 17, 2),
(42, 18, 2),
(42, 19, 5),
(42, 20, 2),
(42, 21, 1),
(42, 22, 5),
(42, 23, 1),
(42, 24, 1),
(42, 32, 5),
(42, 33, 5),
(42, 34, 4),
(42, 40, 1),
(42, 81, 1),
(42, 82, 1),
(42, 83, 2),
(42, 84, 1),
(42, 85, 1),
(42, 86, 1),
(42, 87, 1),
(42, 88, 5),
(42, 89, 5),
(42, 90, 2),
(42, 91, 2),
(42, 92, 4),
(42, 95, 2),
(42, 98, 5),
(42, 99, 1),
(42, 100, 5),
(42, 101, 5),
(42, 102, 4),
(42, 103, 2),
(42, 110, 4),
(42, 111, 1),
(42, 115, 1),
(43, 1, 5),
(43, 2, 4),
(43, 3, 4),
(43, 4, 5),
(43, 5, 5),
(43, 6, 4),
(43, 14, 1),
(43, 15, 2),
(43, 16, 4),
(43, 17, 4),
(43, 18, 2),
(43, 19, 5),
(43, 20, 1),
(43, 21, 1),
(43, 22, 1),
(43, 23, 1),
(43, 24, 1),
(43, 32, 5),
(43, 33, 5),
(43, 34, 1),
(43, 40, 4),
(43, 81, 1),
(43, 82, 5),
(43, 83, 5),
(43, 84, 4),
(43, 85, 2),
(43, 86, 4),
(43, 87, 4),
(43, 88, 5),
(43, 89, 5),
(43, 90, 4),
(43, 91, 2),
(43, 92, 2),
(43, 95, 2),
(43, 98, 4),
(43, 99, 2),
(43, 100, 5),
(43, 101, 5),
(43, 102, 5),
(43, 103, 4),
(43, 110, 1),
(43, 111, 1),
(43, 115, 5),
(44, 1, 5),
(44, 2, 5),
(44, 3, 4),
(44, 4, 4),
(44, 5, 5),
(44, 6, 4),
(44, 14, 1),
(44, 15, 5),
(44, 16, 4),
(44, 17, 1),
(44, 18, 5),
(44, 19, 2),
(44, 20, 5),
(44, 21, 5),
(44, 22, 4),
(44, 23, 5),
(44, 24, 2),
(44, 32, 2),
(44, 33, 1),
(44, 34, 3),
(44, 40, 4),
(44, 81, 5),
(44, 82, 2),
(44, 83, 2),
(44, 84, 4),
(44, 85, 2),
(44, 86, 5),
(44, 87, 1),
(44, 88, 1),
(44, 89, 5),
(44, 90, 5),
(44, 91, 2),
(44, 92, 5),
(44, 95, 2),
(44, 98, 4),
(44, 99, 5),
(44, 100, 4),
(44, 101, 5),
(44, 102, 2),
(44, 103, 5),
(44, 110, 5),
(44, 111, 1),
(44, 115, 2),
(45, 1, 2),
(45, 2, 4),
(45, 3, 4),
(45, 4, 2),
(45, 5, 2),
(45, 6, 2),
(45, 14, 1),
(45, 15, 5),
(45, 16, 2),
(45, 17, 4),
(45, 18, 1),
(45, 19, 4),
(45, 20, 1),
(45, 21, 5),
(45, 22, 2),
(45, 23, 2),
(45, 24, 4),
(45, 32, 1),
(45, 33, 2),
(45, 34, 1),
(45, 40, 1),
(45, 81, 5),
(45, 82, 1),
(45, 83, 4),
(45, 84, 2),
(45, 85, 2),
(45, 86, 4),
(45, 87, 1),
(45, 88, 2),
(45, 89, 1),
(45, 90, 2),
(45, 91, 4),
(45, 92, 2),
(45, 95, 2),
(45, 98, 4),
(45, 99, 4),
(45, 100, 4),
(45, 101, 2),
(45, 102, 2),
(45, 103, 1),
(45, 110, 1),
(45, 111, 2),
(45, 115, 4),
(46, 1, 4),
(46, 2, 4),
(46, 3, 4),
(46, 4, 5),
(46, 5, 5),
(46, 6, 5),
(46, 14, 2),
(46, 15, 2),
(46, 16, 2),
(46, 17, 2),
(46, 18, 2),
(46, 19, 5),
(46, 20, 5),
(46, 21, 1),
(46, 22, 2),
(46, 23, 5),
(46, 24, 2),
(46, 32, 5),
(46, 33, 5),
(46, 34, 1),
(46, 40, 5),
(46, 81, 1),
(46, 82, 2),
(46, 83, 2),
(46, 84, 2),
(46, 85, 4),
(46, 86, 1),
(46, 87, 2),
(46, 88, 2),
(46, 89, 3),
(46, 90, 2),
(46, 91, 4),
(46, 92, 2),
(46, 95, 2),
(46, 98, 4),
(46, 99, 5),
(46, 100, 4),
(46, 101, 5),
(46, 102, 5),
(46, 103, 4),
(46, 110, 2),
(46, 111, 5),
(46, 115, 4),
(47, 1, 4),
(47, 2, 4),
(47, 3, 5),
(47, 4, 4),
(47, 5, 5),
(47, 6, 5),
(47, 14, 2),
(47, 15, 4),
(47, 16, 2),
(47, 17, 4),
(47, 18, 2),
(47, 19, 5),
(47, 20, 5),
(47, 21, 4),
(47, 22, 2),
(47, 23, 5),
(47, 24, 2),
(47, 32, 5),
(47, 33, 2),
(47, 34, 5),
(47, 40, 4),
(47, 81, 2),
(47, 82, 5),
(47, 83, 4),
(47, 84, 4),
(47, 85, 5),
(47, 86, 5),
(47, 87, 5),
(47, 88, 5),
(47, 89, 4),
(47, 90, 4),
(47, 91, 5),
(47, 92, 4),
(47, 95, 2),
(47, 98, 1),
(47, 99, 1),
(47, 100, 5),
(47, 101, 5),
(47, 102, 5),
(47, 103, 5),
(47, 110, 2),
(47, 111, 5),
(47, 115, 5),
(50, 1, 5),
(50, 2, 4),
(50, 3, 4),
(50, 4, 2),
(50, 5, 2),
(50, 6, 5),
(50, 14, 1),
(50, 15, 5),
(50, 16, 2),
(50, 17, 4),
(50, 18, 5),
(50, 19, 2),
(50, 20, 5),
(50, 21, 5),
(50, 22, 2),
(50, 23, 2),
(50, 24, 2),
(50, 32, 2),
(50, 33, 2),
(50, 34, 4),
(50, 40, 4),
(50, 81, 2),
(50, 82, 5),
(50, 83, 2),
(50, 84, 4),
(50, 85, 4),
(50, 86, 5),
(50, 87, 4),
(50, 88, 2),
(50, 89, 4),
(50, 90, 4),
(50, 91, 4),
(50, 92, 4),
(50, 95, 2),
(50, 98, 2),
(50, 99, 1),
(50, 100, 4),
(50, 101, 2),
(50, 102, 2),
(50, 103, 4),
(50, 110, 5),
(50, 111, 5),
(50, 115, 4),
(51, 1, 2),
(51, 2, 5),
(51, 3, 4),
(51, 4, 2),
(51, 5, 5),
(51, 6, 4),
(51, 14, 2),
(51, 15, 5),
(51, 16, 2),
(51, 17, 4),
(51, 18, 2),
(51, 19, 4),
(51, 20, 5),
(51, 21, 2),
(51, 22, 2),
(51, 23, 2),
(51, 24, 2),
(51, 32, 1),
(51, 33, 2),
(51, 34, 1),
(51, 40, 4),
(51, 81, 4),
(51, 82, 5),
(51, 83, 4),
(51, 84, 4),
(51, 85, 4),
(51, 86, 1),
(51, 87, 3),
(51, 88, 2),
(51, 89, 4),
(51, 90, 4),
(51, 91, 4),
(51, 92, 4),
(51, 95, 2),
(51, 98, 4),
(51, 99, 5),
(51, 100, 4),
(51, 101, 5),
(51, 102, 2),
(51, 103, 5),
(51, 110, 2),
(51, 111, 1),
(51, 115, 5),
(52, 1, 5),
(52, 2, 2),
(52, 3, 5),
(52, 4, 2),
(52, 5, 2),
(52, 6, 4),
(52, 14, 2),
(52, 15, 2),
(52, 16, 4),
(52, 17, 2),
(52, 18, 5),
(52, 19, 4),
(52, 20, 4),
(52, 21, 4),
(52, 22, 2),
(52, 23, 2),
(52, 24, 4),
(52, 32, 1),
(52, 33, 1),
(52, 34, 4),
(52, 40, 5),
(52, 81, 1),
(52, 82, 4),
(52, 83, 2),
(52, 84, 2),
(52, 85, 4),
(52, 86, 5),
(52, 87, 2),
(52, 88, 2),
(52, 89, 5),
(52, 90, 2),
(52, 91, 2),
(52, 92, 2),
(52, 95, 2),
(52, 98, 2),
(52, 99, 1),
(52, 100, 5),
(52, 101, 4),
(52, 102, 2),
(52, 103, 2),
(52, 110, 1),
(52, 111, 1),
(52, 115, 5),
(53, 1, 4),
(53, 2, 2),
(53, 3, 4),
(53, 4, 4),
(53, 5, 2),
(53, 6, 2),
(53, 14, 2),
(53, 15, 2),
(53, 16, 1),
(53, 17, 1),
(53, 18, 2),
(53, 19, 1),
(53, 20, 4),
(53, 21, 1),
(53, 22, 5),
(53, 23, 1),
(53, 24, 1),
(53, 32, 1),
(53, 33, 2),
(53, 34, 3),
(53, 40, 2),
(53, 81, 5),
(53, 82, 2),
(53, 83, 1),
(53, 84, 2),
(53, 85, 4),
(53, 86, 1),
(53, 87, 2),
(53, 88, 2),
(53, 89, 4),
(53, 90, 2),
(53, 91, 2),
(53, 92, 1),
(53, 95, 2),
(53, 98, 4),
(53, 99, 4),
(53, 100, 2),
(53, 101, 5),
(53, 102, 4),
(53, 103, 4),
(53, 110, 1),
(53, 111, 2),
(53, 115, 1),
(54, 1, 4),
(54, 2, 2),
(54, 3, 4),
(54, 4, 5),
(54, 5, 2),
(54, 6, 4),
(54, 14, 1),
(54, 15, 2),
(54, 16, 2),
(54, 17, 1),
(54, 18, 2),
(54, 19, 5),
(54, 20, 2),
(54, 21, 1),
(54, 22, 5),
(54, 23, 2),
(54, 24, 4),
(54, 32, 1),
(54, 33, 2),
(54, 34, 2),
(54, 40, 1),
(54, 81, 1),
(54, 82, 5),
(54, 83, 4),
(54, 84, 5),
(54, 85, 5),
(54, 86, 5),
(54, 87, 5),
(54, 88, 2),
(54, 89, 4),
(54, 90, 5),
(54, 91, 2),
(54, 92, 5),
(54, 95, 5),
(54, 98, 2),
(54, 99, 4),
(54, 100, 4),
(54, 101, 4),
(54, 102, 5),
(54, 103, 2),
(54, 110, 2),
(54, 111, 2),
(54, 115, 4),
(55, 1, 2),
(55, 2, 4),
(55, 3, 4),
(55, 4, 2),
(55, 5, 5),
(55, 6, 5),
(55, 14, 1),
(55, 15, 2),
(55, 16, 1),
(55, 17, 4),
(55, 18, 4),
(55, 19, 4),
(55, 20, 5),
(55, 21, 4),
(55, 22, 2),
(55, 23, 5),
(55, 24, 2),
(55, 32, 5),
(55, 33, 5),
(55, 34, 2),
(55, 40, 5),
(55, 81, 1),
(55, 82, 1),
(55, 83, 4),
(55, 84, 5),
(55, 85, 4),
(55, 86, 1),
(55, 87, 4),
(55, 88, 5),
(55, 89, 5),
(55, 90, 4),
(55, 91, 5),
(55, 92, 5),
(55, 95, 2),
(55, 98, 4),
(55, 99, 5),
(55, 100, 2),
(55, 101, 5),
(55, 102, 4),
(55, 103, 5),
(55, 110, 1),
(55, 111, 2),
(55, 115, 4),
(56, 1, 4),
(56, 2, 2),
(56, 3, 4),
(56, 4, 4),
(56, 5, 2),
(56, 6, 4),
(56, 14, 1),
(56, 15, 1),
(56, 16, 1),
(56, 17, 1),
(56, 18, 1),
(56, 19, 1),
(56, 20, 1),
(56, 21, 1),
(56, 22, 1),
(56, 23, 1),
(56, 24, 1),
(56, 32, 1),
(56, 33, 1),
(56, 34, 1),
(56, 40, 1),
(56, 81, 1),
(56, 82, 1),
(56, 83, 1),
(56, 84, 1),
(56, 85, 1),
(56, 86, 1),
(56, 87, 1),
(56, 88, 1),
(56, 89, 1),
(56, 90, 1),
(56, 91, 1),
(56, 92, 1),
(56, 95, 1),
(56, 98, 1),
(56, 99, 1),
(56, 100, 1),
(56, 101, 1),
(56, 102, 1),
(56, 103, 1),
(56, 110, 1),
(56, 111, 1),
(56, 115, 1),
(57, 1, 5),
(57, 2, 4),
(57, 3, 4),
(57, 4, 1),
(57, 5, 2),
(57, 6, 5),
(57, 14, 2),
(57, 15, 4),
(57, 16, 5),
(57, 17, 5),
(57, 18, 4),
(57, 19, 4),
(57, 20, 2),
(57, 21, 4),
(57, 22, 4),
(57, 23, 4),
(57, 24, 4),
(57, 32, 5),
(57, 33, 2),
(57, 34, 1),
(57, 40, 5),
(57, 81, 1),
(57, 82, 1),
(57, 83, 1),
(57, 84, 5),
(57, 85, 1),
(57, 86, 1),
(57, 87, 1),
(57, 88, 2),
(57, 89, 2),
(57, 90, 2),
(57, 91, 2),
(57, 92, 2),
(57, 95, 5),
(57, 98, 1),
(57, 99, 5),
(57, 100, 4),
(57, 101, 5),
(57, 102, 2),
(57, 103, 4),
(57, 110, 4),
(57, 111, 2),
(57, 115, 2),
(58, 1, 1),
(58, 2, 1),
(58, 3, 1),
(58, 4, 1),
(58, 5, 1),
(58, 6, 1),
(58, 14, 5),
(58, 15, 4),
(58, 16, 1),
(58, 17, 4),
(58, 18, 2),
(58, 19, 1),
(58, 20, 5),
(58, 21, 2),
(58, 22, 2),
(58, 23, 2),
(58, 24, 2),
(58, 32, 5),
(58, 33, 2),
(58, 34, 2),
(58, 40, 5),
(58, 81, 5),
(58, 82, 1),
(58, 83, 1),
(58, 84, 1),
(58, 85, 1),
(58, 86, 1),
(58, 87, 1),
(58, 88, 1),
(58, 89, 1),
(58, 90, 1),
(58, 91, 1),
(58, 92, 1),
(58, 95, 2),
(58, 98, 4),
(58, 99, 1),
(58, 100, 4),
(58, 101, 1),
(58, 102, 5),
(58, 103, 5),
(58, 110, 1),
(58, 111, 5),
(58, 115, 1),
(59, 1, 4),
(59, 2, 5),
(59, 3, 4),
(59, 4, 2),
(59, 5, 2),
(59, 6, 5),
(59, 14, 2),
(59, 15, 2),
(59, 16, 2),
(59, 17, 4),
(59, 18, 5),
(59, 19, 2),
(59, 20, 5),
(59, 21, 4),
(59, 22, 2),
(59, 23, 2),
(59, 24, 2),
(59, 32, 1),
(59, 33, 5),
(59, 34, 4),
(59, 40, 2),
(59, 81, 1),
(59, 82, 2),
(59, 83, 4),
(59, 84, 5),
(59, 85, 5),
(59, 86, 4),
(59, 87, 1),
(59, 88, 2),
(59, 89, 5),
(59, 90, 4),
(59, 91, 4),
(59, 92, 4),
(59, 95, 5),
(59, 98, 4),
(59, 99, 5),
(59, 100, 5),
(59, 101, 5),
(59, 102, 2),
(59, 103, 5),
(59, 110, 2),
(59, 111, 2),
(59, 115, 4),
(60, 1, 5),
(60, 2, 4),
(60, 3, 4),
(60, 4, 2),
(60, 5, 2),
(60, 6, 4),
(60, 14, 2),
(60, 15, 4),
(60, 16, 2),
(60, 17, 2),
(60, 18, 4),
(60, 19, 5),
(60, 20, 5),
(60, 21, 2),
(60, 22, 4),
(60, 23, 5),
(60, 24, 4),
(60, 32, 1),
(60, 33, 5),
(60, 34, 5),
(60, 40, 1),
(60, 81, 1),
(60, 82, 1),
(60, 83, 2),
(60, 84, 2),
(60, 85, 1),
(60, 86, 1),
(60, 87, 1),
(60, 88, 2),
(60, 89, 4),
(60, 90, 1),
(60, 91, 4),
(60, 92, 2),
(60, 95, 2),
(60, 98, 1),
(60, 99, 4),
(60, 100, 5),
(60, 101, 2),
(60, 102, 2),
(60, 103, 1),
(60, 110, 4),
(60, 111, 4),
(60, 115, 2),
(61, 1, 4),
(61, 2, 5),
(61, 3, 5),
(61, 4, 4),
(61, 5, 5),
(61, 6, 4),
(61, 14, 1),
(61, 15, 2),
(61, 16, 1),
(61, 17, 2),
(61, 18, 2),
(61, 19, 2),
(61, 20, 2),
(61, 21, 5),
(61, 22, 4),
(61, 23, 5),
(61, 24, 4),
(61, 32, 5),
(61, 33, 5),
(61, 34, 5),
(61, 40, 4),
(61, 81, 2),
(61, 82, 5),
(61, 83, 5),
(61, 84, 4),
(61, 85, 2),
(61, 86, 5),
(61, 87, 2),
(61, 88, 5),
(61, 89, 5),
(61, 90, 4),
(61, 91, 4),
(61, 92, 1),
(61, 95, 2),
(61, 98, 4),
(61, 99, 4),
(61, 100, 5),
(61, 101, 5),
(61, 102, 5),
(61, 103, 4),
(61, 110, 5),
(61, 111, 5),
(61, 115, 5),
(62, 1, 4),
(62, 2, 4),
(62, 3, 2),
(62, 4, 1),
(62, 5, 2),
(62, 6, 2),
(62, 14, 2),
(62, 15, 5),
(62, 16, 2),
(62, 17, 1),
(62, 18, 2),
(62, 19, 4),
(62, 20, 2),
(62, 21, 1),
(62, 22, 1),
(62, 23, 2),
(62, 24, 1),
(62, 32, 5),
(62, 33, 2),
(62, 34, 2),
(62, 40, 4),
(62, 81, 2),
(62, 82, 5),
(62, 83, 5),
(62, 84, 2),
(62, 85, 4),
(62, 86, 1),
(62, 87, 2),
(62, 88, 2),
(62, 89, 1),
(62, 90, 1),
(62, 91, 4),
(62, 92, 5),
(62, 95, 2),
(62, 98, 5),
(62, 99, 4),
(62, 100, 5),
(62, 101, 5),
(62, 102, 4),
(62, 103, 5),
(62, 110, 1),
(62, 111, 4),
(62, 115, 2);

-- --------------------------------------------------------

--
-- Table structure for table `administradores`
--

CREATE TABLE IF NOT EXISTS `administradores` (
  `codAdministrador` int(11) NOT NULL AUTO_INCREMENT,
  `email` varchar(45) NOT NULL,
  `senha` varchar(45) NOT NULL,
  `nome` varchar(45) NOT NULL,
  PRIMARY KEY (`codAdministrador`),
  UNIQUE KEY `email_UNIQUE` (`email`)
) ENGINE=InnoDB DEFAULT CHARSET=latin1 AUTO_INCREMENT=1 ;

-- --------------------------------------------------------

--
-- Table structure for table `cities`
--

CREATE TABLE IF NOT EXISTS `cities` (
  `id` int(10) unsigned NOT NULL AUTO_INCREMENT,
  `name` varchar(120) COLLATE utf8_unicode_ci NOT NULL,
  `state_id` int(10) unsigned NOT NULL,
  PRIMARY KEY (`id`),
  KEY `cities_state_id_foreign` (`state_id`)
) ENGINE=InnoDB  DEFAULT CHARSET=utf8 COLLATE=utf8_unicode_ci AUTO_INCREMENT=5565 ;

--
-- Dumping data for table `cities`
--

INSERT INTO `cities` (`id`, `name`, `state_id`) VALUES
(1, 'Afonso Cláudio', 8),
(2, 'Água Doce do Norte', 8),
(3, 'Águia Branca', 8),
(4, 'Alegre', 8),
(5, 'Alfredo Chaves', 8),
(6, 'Alto Rio Novo', 8),
(7, 'Anchieta', 8),
(8, 'Apiacá', 8),
(9, 'Aracruz', 8),
(10, 'Atilio Vivacqua', 8),
(11, 'Baixo Guandu', 8),
(12, 'Barra de São Francisco', 8),
(13, 'Boa Esperança', 8),
(14, 'Bom Jesus do Norte', 8),
(15, 'Brejetuba', 8),
(16, 'Cachoeiro de Itapemirim', 8),
(17, 'Cariacica', 8),
(18, 'Castelo', 8),
(19, 'Colatina', 8),
(20, 'Conceição da Barra', 8),
(21, 'Conceição do Castelo', 8),
(22, 'Divino de São Lourenço', 8),
(23, 'Domingos Martins', 8),
(24, 'Dores do Rio Preto', 8),
(25, 'Ecoporanga', 8),
(26, 'Fundão', 8),
(27, 'Governador Lindenberg', 8),
(28, 'Guaçuí', 8),
(29, 'Guarapari', 8),
(30, 'Ibatiba', 8),
(31, 'Ibiraçu', 8),
(32, 'Ibitirama', 8),
(33, 'Iconha', 8),
(34, 'Irupi', 8),
(35, 'Itaguaçu', 8),
(36, 'Itapemirim', 8),
(37, 'Itarana', 8),
(38, 'Iúna', 8),
(39, 'Jaguaré', 8),
(40, 'Jerônimo Monteiro', 8),
(41, 'João Neiva', 8),
(42, 'Laranja da Terra', 8),
(43, 'Linhares', 8),
(44, 'Mantenópolis', 8),
(45, 'Marataízes', 8),
(46, 'Marechal Floriano', 8),
(47, 'Marilândia', 8),
(48, 'Mimoso do Sul', 8),
(49, 'Montanha', 8),
(50, 'Mucurici', 8),
(51, 'Muniz Freire', 8),
(52, 'Muqui', 8),
(53, 'Nova Venécia', 8),
(54, 'Pancas', 8),
(55, 'Pedro Canário', 8),
(56, 'Pinheiros', 8),
(57, 'Piúma', 8),
(58, 'Ponto Belo', 8),
(59, 'Presidente Kennedy', 8),
(60, 'Rio Bananal', 8),
(61, 'Rio Novo do Sul', 8),
(62, 'Santa Leopoldina', 8),
(63, 'Santa Maria de Jetibá', 8),
(64, 'Santa Teresa', 8),
(65, 'São Domingos do Norte', 8),
(66, 'São Gabriel da Palha', 8),
(67, 'São José do Calçado', 8),
(68, 'São Mateus', 8),
(69, 'São Roque do Canaã', 8),
(70, 'Serra', 8),
(71, 'Sooretama', 8),
(72, 'Vargem Alta', 8),
(73, 'Venda Nova do Imigrante', 8),
(74, 'Viana', 8),
(75, 'Vila Pavão', 8),
(76, 'Vila Valério', 8),
(77, 'Vila Velha', 8),
(78, 'Vitória', 8),
(79, 'Acrelândia', 1),
(80, 'Assis Brasil', 1),
(81, 'Brasiléia', 1),
(82, 'Bujari', 1),
(83, 'Capixaba', 1),
(84, 'Cruzeiro do Sul', 1),
(85, 'Epitaciolândia', 1),
(86, 'Feijó', 1),
(87, 'Jordão', 1),
(88, 'Mâncio Lima', 1),
(89, 'Manoel Urbano', 1),
(90, 'Marechal Thaumaturgo', 1),
(91, 'Plácido de Castro', 1),
(92, 'Porto Acre', 1),
(93, 'Porto Walter', 1),
(94, 'Rio Branco', 1),
(95, 'Rodrigues Alves', 1),
(96, 'Santa Rosa do Purus', 1),
(97, 'Sena Madureira', 1),
(98, 'Senador Guiomard', 1),
(99, 'Tarauacá', 1),
(100, 'Xapuri', 1),
(101, 'Água Branca', 2),
(102, 'Anadia', 2),
(103, 'Arapiraca', 2),
(104, 'Atalaia', 2),
(105, 'Barra de Santo Antônio', 2),
(106, 'Barra de São Miguel', 2),
(107, 'Batalha', 2),
(108, 'Belém', 2),
(109, 'Belo Monte', 2),
(110, 'Boca da Mata', 2),
(111, 'Branquinha', 2),
(112, 'Cacimbinhas', 2),
(113, 'Cajueiro', 2),
(114, 'Campestre', 2),
(115, 'Campo Alegre', 2),
(116, 'Campo Grande', 2),
(117, 'Canapi', 2),
(118, 'Capela', 2),
(119, 'Carneiros', 2),
(120, 'Chã Preta', 2),
(121, 'Coité do Nóia', 2),
(122, 'Colônia Leopoldina', 2),
(123, 'Coqueiro Seco', 2),
(124, 'Coruripe', 2),
(125, 'Craíbas', 2),
(126, 'Delmiro Gouveia', 2),
(127, 'Dois Riachos', 2),
(128, 'Estrela de Alagoas', 2),
(129, 'Feira Grande', 2),
(130, 'Feliz Deserto', 2),
(131, 'Flexeiras', 2),
(132, 'Girau do Ponciano', 2),
(133, 'Ibateguara', 2),
(134, 'Igaci', 2),
(135, 'Igreja Nova', 2),
(136, 'Inhapi', 2),
(137, 'Jacaré dos Homens', 2),
(138, 'Jacuípe', 2),
(139, 'Japaratinga', 2),
(140, 'Jaramataia', 2),
(141, 'Jequiá da Praia', 2),
(142, 'Joaquim Gomes', 2),
(143, 'Jundiá', 2),
(144, 'Junqueiro', 2),
(145, 'Lagoa da Canoa', 2),
(146, 'Limoeiro de Anadia', 2),
(147, 'Maceió', 2),
(148, 'Major Isidoro', 2),
(149, 'Mar Vermelho', 2),
(150, 'Maragogi', 2),
(151, 'Maravilha', 2),
(152, 'Marechal Deodoro', 2),
(153, 'Maribondo', 2),
(154, 'Mata Grande', 2),
(155, 'Matriz de Camaragibe', 2),
(156, 'Messias', 2),
(157, 'Minador do Negrão', 2),
(158, 'Monteirópolis', 2),
(159, 'Murici', 2),
(160, 'Novo Lino', 2),
(161, 'Olho d`Água das Flores', 2),
(162, 'Olho d`Água do Casado', 2),
(163, 'Olho d`Água Grande', 2),
(164, 'Olivença', 2),
(165, 'Ouro Branco', 2),
(166, 'Palestina', 2),
(167, 'Palmeira dos Índios', 2),
(168, 'Pão de Açúcar', 2),
(169, 'Pariconha', 2),
(170, 'Paripueira', 2),
(171, 'Passo de Camaragibe', 2),
(172, 'Paulo Jacinto', 2),
(173, 'Penedo', 2),
(174, 'Piaçabuçu', 2),
(175, 'Pilar', 2),
(176, 'Pindoba', 2),
(177, 'Piranhas', 2),
(178, 'Poço das Trincheiras', 2),
(179, 'Porto Calvo', 2),
(180, 'Porto de Pedras', 2),
(181, 'Porto Real do Colégio', 2),
(182, 'Quebrangulo', 2),
(183, 'Rio Largo', 2),
(184, 'Roteiro', 2),
(185, 'Santa Luzia do Norte', 2),
(186, 'Santana do Ipanema', 2),
(187, 'Santana do Mundaú', 2),
(188, 'São Brás', 2),
(189, 'São José da Laje', 2),
(190, 'São José da Tapera', 2),
(191, 'São Luís do Quitunde', 2),
(192, 'São Miguel dos Campos', 2),
(193, 'São Miguel dos Milagres', 2),
(194, 'São Sebastião', 2),
(195, 'Satuba', 2),
(196, 'Senador Rui Palmeira', 2),
(197, 'Tanque d`Arca', 2),
(198, 'Taquarana', 2),
(199, 'Teotônio Vilela', 2),
(200, 'Traipu', 2),
(201, 'União dos Palmares', 2),
(202, 'Viçosa', 2),
(203, 'Amapá', 4),
(204, 'Calçoene', 4),
(205, 'Cutias', 4),
(206, 'Ferreira Gomes', 4),
(207, 'Itaubal', 4),
(208, 'Laranjal do Jari', 4),
(209, 'Macapá', 4),
(210, 'Mazagão', 4),
(211, 'Oiapoque', 4),
(212, 'Pedra Branca do Amaparí', 4),
(213, 'Porto Grande', 4),
(214, 'Pracuúba', 4),
(215, 'Santana', 4),
(216, 'Serra do Navio', 4),
(217, 'Tartarugalzinho', 4),
(218, 'Vitória do Jari', 4),
(219, 'Alvarães', 3),
(220, 'Amaturá', 3),
(221, 'Anamã', 3),
(222, 'Anori', 3),
(223, 'Apuí', 3),
(224, 'Atalaia do Norte', 3),
(225, 'Autazes', 3),
(226, 'Barcelos', 3),
(227, 'Barreirinha', 3),
(228, 'Benjamin Constant', 3),
(229, 'Beruri', 3),
(230, 'Boa Vista do Ramos', 3),
(231, 'Boca do Acre', 3),
(232, 'Borba', 3),
(233, 'Caapiranga', 3),
(234, 'Canutama', 3),
(235, 'Carauari', 3),
(236, 'Careiro', 3),
(237, 'Careiro da Várzea', 3),
(238, 'Coari', 3),
(239, 'Codajás', 3),
(240, 'Eirunepé', 3),
(241, 'Envira', 3),
(242, 'Fonte Boa', 3),
(243, 'Guajará', 3),
(244, 'Humaitá', 3),
(245, 'Ipixuna', 3),
(246, 'Iranduba', 3),
(247, 'Itacoatiara', 3),
(248, 'Itamarati', 3),
(249, 'Itapiranga', 3),
(250, 'Japurá', 3),
(251, 'Juruá', 3),
(252, 'Jutaí', 3),
(253, 'Lábrea', 3),
(254, 'Manacapuru', 3),
(255, 'Manaquiri', 3),
(256, 'Manaus', 3),
(257, 'Manicoré', 3),
(258, 'Maraã', 3),
(259, 'Maués', 3),
(260, 'Nhamundá', 3),
(261, 'Nova Olinda do Norte', 3),
(262, 'Novo Airão', 3),
(263, 'Novo Aripuanã', 3),
(264, 'Parintins', 3),
(265, 'Pauini', 3),
(266, 'Presidente Figueiredo', 3),
(267, 'Rio Preto da Eva', 3),
(268, 'Santa Isabel do Rio Negro', 3),
(269, 'Santo Antônio do Içá', 3),
(270, 'São Gabriel da Cachoeira', 3),
(271, 'São Paulo de Olivença', 3),
(272, 'São Sebastião do Uatumã', 3),
(273, 'Silves', 3),
(274, 'Tabatinga', 3),
(275, 'Tapauá', 3),
(276, 'Tefé', 3),
(277, 'Tonantins', 3),
(278, 'Uarini', 3),
(279, 'Urucará', 3),
(280, 'Urucurituba', 3),
(281, 'Abaíra', 5),
(282, 'Abaré', 5),
(283, 'Acajutiba', 5),
(284, 'Adustina', 5),
(285, 'Água Fria', 5),
(286, 'Aiquara', 5),
(287, 'Alagoinhas', 5),
(288, 'Alcobaça', 5),
(289, 'Almadina', 5),
(290, 'Amargosa', 5),
(291, 'Amélia Rodrigues', 5),
(292, 'América Dourada', 5),
(293, 'Anagé', 5),
(294, 'Andaraí', 5),
(295, 'Andorinha', 5),
(296, 'Angical', 5),
(297, 'Anguera', 5),
(298, 'Antas', 5),
(299, 'Antônio Cardoso', 5),
(300, 'Antônio Gonçalves', 5),
(301, 'Aporá', 5),
(302, 'Apuarema', 5),
(303, 'Araças', 5),
(304, 'Aracatu', 5),
(305, 'Araci', 5),
(306, 'Aramari', 5),
(307, 'Arataca', 5),
(308, 'Aratuípe', 5),
(309, 'Aurelino Leal', 5),
(310, 'Baianópolis', 5),
(311, 'Baixa Grande', 5),
(312, 'Banzaê', 5),
(313, 'Barra', 5),
(314, 'Barra da Estiva', 5),
(315, 'Barra do Choça', 5),
(316, 'Barra do Mendes', 5),
(317, 'Barra do Rocha', 5),
(318, 'Barreiras', 5),
(319, 'Barro Alto', 5),
(320, 'Barro Preto (antigo Gov. Lomanto Jr.)', 5),
(321, 'Barrocas', 5),
(322, 'Belmonte', 5),
(323, 'Belo Campo', 5),
(324, 'Biritinga', 5),
(325, 'Boa Nova', 5),
(326, 'Boa Vista do Tupim', 5),
(327, 'Bom Jesus da Lapa', 5),
(328, 'Bom Jesus da Serra', 5),
(329, 'Boninal', 5),
(330, 'Bonito', 5),
(331, 'Boquira', 5),
(332, 'Botuporã', 5),
(333, 'Brejões', 5),
(334, 'Brejolândia', 5),
(335, 'Brotas de Macaúbas', 5),
(336, 'Brumado', 5),
(337, 'Buerarema', 5),
(338, 'Buritirama', 5),
(339, 'Caatiba', 5),
(340, 'Cabaceiras do Paraguaçu', 5),
(341, 'Cachoeira', 5),
(342, 'Caculé', 5),
(343, 'Caém', 5),
(344, 'Caetanos', 5),
(345, 'Caetité', 5),
(346, 'Cafarnaum', 5),
(347, 'Cairu', 5),
(348, 'Caldeirão Grande', 5),
(349, 'Camacan', 5),
(350, 'Camaçari', 5),
(351, 'Camamu', 5),
(352, 'Campo Alegre de Lourdes', 5),
(353, 'Campo Formoso', 5),
(354, 'Canápolis', 5),
(355, 'Canarana', 5),
(356, 'Canavieiras', 5),
(357, 'Candeal', 5),
(358, 'Candeias', 5),
(359, 'Candiba', 5),
(360, 'Cândido Sales', 5),
(361, 'Cansanção', 5),
(362, 'Canudos', 5),
(363, 'Capela do Alto Alegre', 5),
(364, 'Capim Grosso', 5),
(365, 'Caraíbas', 5),
(366, 'Caravelas', 5),
(367, 'Cardeal da Silva', 5),
(368, 'Carinhanha', 5),
(369, 'Casa Nova', 5),
(370, 'Castro Alves', 5),
(371, 'Catolândia', 5),
(372, 'Catu', 5),
(373, 'Caturama', 5),
(374, 'Central', 5),
(375, 'Chorrochó', 5),
(376, 'Cícero Dantas', 5),
(377, 'Cipó', 5),
(378, 'Coaraci', 5),
(379, 'Cocos', 5),
(380, 'Conceição da Feira', 5),
(381, 'Conceição do Almeida', 5),
(382, 'Conceição do Coité', 5),
(383, 'Conceição do Jacuípe', 5),
(384, 'Conde', 5),
(385, 'Condeúba', 5),
(386, 'Contendas do Sincorá', 5),
(387, 'Coração de Maria', 5),
(388, 'Cordeiros', 5),
(389, 'Coribe', 5),
(390, 'Coronel João Sá', 5),
(391, 'Correntina', 5),
(392, 'Cotegipe', 5),
(393, 'Cravolândia', 5),
(394, 'Crisópolis', 5),
(395, 'Cristópolis', 5),
(396, 'Cruz das Almas', 5),
(397, 'Curaçá', 5),
(398, 'Dário Meira', 5),
(399, 'Dias d`Ávila', 5),
(400, 'Dom Basílio', 5),
(401, 'Dom Macedo Costa', 5),
(402, 'Elísio Medrado', 5),
(403, 'Encruzilhada', 5),
(404, 'Entre Rios', 5),
(405, 'Érico Cardoso', 5),
(406, 'Esplanada', 5),
(407, 'Euclides da Cunha', 5),
(408, 'Eunápolis', 5),
(409, 'Fátima', 5),
(410, 'Feira da Mata', 5),
(411, 'Feira de Santana', 5),
(412, 'Filadélfia', 5),
(413, 'Firmino Alves', 5),
(414, 'Floresta Azul', 5),
(415, 'Formosa do Rio Preto', 5),
(416, 'Gandu', 5),
(417, 'Gavião', 5),
(418, 'Gentio do Ouro', 5),
(419, 'Glória', 5),
(420, 'Gongogi', 5),
(421, 'Governador Mangabeira', 5),
(422, 'Guajeru', 5),
(423, 'Guanambi', 5),
(424, 'Guaratinga', 5),
(425, 'Heliópolis', 5),
(426, 'Iaçu', 5),
(427, 'Ibiassucê', 5),
(428, 'Ibicaraí', 5),
(429, 'Ibicoara', 5),
(430, 'Ibicuí', 5),
(431, 'Ibipeba', 5),
(432, 'Ibipitanga', 5),
(433, 'Ibiquera', 5),
(434, 'Ibirapitanga', 5),
(435, 'Ibirapuã', 5),
(436, 'Ibirataia', 5),
(437, 'Ibitiara', 5),
(438, 'Ibititá', 5),
(439, 'Ibotirama', 5),
(440, 'Ichu', 5),
(441, 'Igaporã', 5),
(442, 'Igrapiúna', 5),
(443, 'Iguaí', 5),
(444, 'Ilhéus', 5),
(445, 'Inhambupe', 5),
(446, 'Ipecaetá', 5),
(447, 'Ipiaú', 5),
(448, 'Ipirá', 5),
(449, 'Ipupiara', 5),
(450, 'Irajuba', 5),
(451, 'Iramaia', 5),
(452, 'Iraquara', 5),
(453, 'Irará', 5),
(454, 'Irecê', 5),
(455, 'Itabela', 5),
(456, 'Itaberaba', 5),
(457, 'Itabuna', 5),
(458, 'Itacaré', 5),
(459, 'Itaeté', 5),
(460, 'Itagi', 5),
(461, 'Itagibá', 5),
(462, 'Itagimirim', 5),
(463, 'Itaguaçu da Bahia', 5),
(464, 'Itaju do Colônia', 5),
(465, 'Itajuípe', 5),
(466, 'Itamaraju', 5),
(467, 'Itamari', 5),
(468, 'Itambé', 5),
(469, 'Itanagra', 5),
(470, 'Itanhém', 5),
(471, 'Itaparica', 5),
(472, 'Itapé', 5),
(473, 'Itapebi', 5),
(474, 'Itapetinga', 5),
(475, 'Itapicuru', 5),
(476, 'Itapitanga', 5),
(477, 'Itaquara', 5),
(478, 'Itarantim', 5),
(479, 'Itatim', 5),
(480, 'Itiruçu', 5),
(481, 'Itiúba', 5),
(482, 'Itororó', 5),
(483, 'Ituaçu', 5),
(484, 'Ituberá', 5),
(485, 'Iuiú', 5),
(486, 'Jaborandi', 5),
(487, 'Jacaraci', 5),
(488, 'Jacobina', 5),
(489, 'Jaguaquara', 5),
(490, 'Jaguarari', 5),
(491, 'Jaguaripe', 5),
(492, 'Jandaíra', 5),
(493, 'Jequié', 5),
(494, 'Jeremoabo', 5),
(495, 'Jiquiriçá', 5),
(496, 'Jitaúna', 5),
(497, 'João Dourado', 5),
(498, 'Juazeiro', 5),
(499, 'Jucuruçu', 5),
(500, 'Jussara', 5),
(501, 'Jussari', 5),
(502, 'Jussiape', 5),
(503, 'Lafaiete Coutinho', 5),
(504, 'Lagoa Real', 5),
(505, 'Laje', 5),
(506, 'Lajedão', 5),
(507, 'Lajedinho', 5),
(508, 'Lajedo do Tabocal', 5),
(509, 'Lamarão', 5),
(510, 'Lapão', 5),
(511, 'Lauro de Freitas', 5),
(512, 'Lençóis', 5),
(513, 'Licínio de Almeida', 5),
(514, 'Livramento de Nossa Senhora', 5),
(515, 'Luís Eduardo Magalhães', 5),
(516, 'Macajuba', 5),
(517, 'Macarani', 5),
(518, 'Macaúbas', 5),
(519, 'Macururé', 5),
(520, 'Madre de Deus', 5),
(521, 'Maetinga', 5),
(522, 'Maiquinique', 5),
(523, 'Mairi', 5),
(524, 'Malhada', 5),
(525, 'Malhada de Pedras', 5),
(526, 'Manoel Vitorino', 5),
(527, 'Mansidão', 5),
(528, 'Maracás', 5),
(529, 'Maragogipe', 5),
(530, 'Maraú', 5),
(531, 'Marcionílio Souza', 5),
(532, 'Mascote', 5),
(533, 'Mata de São João', 5),
(534, 'Matina', 5),
(535, 'Medeiros Neto', 5),
(536, 'Miguel Calmon', 5),
(537, 'Milagres', 5),
(538, 'Mirangaba', 5),
(539, 'Mirante', 5),
(540, 'Monte Santo', 5),
(541, 'Morpará', 5),
(542, 'Morro do Chapéu', 5),
(543, 'Mortugaba', 5),
(544, 'Mucugê', 5),
(545, 'Mucuri', 5),
(546, 'Mulungu do Morro', 5),
(547, 'Mundo Novo', 5),
(548, 'Muniz Ferreira', 5),
(549, 'Muquém de São Francisco', 5),
(550, 'Muritiba', 5),
(551, 'Mutuípe', 5),
(552, 'Nazaré', 5),
(553, 'Nilo Peçanha', 5),
(554, 'Nordestina', 5),
(555, 'Nova Canaã', 5),
(556, 'Nova Fátima', 5),
(557, 'Nova Ibiá', 5),
(558, 'Nova Itarana', 5),
(559, 'Nova Redenção', 5),
(560, 'Nova Soure', 5),
(561, 'Nova Viçosa', 5),
(562, 'Novo Horizonte', 5),
(563, 'Novo Triunfo', 5),
(564, 'Olindina', 5),
(565, 'Oliveira dos Brejinhos', 5),
(566, 'Ouriçangas', 5),
(567, 'Ourolândia', 5),
(568, 'Palmas de Monte Alto', 5),
(569, 'Palmeiras', 5),
(570, 'Paramirim', 5),
(571, 'Paratinga', 5),
(572, 'Paripiranga', 5),
(573, 'Pau Brasil', 5),
(574, 'Paulo Afonso', 5),
(575, 'Pé de Serra', 5),
(576, 'Pedrão', 5),
(577, 'Pedro Alexandre', 5),
(578, 'Piatã', 5),
(579, 'Pilão Arcado', 5),
(580, 'Pindaí', 5),
(581, 'Pindobaçu', 5),
(582, 'Pintadas', 5),
(583, 'Piraí do Norte', 5),
(584, 'Piripá', 5),
(585, 'Piritiba', 5),
(586, 'Planaltino', 5),
(587, 'Planalto', 5),
(588, 'Poções', 5),
(589, 'Pojuca', 5),
(590, 'Ponto Novo', 5),
(591, 'Porto Seguro', 5),
(592, 'Potiraguá', 5),
(593, 'Prado', 5),
(594, 'Presidente Dutra', 5),
(595, 'Presidente Jânio Quadros', 5),
(596, 'Presidente Tancredo Neves', 5),
(597, 'Queimadas', 5),
(598, 'Quijingue', 5),
(599, 'Quixabeira', 5),
(600, 'Rafael Jambeiro', 5),
(601, 'Remanso', 5),
(602, 'Retirolândia', 5),
(603, 'Riachão das Neves', 5),
(604, 'Riachão do Jacuípe', 5),
(605, 'Riacho de Santana', 5),
(606, 'Ribeira do Amparo', 5),
(607, 'Ribeira do Pombal', 5),
(608, 'Ribeirão do Largo', 5),
(609, 'Rio de Contas', 5),
(610, 'Rio do Antônio', 5),
(611, 'Rio do Pires', 5),
(612, 'Rio Real', 5),
(613, 'Rodelas', 5),
(614, 'Ruy Barbosa', 5),
(615, 'Salinas da Margarida', 5),
(616, 'Salvador', 5),
(617, 'Santa Bárbara', 5),
(618, 'Santa Brígida', 5),
(619, 'Santa Cruz Cabrália', 5),
(620, 'Santa Cruz da Vitória', 5),
(621, 'Santa Inês', 5),
(622, 'Santa Luzia', 5),
(623, 'Santa Maria da Vitória', 5),
(624, 'Santa Rita de Cássia', 5),
(625, 'Santa Teresinha', 5),
(626, 'Santaluz', 5),
(627, 'Santana', 5),
(628, 'Santanópolis', 5),
(629, 'Santo Amaro', 5),
(630, 'Santo Antônio de Jesus', 5),
(631, 'Santo Estêvão', 5),
(632, 'São Desidério', 5),
(633, 'São Domingos', 5),
(634, 'São Felipe', 5),
(635, 'São Félix', 5),
(636, 'São Félix do Coribe', 5),
(637, 'São Francisco do Conde', 5),
(638, 'São Gabriel', 5),
(639, 'São Gonçalo dos Campos', 5),
(640, 'São José da Vitória', 5),
(641, 'São José do Jacuípe', 5),
(642, 'São Miguel das Matas', 5),
(643, 'São Sebastião do Passé', 5),
(644, 'Sapeaçu', 5),
(645, 'Sátiro Dias', 5),
(646, 'Saubara', 5),
(647, 'Saúde', 5),
(648, 'Seabra', 5),
(649, 'Sebastião Laranjeiras', 5),
(650, 'Senhor do Bonfim', 5),
(651, 'Sento Sé', 5),
(652, 'Serra do Ramalho', 5),
(653, 'Serra Dourada', 5),
(654, 'Serra Preta', 5),
(655, 'Serrinha', 5),
(656, 'Serrolândia', 5),
(657, 'Simões Filho', 5),
(658, 'Sítio do Mato', 5),
(659, 'Sítio do Quinto', 5),
(660, 'Sobradinho', 5),
(661, 'Souto Soares', 5),
(662, 'Tabocas do Brejo Velho', 5),
(663, 'Tanhaçu', 5),
(664, 'Tanque Novo', 5),
(665, 'Tanquinho', 5),
(666, 'Taperoá', 5),
(667, 'Tapiramutá', 5),
(668, 'Teixeira de Freitas', 5),
(669, 'Teodoro Sampaio', 5),
(670, 'Teofilândia', 5),
(671, 'Teolândia', 5),
(672, 'Terra Nova', 5),
(673, 'Tremedal', 5),
(674, 'Tucano', 5),
(675, 'Uauá', 5),
(676, 'Ubaíra', 5),
(677, 'Ubaitaba', 5),
(678, 'Ubatã', 5),
(679, 'Uibaí', 5),
(680, 'Umburanas', 5),
(681, 'Una', 5),
(682, 'Urandi', 5),
(683, 'Uruçuca', 5),
(684, 'Utinga', 5),
(685, 'Valença', 5),
(686, 'Valente', 5),
(687, 'Várzea da Roça', 5),
(688, 'Várzea do Poço', 5),
(689, 'Várzea Nova', 5),
(690, 'Varzedo', 5),
(691, 'Vera Cruz', 5),
(692, 'Vereda', 5),
(693, 'Vitória da Conquista', 5),
(694, 'Wagner', 5),
(695, 'Wanderley', 5),
(696, 'Wenceslau Guimarães', 5),
(697, 'Xique-Xique', 5),
(698, 'Abaiara', 6),
(699, 'Acarape', 6),
(700, 'Acaraú', 6),
(701, 'Acopiara', 6),
(702, 'Aiuaba', 6),
(703, 'Alcântaras', 6),
(704, 'Altaneira', 6),
(705, 'Alto Santo', 6),
(706, 'Amontada', 6),
(707, 'Antonina do Norte', 6),
(708, 'Apuiarés', 6),
(709, 'Aquiraz', 6),
(710, 'Aracati', 6),
(711, 'Aracoiaba', 6),
(712, 'Ararendá', 6),
(713, 'Araripe', 6),
(714, 'Aratuba', 6),
(715, 'Arneiroz', 6),
(716, 'Assaré', 6),
(717, 'Aurora', 6),
(718, 'Baixio', 6),
(719, 'Banabuiú', 6),
(720, 'Barbalha', 6),
(721, 'Barreira', 6),
(722, 'Barro', 6),
(723, 'Barroquinha', 6),
(724, 'Baturité', 6),
(725, 'Beberibe', 6),
(726, 'Bela Cruz', 6),
(727, 'Boa Viagem', 6),
(728, 'Brejo Santo', 6),
(729, 'Camocim', 6),
(730, 'Campos Sales', 6),
(731, 'Canindé', 6),
(732, 'Capistrano', 6),
(733, 'Caridade', 6),
(734, 'Cariré', 6),
(735, 'Caririaçu', 6),
(736, 'Cariús', 6),
(737, 'Carnaubal', 6),
(738, 'Cascavel', 6),
(739, 'Catarina', 6),
(740, 'Catunda', 6),
(741, 'Caucaia', 6),
(742, 'Cedro', 6),
(743, 'Chaval', 6),
(744, 'Choró', 6),
(745, 'Chorozinho', 6),
(746, 'Coreaú', 6),
(747, 'Crateús', 6),
(748, 'Crato', 6),
(749, 'Croatá', 6),
(750, 'Cruz', 6),
(751, 'Deputado Irapuan Pinheiro', 6),
(752, 'Ererê', 6),
(753, 'Eusébio', 6),
(754, 'Farias Brito', 6),
(755, 'Forquilha', 6),
(756, 'Fortaleza', 6),
(757, 'Fortim', 6),
(758, 'Frecheirinha', 6),
(759, 'General Sampaio', 6),
(760, 'Graça', 6),
(761, 'Granja', 6),
(762, 'Granjeiro', 6),
(763, 'Groaíras', 6),
(764, 'Guaiúba', 6),
(765, 'Guaraciaba do Norte', 6),
(766, 'Guaramiranga', 6),
(767, 'Hidrolândia', 6),
(768, 'Horizonte', 6),
(769, 'Ibaretama', 6),
(770, 'Ibiapina', 6),
(771, 'Ibicuitinga', 6),
(772, 'Icapuí', 6),
(773, 'Icó', 6),
(774, 'Iguatu', 6),
(775, 'Independência', 6),
(776, 'Ipaporanga', 6),
(777, 'Ipaumirim', 6),
(778, 'Ipu', 6),
(779, 'Ipueiras', 6),
(780, 'Iracema', 6),
(781, 'Irauçuba', 6),
(782, 'Itaiçaba', 6),
(783, 'Itaitinga', 6),
(784, 'Itapagé', 6),
(785, 'Itapipoca', 6),
(786, 'Itapiúna', 6),
(787, 'Itarema', 6),
(788, 'Itatira', 6),
(789, 'Jaguaretama', 6),
(790, 'Jaguaribara', 6),
(791, 'Jaguaribe', 6),
(792, 'Jaguaruana', 6),
(793, 'Jardim', 6),
(794, 'Jati', 6),
(795, 'Jijoca de Jericoacoara', 6),
(796, 'Juazeiro do Norte', 6),
(797, 'Jucás', 6),
(798, 'Lavras da Mangabeira', 6),
(799, 'Limoeiro do Norte', 6),
(800, 'Madalena', 6),
(801, 'Maracanaú', 6),
(802, 'Maranguape', 6),
(803, 'Marco', 6),
(804, 'Martinópole', 6),
(805, 'Massapê', 6),
(806, 'Mauriti', 6),
(807, 'Meruoca', 6),
(808, 'Milagres', 6),
(809, 'Milhã', 6),
(810, 'Miraíma', 6),
(811, 'Missão Velha', 6),
(812, 'Mombaça', 6),
(813, 'Monsenhor Tabosa', 6),
(814, 'Morada Nova', 6),
(815, 'Moraújo', 6),
(816, 'Morrinhos', 6),
(817, 'Mucambo', 6),
(818, 'Mulungu', 6),
(819, 'Nova Olinda', 6),
(820, 'Nova Russas', 6),
(821, 'Novo Oriente', 6),
(822, 'Ocara', 6),
(823, 'Orós', 6),
(824, 'Pacajus', 6),
(825, 'Pacatuba', 6),
(826, 'Pacoti', 6),
(827, 'Pacujá', 6),
(828, 'Palhano', 6),
(829, 'Palmácia', 6),
(830, 'Paracuru', 6),
(831, 'Paraipaba', 6),
(832, 'Parambu', 6),
(833, 'Paramoti', 6),
(834, 'Pedra Branca', 6),
(835, 'Penaforte', 6),
(836, 'Pentecoste', 6),
(837, 'Pereiro', 6),
(838, 'Pindoretama', 6),
(839, 'Piquet Carneiro', 6),
(840, 'Pires Ferreira', 6),
(841, 'Poranga', 6),
(842, 'Porteiras', 6),
(843, 'Potengi', 6),
(844, 'Potiretama', 6),
(845, 'Quiterianópolis', 6),
(846, 'Quixadá', 6),
(847, 'Quixelô', 6),
(848, 'Quixeramobim', 6),
(849, 'Quixeré', 6),
(850, 'Redenção', 6),
(851, 'Reriutaba', 6),
(852, 'Russas', 6),
(853, 'Saboeiro', 6),
(854, 'Salitre', 6),
(855, 'Santa Quitéria', 6),
(856, 'Santana do Acaraú', 6),
(857, 'Santana do Cariri', 6),
(858, 'São Benedito', 6),
(859, 'São Gonçalo do Amarante', 6),
(860, 'São João do Jaguaribe', 6),
(861, 'São Luís do Curu', 6),
(862, 'Senador Pompeu', 6),
(863, 'Senador Sá', 6),
(864, 'Sobral', 6),
(865, 'Solonópole', 6),
(866, 'Tabuleiro do Norte', 6),
(867, 'Tamboril', 6),
(868, 'Tarrafas', 6),
(869, 'Tauá', 6),
(870, 'Tejuçuoca', 6),
(871, 'Tianguá', 6),
(872, 'Trairi', 6),
(873, 'Tururu', 6),
(874, 'Ubajara', 6),
(875, 'Umari', 6),
(876, 'Umirim', 6),
(877, 'Uruburetama', 6),
(878, 'Uruoca', 6),
(879, 'Varjota', 6),
(880, 'Várzea Alegre', 6),
(881, 'Viçosa do Ceará', 6),
(882, 'Brasília', 7),
(883, 'Abadia de Goiás', 9),
(884, 'Abadiânia', 9),
(885, 'Acreúna', 9),
(886, 'Adelândia', 9),
(887, 'Água Fria de Goiás', 9),
(888, 'Água Limpa', 9),
(889, 'Águas Lindas de Goiás', 9),
(890, 'Alexânia', 9),
(891, 'Aloândia', 9),
(892, 'Alto Horizonte', 9),
(893, 'Alto Paraíso de Goiás', 9),
(894, 'Alvorada do Norte', 9),
(895, 'Amaralina', 9),
(896, 'Americano do Brasil', 9),
(897, 'Amorinópolis', 9),
(898, 'Anápolis', 9),
(899, 'Anhanguera', 9),
(900, 'Anicuns', 9),
(901, 'Aparecida de Goiânia', 9),
(902, 'Aparecida do Rio Doce', 9),
(903, 'Aporé', 9),
(904, 'Araçu', 9),
(905, 'Aragarças', 9),
(906, 'Aragoiânia', 9),
(907, 'Araguapaz', 9),
(908, 'Arenópolis', 9),
(909, 'Aruanã', 9),
(910, 'Aurilândia', 9),
(911, 'Avelinópolis', 9),
(912, 'Baliza', 9),
(913, 'Barro Alto', 9),
(914, 'Bela Vista de Goiás', 9),
(915, 'Bom Jardim de Goiás', 9),
(916, 'Bom Jesus de Goiás', 9),
(917, 'Bonfinópolis', 9),
(918, 'Bonópolis', 9),
(919, 'Brazabrantes', 9),
(920, 'Britânia', 9),
(921, 'Buriti Alegre', 9),
(922, 'Buriti de Goiás', 9),
(923, 'Buritinópolis', 9),
(924, 'Cabeceiras', 9),
(925, 'Cachoeira Alta', 9),
(926, 'Cachoeira de Goiás', 9),
(927, 'Cachoeira Dourada', 9),
(928, 'Caçu', 9),
(929, 'Caiapônia', 9),
(930, 'Caldas Novas', 9),
(931, 'Caldazinha', 9),
(932, 'Campestre de Goiás', 9),
(933, 'Campinaçu', 9),
(934, 'Campinorte', 9),
(935, 'Campo Alegre de Goiás', 9),
(936, 'Campo Limpo de Goiás', 9),
(937, 'Campos Belos', 9),
(938, 'Campos Verdes', 9),
(939, 'Carmo do Rio Verde', 9),
(940, 'Castelândia', 9),
(941, 'Catalão', 9),
(942, 'Caturaí', 9),
(943, 'Cavalcante', 9),
(944, 'Ceres', 9),
(945, 'Cezarina', 9),
(946, 'Chapadão do Céu', 9),
(947, 'Cidade Ocidental', 9),
(948, 'Cocalzinho de Goiás', 9),
(949, 'Colinas do Sul', 9),
(950, 'Córrego do Ouro', 9),
(951, 'Corumbá de Goiás', 9),
(952, 'Corumbaíba', 9),
(953, 'Cristalina', 9),
(954, 'Cristianópolis', 9),
(955, 'Crixás', 9),
(956, 'Cromínia', 9),
(957, 'Cumari', 9),
(958, 'Damianópolis', 9),
(959, 'Damolândia', 9),
(960, 'Davinópolis', 9),
(961, 'Diorama', 9),
(962, 'Divinópolis de Goiás', 9),
(963, 'Doverlândia', 9),
(964, 'Edealina', 9),
(965, 'Edéia', 9),
(966, 'Estrela do Norte', 9),
(967, 'Faina', 9),
(968, 'Fazenda Nova', 9),
(969, 'Firminópolis', 9),
(970, 'Flores de Goiás', 9),
(971, 'Formosa', 9),
(972, 'Formoso', 9),
(973, 'Gameleira de Goiás', 9),
(974, 'Goianápolis', 9),
(975, 'Goiandira', 9),
(976, 'Goianésia', 9),
(977, 'Goiânia', 9),
(978, 'Goianira', 9),
(979, 'Goiás', 9),
(980, 'Goiatuba', 9),
(981, 'Gouvelândia', 9),
(982, 'Guapó', 9),
(983, 'Guaraíta', 9),
(984, 'Guarani de Goiás', 9),
(985, 'Guarinos', 9),
(986, 'Heitoraí', 9),
(987, 'Hidrolândia', 9),
(988, 'Hidrolina', 9),
(989, 'Iaciara', 9),
(990, 'Inaciolândia', 9),
(991, 'Indiara', 9),
(992, 'Inhumas', 9),
(993, 'Ipameri', 9),
(994, 'Ipiranga de Goiás', 9),
(995, 'Iporá', 9),
(996, 'Israelândia', 9),
(997, 'Itaberaí', 9),
(998, 'Itaguari', 9),
(999, 'Itaguaru', 9),
(1000, 'Itajá', 9),
(1001, 'Itapaci', 9),
(1002, 'Itapirapuã', 9),
(1003, 'Itapuranga', 9),
(1004, 'Itarumã', 9),
(1005, 'Itauçu', 9),
(1006, 'Itumbiara', 9),
(1007, 'Ivolândia', 9),
(1008, 'Jandaia', 9),
(1009, 'Jaraguá', 9),
(1010, 'Jataí', 9),
(1011, 'Jaupaci', 9),
(1012, 'Jesúpolis', 9),
(1013, 'Joviânia', 9),
(1014, 'Jussara', 9),
(1015, 'Lagoa Santa', 9),
(1016, 'Leopoldo de Bulhões', 9),
(1017, 'Luziânia', 9),
(1018, 'Mairipotaba', 9),
(1019, 'Mambaí', 9),
(1020, 'Mara Rosa', 9),
(1021, 'Marzagão', 9),
(1022, 'Matrinchã', 9),
(1023, 'Maurilândia', 9),
(1024, 'Mimoso de Goiás', 9),
(1025, 'Minaçu', 9),
(1026, 'Mineiros', 9),
(1027, 'Moiporá', 9),
(1028, 'Monte Alegre de Goiás', 9),
(1029, 'Montes Claros de Goiás', 9),
(1030, 'Montividiu', 9),
(1031, 'Montividiu do Norte', 9),
(1032, 'Morrinhos', 9),
(1033, 'Morro Agudo de Goiás', 9),
(1034, 'Mossâmedes', 9),
(1035, 'Mozarlândia', 9),
(1036, 'Mundo Novo', 9),
(1037, 'Mutunópolis', 9),
(1038, 'Nazário', 9),
(1039, 'Nerópolis', 9),
(1040, 'Niquelândia', 9),
(1041, 'Nova América', 9),
(1042, 'Nova Aurora', 9),
(1043, 'Nova Crixás', 9),
(1044, 'Nova Glória', 9),
(1045, 'Nova Iguaçu de Goiás', 9),
(1046, 'Nova Roma', 9),
(1047, 'Nova Veneza', 9),
(1048, 'Novo Brasil', 9),
(1049, 'Novo Gama', 9),
(1050, 'Novo Planalto', 9),
(1051, 'Orizona', 9),
(1052, 'Ouro Verde de Goiás', 9),
(1053, 'Ouvidor', 9),
(1054, 'Padre Bernardo', 9),
(1055, 'Palestina de Goiás', 9),
(1056, 'Palmeiras de Goiás', 9),
(1057, 'Palmelo', 9),
(1058, 'Palminópolis', 9),
(1059, 'Panamá', 9),
(1060, 'Paranaiguara', 9),
(1061, 'Paraúna', 9),
(1062, 'Perolândia', 9),
(1063, 'Petrolina de Goiás', 9),
(1064, 'Pilar de Goiás', 9),
(1065, 'Piracanjuba', 9),
(1066, 'Piranhas', 9),
(1067, 'Pirenópolis', 9),
(1068, 'Pires do Rio', 9),
(1069, 'Planaltina', 9),
(1070, 'Pontalina', 9),
(1071, 'Porangatu', 9),
(1072, 'Porteirão', 9),
(1073, 'Portelândia', 9),
(1074, 'Posse', 9),
(1075, 'Professor Jamil', 9),
(1076, 'Quirinópolis', 9),
(1077, 'Rialma', 9),
(1078, 'Rianápolis', 9),
(1079, 'Rio Quente', 9),
(1080, 'Rio Verde', 9),
(1081, 'Rubiataba', 9),
(1082, 'Sanclerlândia', 9),
(1083, 'Santa Bárbara de Goiás', 9),
(1084, 'Santa Cruz de Goiás', 9),
(1085, 'Santa Fé de Goiás', 9),
(1086, 'Santa Helena de Goiás', 9),
(1087, 'Santa Isabel', 9),
(1088, 'Santa Rita do Araguaia', 9),
(1089, 'Santa Rita do Novo Destino', 9),
(1090, 'Santa Rosa de Goiás', 9),
(1091, 'Santa Tereza de Goiás', 9),
(1092, 'Santa Terezinha de Goiás', 9),
(1093, 'Santo Antônio da Barra', 9),
(1094, 'Santo Antônio de Goiás', 9),
(1095, 'Santo Antônio do Descoberto', 9),
(1096, 'São Domingos', 9),
(1097, 'São Francisco de Goiás', 9),
(1098, 'São João d`Aliança', 9),
(1099, 'São João da Paraúna', 9),
(1100, 'São Luís de Montes Belos', 9),
(1101, 'São Luíz do Norte', 9),
(1102, 'São Miguel do Araguaia', 9),
(1103, 'São Miguel do Passa Quatro', 9),
(1104, 'São Patrício', 9),
(1105, 'São Simão', 9),
(1106, 'Senador Canedo', 9),
(1107, 'Serranópolis', 9),
(1108, 'Silvânia', 9),
(1109, 'Simolândia', 9),
(1110, 'Sítio d`Abadia', 9),
(1111, 'Taquaral de Goiás', 9),
(1112, 'Teresina de Goiás', 9),
(1113, 'Terezópolis de Goiás', 9),
(1114, 'Três Ranchos', 9),
(1115, 'Trindade', 9),
(1116, 'Trombas', 9),
(1117, 'Turvânia', 9),
(1118, 'Turvelândia', 9),
(1119, 'Uirapuru', 9),
(1120, 'Uruaçu', 9),
(1121, 'Uruana', 9),
(1122, 'Urutaí', 9),
(1123, 'Valparaíso de Goiás', 9),
(1124, 'Varjão', 9),
(1125, 'Vianópolis', 9),
(1126, 'Vicentinópolis', 9),
(1127, 'Vila Boa', 9),
(1128, 'Vila Propício', 9),
(1129, 'Açailândia', 10),
(1130, 'Afonso Cunha', 10),
(1131, 'Água Doce do Maranhão', 10),
(1132, 'Alcântara', 10),
(1133, 'Aldeias Altas', 10),
(1134, 'Altamira do Maranhão', 10),
(1135, 'Alto Alegre do Maranhão', 10),
(1136, 'Alto Alegre do Pindaré', 10),
(1137, 'Alto Parnaíba', 10),
(1138, 'Amapá do Maranhão', 10),
(1139, 'Amarante do Maranhão', 10),
(1140, 'Anajatuba', 10),
(1141, 'Anapurus', 10),
(1142, 'Apicum-Açu', 10),
(1143, 'Araguanã', 10),
(1144, 'Araioses', 10),
(1145, 'Arame', 10),
(1146, 'Arari', 10),
(1147, 'Axixá', 10),
(1148, 'Bacabal', 10),
(1149, 'Bacabeira', 10),
(1150, 'Bacuri', 10),
(1151, 'Bacurituba', 10),
(1152, 'Balsas', 10),
(1153, 'Barão de Grajaú', 10),
(1154, 'Barra do Corda', 10),
(1155, 'Barreirinhas', 10),
(1156, 'Bela Vista do Maranhão', 10),
(1157, 'Belágua', 10),
(1158, 'Benedito Leite', 10),
(1159, 'Bequimão', 10),
(1160, 'Bernardo do Mearim', 10),
(1161, 'Boa Vista do Gurupi', 10),
(1162, 'Bom Jardim', 10),
(1163, 'Bom Jesus das Selvas', 10),
(1164, 'Bom Lugar', 10),
(1165, 'Brejo', 10),
(1166, 'Brejo de Areia', 10),
(1167, 'Buriti', 10),
(1168, 'Buriti Bravo', 10),
(1169, 'Buriticupu', 10),
(1170, 'Buritirana', 10),
(1171, 'Cachoeira Grande', 10),
(1172, 'Cajapió', 10),
(1173, 'Cajari', 10),
(1174, 'Campestre do Maranhão', 10),
(1175, 'Cândido Mendes', 10),
(1176, 'Cantanhede', 10),
(1177, 'Capinzal do Norte', 10),
(1178, 'Carolina', 10),
(1179, 'Carutapera', 10),
(1180, 'Caxias', 10),
(1181, 'Cedral', 10),
(1182, 'Central do Maranhão', 10),
(1183, 'Centro do Guilherme', 10),
(1184, 'Centro Novo do Maranhão', 10),
(1185, 'Chapadinha', 10),
(1186, 'Cidelândia', 10),
(1187, 'Codó', 10),
(1188, 'Coelho Neto', 10),
(1189, 'Colinas', 10),
(1190, 'Conceição do Lago-Açu', 10),
(1191, 'Coroatá', 10),
(1192, 'Cururupu', 10),
(1193, 'Davinópolis', 10),
(1194, 'Dom Pedro', 10),
(1195, 'Duque Bacelar', 10),
(1196, 'Esperantinópolis', 10),
(1197, 'Estreito', 10),
(1198, 'Feira Nova do Maranhão', 10),
(1199, 'Fernando Falcão', 10),
(1200, 'Formosa da Serra Negra', 10),
(1201, 'Fortaleza dos Nogueiras', 10),
(1202, 'Fortuna', 10),
(1203, 'Godofredo Viana', 10),
(1204, 'Gonçalves Dias', 10),
(1205, 'Governador Archer', 10),
(1206, 'Governador Edison Lobão', 10),
(1207, 'Governador Eugênio Barros', 10),
(1208, 'Governador Luiz Rocha', 10),
(1209, 'Governador Newton Bello', 10),
(1210, 'Governador Nunes Freire', 10),
(1211, 'Graça Aranha', 10),
(1212, 'Grajaú', 10),
(1213, 'Guimarães', 10),
(1214, 'Humberto de Campos', 10),
(1215, 'Icatu', 10),
(1216, 'Igarapé do Meio', 10),
(1217, 'Igarapé Grande', 10),
(1218, 'Imperatriz', 10),
(1219, 'Itaipava do Grajaú', 10),
(1220, 'Itapecuru Mirim', 10),
(1221, 'Itinga do Maranhão', 10),
(1222, 'Jatobá', 10),
(1223, 'Jenipapo dos Vieiras', 10),
(1224, 'João Lisboa', 10),
(1225, 'Joselândia', 10),
(1226, 'Junco do Maranhão', 10),
(1227, 'Lago da Pedra', 10),
(1228, 'Lago do Junco', 10),
(1229, 'Lago dos Rodrigues', 10),
(1230, 'Lago Verde', 10),
(1231, 'Lagoa do Mato', 10),
(1232, 'Lagoa Grande do Maranhão', 10),
(1233, 'Lajeado Novo', 10),
(1234, 'Lima Campos', 10),
(1235, 'Loreto', 10),
(1236, 'Luís Domingues', 10),
(1237, 'Magalhães de Almeida', 10),
(1238, 'Maracaçumé', 10),
(1239, 'Marajá do Sena', 10),
(1240, 'Maranhãozinho', 10),
(1241, 'Mata Roma', 10),
(1242, 'Matinha', 10),
(1243, 'Matões', 10),
(1244, 'Matões do Norte', 10),
(1245, 'Milagres do Maranhão', 10),
(1246, 'Mirador', 10),
(1247, 'Miranda do Norte', 10),
(1248, 'Mirinzal', 10),
(1249, 'Monção', 10),
(1250, 'Montes Altos', 10),
(1251, 'Morros', 10),
(1252, 'Nina Rodrigues', 10),
(1253, 'Nova Colinas', 10),
(1254, 'Nova Iorque', 10),
(1255, 'Nova Olinda do Maranhão', 10),
(1256, 'Olho d`Água das Cunhãs', 10),
(1257, 'Olinda Nova do Maranhão', 10),
(1258, 'Paço do Lumiar', 10),
(1259, 'Palmeirândia', 10),
(1260, 'Paraibano', 10),
(1261, 'Parnarama', 10),
(1262, 'Passagem Franca', 10),
(1263, 'Pastos Bons', 10),
(1264, 'Paulino Neves', 10),
(1265, 'Paulo Ramos', 10),
(1266, 'Pedreiras', 10),
(1267, 'Pedro do Rosário', 10),
(1268, 'Penalva', 10),
(1269, 'Peri Mirim', 10),
(1270, 'Peritoró', 10),
(1271, 'Pindaré-Mirim', 10),
(1272, 'Pinheiro', 10),
(1273, 'Pio XII', 10),
(1274, 'Pirapemas', 10),
(1275, 'Poção de Pedras', 10),
(1276, 'Porto Franco', 10),
(1277, 'Porto Rico do Maranhão', 10),
(1278, 'Presidente Dutra', 10),
(1279, 'Presidente Juscelino', 10),
(1280, 'Presidente Médici', 10),
(1281, 'Presidente Sarney', 10),
(1282, 'Presidente Vargas', 10),
(1283, 'Primeira Cruz', 10),
(1284, 'Raposa', 10),
(1285, 'Riachão', 10),
(1286, 'Ribamar Fiquene', 10),
(1287, 'Rosário', 10),
(1288, 'Sambaíba', 10),
(1289, 'Santa Filomena do Maranhão', 10),
(1290, 'Santa Helena', 10),
(1291, 'Santa Inês', 10),
(1292, 'Santa Luzia', 10),
(1293, 'Santa Luzia do Paruá', 10),
(1294, 'Santa Quitéria do Maranhão', 10),
(1295, 'Santa Rita', 10),
(1296, 'Santana do Maranhão', 10),
(1297, 'Santo Amaro do Maranhão', 10),
(1298, 'Santo Antônio dos Lopes', 10),
(1299, 'São Benedito do Rio Preto', 10),
(1300, 'São Bento', 10),
(1301, 'São Bernardo', 10),
(1302, 'São Domingos do Azeitão', 10),
(1303, 'São Domingos do Maranhão', 10),
(1304, 'São Félix de Balsas', 10),
(1305, 'São Francisco do Brejão', 10),
(1306, 'São Francisco do Maranhão', 10),
(1307, 'São João Batista', 10),
(1308, 'São João do Carú', 10),
(1309, 'São João do Paraíso', 10),
(1310, 'São João do Soter', 10),
(1311, 'São João dos Patos', 10),
(1312, 'São José de Ribamar', 10),
(1313, 'São José dos Basílios', 10),
(1314, 'São Luís', 10),
(1315, 'São Luís Gonzaga do Maranhão', 10),
(1316, 'São Mateus do Maranhão', 10),
(1317, 'São Pedro da Água Branca', 10),
(1318, 'São Pedro dos Crentes', 10),
(1319, 'São Raimundo das Mangabeiras', 10),
(1320, 'São Raimundo do Doca Bezerra', 10),
(1321, 'São Roberto', 10),
(1322, 'São Vicente Ferrer', 10),
(1323, 'Satubinha', 10),
(1324, 'Senador Alexandre Costa', 10),
(1325, 'Senador La Rocque', 10),
(1326, 'Serrano do Maranhão', 10),
(1327, 'Sítio Novo', 10),
(1328, 'Sucupira do Norte', 10),
(1329, 'Sucupira do Riachão', 10),
(1330, 'Tasso Fragoso', 10),
(1331, 'Timbiras', 10),
(1332, 'Timon', 10),
(1333, 'Trizidela do Vale', 10),
(1334, 'Tufilândia', 10),
(1335, 'Tuntum', 10),
(1336, 'Turiaçu', 10),
(1337, 'Turilândia', 10),
(1338, 'Tutóia', 10),
(1339, 'Urbano Santos', 10),
(1340, 'Vargem Grande', 10),
(1341, 'Viana', 10),
(1342, 'Vila Nova dos Martírios', 10),
(1343, 'Vitória do Mearim', 10),
(1344, 'Vitorino Freire', 10),
(1345, 'Zé Doca', 10),
(1346, 'Acorizal', 13),
(1347, 'Água Boa', 13),
(1348, 'Alta Floresta', 13),
(1349, 'Alto Araguaia', 13),
(1350, 'Alto Boa Vista', 13),
(1351, 'Alto Garças', 13),
(1352, 'Alto Paraguai', 13),
(1353, 'Alto Taquari', 13),
(1354, 'Apiacás', 13),
(1355, 'Araguaiana', 13),
(1356, 'Araguainha', 13),
(1357, 'Araputanga', 13),
(1358, 'Arenápolis', 13),
(1359, 'Aripuanã', 13),
(1360, 'Barão de Melgaço', 13),
(1361, 'Barra do Bugres', 13),
(1362, 'Barra do Garças', 13),
(1363, 'Bom Jesus do Araguaia', 13),
(1364, 'Brasnorte', 13),
(1365, 'Cáceres', 13),
(1366, 'Campinápolis', 13),
(1367, 'Campo Novo do Parecis', 13),
(1368, 'Campo Verde', 13),
(1369, 'Campos de Júlio', 13),
(1370, 'Canabrava do Norte', 13),
(1371, 'Canarana', 13),
(1372, 'Carlinda', 13),
(1373, 'Castanheira', 13),
(1374, 'Chapada dos Guimarães', 13),
(1375, 'Cláudia', 13),
(1376, 'Cocalinho', 13),
(1377, 'Colíder', 13),
(1378, 'Colniza', 13),
(1379, 'Comodoro', 13),
(1380, 'Confresa', 13),
(1381, 'Conquista d`Oeste', 13),
(1382, 'Cotriguaçu', 13),
(1383, 'Cuiabá', 13),
(1384, 'Curvelândia', 13),
(1385, 'Curvelândia', 13),
(1386, 'Denise', 13),
(1387, 'Diamantino', 13),
(1388, 'Dom Aquino', 13),
(1389, 'Feliz Natal', 13),
(1390, 'Figueirópolis d`Oeste', 13),
(1391, 'Gaúcha do Norte', 13),
(1392, 'General Carneiro', 13),
(1393, 'Glória d`Oeste', 13),
(1394, 'Guarantã do Norte', 13),
(1395, 'Guiratinga', 13),
(1396, 'Indiavaí', 13),
(1397, 'Ipiranga do Norte', 13),
(1398, 'Itanhangá', 13),
(1399, 'Itaúba', 13),
(1400, 'Itiquira', 13),
(1401, 'Jaciara', 13),
(1402, 'Jangada', 13),
(1403, 'Jauru', 13),
(1404, 'Juara', 13),
(1405, 'Juína', 13),
(1406, 'Juruena', 13),
(1407, 'Juscimeira', 13),
(1408, 'Lambari d`Oeste', 13),
(1409, 'Lucas do Rio Verde', 13),
(1410, 'Luciára', 13),
(1411, 'Marcelândia', 13),
(1412, 'Matupá', 13),
(1413, 'Mirassol d`Oeste', 13),
(1414, 'Nobres', 13),
(1415, 'Nortelândia', 13),
(1416, 'Nossa Senhora do Livramento', 13),
(1417, 'Nova Bandeirantes', 13),
(1418, 'Nova Brasilândia', 13),
(1419, 'Nova Canaã do Norte', 13),
(1420, 'Nova Guarita', 13),
(1421, 'Nova Lacerda', 13),
(1422, 'Nova Marilândia', 13),
(1423, 'Nova Maringá', 13),
(1424, 'Nova Monte verde', 13),
(1425, 'Nova Mutum', 13),
(1426, 'Nova Olímpia', 13),
(1427, 'Nova Santa Helena', 13),
(1428, 'Nova Ubiratã', 13),
(1429, 'Nova Xavantina', 13),
(1430, 'Novo Horizonte do Norte', 13),
(1431, 'Novo Mundo', 13),
(1432, 'Novo Santo Antônio', 13),
(1433, 'Novo São Joaquim', 13),
(1434, 'Paranaíta', 13),
(1435, 'Paranatinga', 13),
(1436, 'Pedra Preta', 13),
(1437, 'Peixoto de Azevedo', 13),
(1438, 'Planalto da Serra', 13),
(1439, 'Poconé', 13),
(1440, 'Pontal do Araguaia', 13),
(1441, 'Ponte Branca', 13),
(1442, 'Pontes e Lacerda', 13),
(1443, 'Porto Alegre do Norte', 13),
(1444, 'Porto dos Gaúchos', 13),
(1445, 'Porto Esperidião', 13),
(1446, 'Porto Estrela', 13),
(1447, 'Poxoréo', 13),
(1448, 'Primavera do Leste', 13),
(1449, 'Querência', 13),
(1450, 'Reserva do Cabaçal', 13),
(1451, 'Ribeirão Cascalheira', 13),
(1452, 'Ribeirãozinho', 13),
(1453, 'Rio Branco', 13),
(1454, 'Rondolândia', 13),
(1455, 'Rondonópolis', 13),
(1456, 'Rosário Oeste', 13),
(1457, 'Salto do Céu', 13),
(1458, 'Santa Carmem', 13),
(1459, 'Santa Cruz do Xingu', 13),
(1460, 'Santa Rita do Trivelato', 13),
(1461, 'Santa Terezinha', 13),
(1462, 'Santo Afonso', 13),
(1463, 'Santo Antônio do Leste', 13),
(1464, 'Santo Antônio do Leverger', 13),
(1465, 'São Félix do Araguaia', 13),
(1466, 'São José do Povo', 13),
(1467, 'São José do Rio Claro', 13),
(1468, 'São José do Xingu', 13),
(1469, 'São José dos Quatro Marcos', 13),
(1470, 'São Pedro da Cipa', 13),
(1471, 'Sapezal', 13),
(1472, 'Serra Nova Dourada', 13),
(1473, 'Sinop', 13),
(1474, 'Sorriso', 13),
(1475, 'Tabaporã', 13),
(1476, 'Tangará da Serra', 13),
(1477, 'Tapurah', 13),
(1478, 'Terra Nova do Norte', 13),
(1479, 'Tesouro', 13),
(1480, 'Torixoréu', 13),
(1481, 'União do Sul', 13),
(1482, 'Vale de São Domingos', 13),
(1483, 'Várzea Grande', 13),
(1484, 'Vera', 13),
(1485, 'Vila Bela da Santíssima Trindade', 13),
(1486, 'Vila Rica', 13),
(1487, 'Água Clara', 12),
(1488, 'Alcinópolis', 12),
(1489, 'Amambaí', 12),
(1490, 'Anastácio', 12),
(1491, 'Anaurilândia', 12),
(1492, 'Angélica', 12),
(1493, 'Antônio João', 12),
(1494, 'Aparecida do Taboado', 12),
(1495, 'Aquidauana', 12),
(1496, 'Aral Moreira', 12),
(1497, 'Bandeirantes', 12),
(1498, 'Bataguassu', 12),
(1499, 'Bataiporã', 12),
(1500, 'Bela Vista', 12),
(1501, 'Bodoquena', 12),
(1502, 'Bonito', 12),
(1503, 'Brasilândia', 12),
(1504, 'Caarapó', 12),
(1505, 'Camapuã', 12),
(1506, 'Campo Grande', 12),
(1507, 'Caracol', 12),
(1508, 'Cassilândia', 12),
(1509, 'Chapadão do Sul', 12),
(1510, 'Corguinho', 12),
(1511, 'Coronel Sapucaia', 12),
(1512, 'Corumbá', 12),
(1513, 'Costa Rica', 12),
(1514, 'Coxim', 12),
(1515, 'Deodápolis', 12),
(1516, 'Dois Irmãos do Buriti', 12),
(1517, 'Douradina', 12),
(1518, 'Dourados', 12),
(1519, 'Eldorado', 12),
(1520, 'Fátima do Sul', 12),
(1521, 'Figueirão', 12),
(1522, 'Glória de Dourados', 12),
(1523, 'Guia Lopes da Laguna', 12),
(1524, 'Iguatemi', 12),
(1525, 'Inocência', 12),
(1526, 'Itaporã', 12),
(1527, 'Itaquiraí', 12),
(1528, 'Ivinhema', 12),
(1529, 'Japorã', 12),
(1530, 'Jaraguari', 12),
(1531, 'Jardim', 12),
(1532, 'Jateí', 12),
(1533, 'Juti', 12),
(1534, 'Ladário', 12),
(1535, 'Laguna Carapã', 12),
(1536, 'Maracaju', 12),
(1537, 'Miranda', 12),
(1538, 'Mundo Novo', 12),
(1539, 'Naviraí', 12),
(1540, 'Nioaque', 12),
(1541, 'Nova Alvorada do Sul', 12),
(1542, 'Nova Andradina', 12),
(1543, 'Novo Horizonte do Sul', 12),
(1544, 'Paranaíba', 12),
(1545, 'Paranhos', 12),
(1546, 'Pedro Gomes', 12),
(1547, 'Ponta Porã', 12),
(1548, 'Porto Murtinho', 12),
(1549, 'Ribas do Rio Pardo', 12),
(1550, 'Rio Brilhante', 12),
(1551, 'Rio Negro', 12),
(1552, 'Rio Verde de Mato Grosso', 12),
(1553, 'Rochedo', 12),
(1554, 'Santa Rita do Pardo', 12),
(1555, 'São Gabriel do Oeste', 12),
(1556, 'Selvíria', 12),
(1557, 'Sete Quedas', 12),
(1558, 'Sidrolândia', 12),
(1559, 'Sonora', 12),
(1560, 'Tacuru', 12),
(1561, 'Taquarussu', 12),
(1562, 'Terenos', 12),
(1563, 'Três Lagoas', 12),
(1564, 'Vicentina', 12),
(1565, 'Abadia dos Dourados', 11),
(1566, 'Abaeté', 11),
(1567, 'Abre Campo', 11),
(1568, 'Acaiaca', 11),
(1569, 'Açucena', 11),
(1570, 'Água Boa', 11),
(1571, 'Água Comprida', 11),
(1572, 'Aguanil', 11),
(1573, 'Águas Formosas', 11),
(1574, 'Águas Vermelhas', 11),
(1575, 'Aimorés', 11),
(1576, 'Aiuruoca', 11),
(1577, 'Alagoa', 11),
(1578, 'Albertina', 11),
(1579, 'Além Paraíba', 11),
(1580, 'Alfenas', 11),
(1581, 'Alfredo Vasconcelos', 11),
(1582, 'Almenara', 11),
(1583, 'Alpercata', 11),
(1584, 'Alpinópolis', 11),
(1585, 'Alterosa', 11),
(1586, 'Alto Caparaó', 11),
(1587, 'Alto Jequitibá', 11),
(1588, 'Alto Rio Doce', 11),
(1589, 'Alvarenga', 11),
(1590, 'Alvinópolis', 11),
(1591, 'Alvorada de Minas', 11),
(1592, 'Amparo do Serra', 11),
(1593, 'Andradas', 11),
(1594, 'Andrelândia', 11),
(1595, 'Angelândia', 11),
(1596, 'Antônio Carlos', 11),
(1597, 'Antônio Dias', 11),
(1598, 'Antônio Prado de Minas', 11),
(1599, 'Araçaí', 11),
(1600, 'Aracitaba', 11),
(1601, 'Araçuaí', 11),
(1602, 'Araguari', 11),
(1603, 'Arantina', 11),
(1604, 'Araponga', 11),
(1605, 'Araporã', 11),
(1606, 'Arapuá', 11),
(1607, 'Araújos', 11),
(1608, 'Araxá', 11),
(1609, 'Arceburgo', 11),
(1610, 'Arcos', 11),
(1611, 'Areado', 11),
(1612, 'Argirita', 11),
(1613, 'Aricanduva', 11),
(1614, 'Arinos', 11),
(1615, 'Astolfo Dutra', 11),
(1616, 'Ataléia', 11),
(1617, 'Augusto de Lima', 11),
(1618, 'Baependi', 11),
(1619, 'Baldim', 11),
(1620, 'Bambuí', 11),
(1621, 'Bandeira', 11),
(1622, 'Bandeira do Sul', 11),
(1623, 'Barão de Cocais', 11),
(1624, 'Barão de Monte Alto', 11),
(1625, 'Barbacena', 11),
(1626, 'Barra Longa', 11),
(1627, 'Barroso', 11),
(1628, 'Bela Vista de Minas', 11),
(1629, 'Belmiro Braga', 11),
(1630, 'Belo Horizonte', 11),
(1631, 'Belo Oriente', 11),
(1632, 'Belo Vale', 11),
(1633, 'Berilo', 11),
(1634, 'Berizal', 11),
(1635, 'Bertópolis', 11),
(1636, 'Betim', 11),
(1637, 'Bias Fortes', 11),
(1638, 'Bicas', 11),
(1639, 'Biquinhas', 11),
(1640, 'Boa Esperança', 11),
(1641, 'Bocaina de Minas', 11),
(1642, 'Bocaiúva', 11),
(1643, 'Bom Despacho', 11),
(1644, 'Bom Jardim de Minas', 11),
(1645, 'Bom Jesus da Penha', 11),
(1646, 'Bom Jesus do Amparo', 11),
(1647, 'Bom Jesus do Galho', 11),
(1648, 'Bom Repouso', 11),
(1649, 'Bom Sucesso', 11),
(1650, 'Bonfim', 11),
(1651, 'Bonfinópolis de Minas', 11),
(1652, 'Bonito de Minas', 11),
(1653, 'Borda da Mata', 11),
(1654, 'Botelhos', 11),
(1655, 'Botumirim', 11),
(1656, 'Brás Pires', 11),
(1657, 'Brasilândia de Minas', 11),
(1658, 'Brasília de Minas', 11),
(1659, 'Brasópolis', 11),
(1660, 'Braúnas', 11),
(1661, 'Brumadinho', 11),
(1662, 'Bueno Brandão', 11),
(1663, 'Buenópolis', 11),
(1664, 'Bugre', 11),
(1665, 'Buritis', 11),
(1666, 'Buritizeiro', 11),
(1667, 'Cabeceira Grande', 11),
(1668, 'Cabo Verde', 11),
(1669, 'Cachoeira da Prata', 11),
(1670, 'Cachoeira de Minas', 11),
(1671, 'Cachoeira de Pajeú', 11),
(1672, 'Cachoeira Dourada', 11),
(1673, 'Caetanópolis', 11),
(1674, 'Caeté', 11),
(1675, 'Caiana', 11),
(1676, 'Cajuri', 11),
(1677, 'Caldas', 11),
(1678, 'Camacho', 11),
(1679, 'Camanducaia', 11),
(1680, 'Cambuí', 11),
(1681, 'Cambuquira', 11),
(1682, 'Campanário', 11),
(1683, 'Campanha', 11),
(1684, 'Campestre', 11),
(1685, 'Campina Verde', 11),
(1686, 'Campo Azul', 11),
(1687, 'Campo Belo', 11),
(1688, 'Campo do Meio', 11),
(1689, 'Campo Florido', 11),
(1690, 'Campos Altos', 11),
(1691, 'Campos Gerais', 11),
(1692, 'Cana Verde', 11),
(1693, 'Canaã', 11),
(1694, 'Canápolis', 11),
(1695, 'Candeias', 11),
(1696, 'Cantagalo', 11),
(1697, 'Caparaó', 11),
(1698, 'Capela Nova', 11),
(1699, 'Capelinha', 11),
(1700, 'Capetinga', 11),
(1701, 'Capim Branco', 11),
(1702, 'Capinópolis', 11),
(1703, 'Capitão Andrade', 11),
(1704, 'Capitão Enéas', 11),
(1705, 'Capitólio', 11),
(1706, 'Caputira', 11),
(1707, 'Caraí', 11),
(1708, 'Caranaíba', 11),
(1709, 'Carandaí', 11),
(1710, 'Carangola', 11),
(1711, 'Caratinga', 11),
(1712, 'Carbonita', 11),
(1713, 'Careaçu', 11),
(1714, 'Carlos Chagas', 11),
(1715, 'Carmésia', 11),
(1716, 'Carmo da Cachoeira', 11),
(1717, 'Carmo da Mata', 11),
(1718, 'Carmo de Minas', 11),
(1719, 'Carmo do Cajuru', 11),
(1720, 'Carmo do Paranaíba', 11),
(1721, 'Carmo do Rio Claro', 11),
(1722, 'Carmópolis de Minas', 11),
(1723, 'Carneirinho', 11),
(1724, 'Carrancas', 11),
(1725, 'Carvalhópolis', 11),
(1726, 'Carvalhos', 11),
(1727, 'Casa Grande', 11),
(1728, 'Cascalho Rico', 11),
(1729, 'Cássia', 11),
(1730, 'Cataguases', 11),
(1731, 'Catas Altas', 11),
(1732, 'Catas Altas da Noruega', 11),
(1733, 'Catuji', 11),
(1734, 'Catuti', 11),
(1735, 'Caxambu', 11),
(1736, 'Cedro do Abaeté', 11),
(1737, 'Central de Minas', 11),
(1738, 'Centralina', 11),
(1739, 'Chácara', 11),
(1740, 'Chalé', 11),
(1741, 'Chapada do Norte', 11),
(1742, 'Chapada Gaúcha', 11),
(1743, 'Chiador', 11),
(1744, 'Cipotânea', 11),
(1745, 'Claraval', 11),
(1746, 'Claro dos Poções', 11),
(1747, 'Cláudio', 11),
(1748, 'Coimbra', 11),
(1749, 'Coluna', 11),
(1750, 'Comendador Gomes', 11),
(1751, 'Comercinho', 11),
(1752, 'Conceição da Aparecida', 11),
(1753, 'Conceição da Barra de Minas', 11),
(1754, 'Conceição das Alagoas', 11),
(1755, 'Conceição das Pedras', 11),
(1756, 'Conceição de Ipanema', 11),
(1757, 'Conceição do Mato Dentro', 11),
(1758, 'Conceição do Pará', 11),
(1759, 'Conceição do Rio Verde', 11),
(1760, 'Conceição dos Ouros', 11),
(1761, 'Cônego Marinho', 11),
(1762, 'Confins', 11),
(1763, 'Congonhal', 11),
(1764, 'Congonhas', 11),
(1765, 'Congonhas do Norte', 11),
(1766, 'Conquista', 11),
(1767, 'Conselheiro Lafaiete', 11),
(1768, 'Conselheiro Pena', 11),
(1769, 'Consolação', 11),
(1770, 'Contagem', 11),
(1771, 'Coqueiral', 11),
(1772, 'Coração de Jesus', 11),
(1773, 'Cordisburgo', 11),
(1774, 'Cordislândia', 11),
(1775, 'Corinto', 11),
(1776, 'Coroaci', 11),
(1777, 'Coromandel', 11),
(1778, 'Coronel Fabriciano', 11),
(1779, 'Coronel Murta', 11),
(1780, 'Coronel Pacheco', 11),
(1781, 'Coronel Xavier Chaves', 11),
(1782, 'Córrego Danta', 11),
(1783, 'Córrego do Bom Jesus', 11),
(1784, 'Córrego Fundo', 11),
(1785, 'Córrego Novo', 11),
(1786, 'Couto de Magalhães de Minas', 11),
(1787, 'Crisólita', 11),
(1788, 'Cristais', 11),
(1789, 'Cristália', 11),
(1790, 'Cristiano Otoni', 11),
(1791, 'Cristina', 11),
(1792, 'Crucilândia', 11),
(1793, 'Cruzeiro da Fortaleza', 11),
(1794, 'Cruzília', 11),
(1795, 'Cuparaque', 11),
(1796, 'Curral de Dentro', 11),
(1797, 'Curvelo', 11),
(1798, 'Datas', 11),
(1799, 'Delfim Moreira', 11),
(1800, 'Delfinópolis', 11),
(1801, 'Delta', 11),
(1802, 'Descoberto', 11),
(1803, 'Desterro de Entre Rios', 11),
(1804, 'Desterro do Melo', 11),
(1805, 'Diamantina', 11),
(1806, 'Diogo de Vasconcelos', 11),
(1807, 'Dionísio', 11),
(1808, 'Divinésia', 11),
(1809, 'Divino', 11),
(1810, 'Divino das Laranjeiras', 11),
(1811, 'Divinolândia de Minas', 11),
(1812, 'Divinópolis', 11),
(1813, 'Divisa Alegre', 11),
(1814, 'Divisa Nova', 11),
(1815, 'Divisópolis', 11),
(1816, 'Dom Bosco', 11),
(1817, 'Dom Cavati', 11),
(1818, 'Dom Joaquim', 11),
(1819, 'Dom Silvério', 11),
(1820, 'Dom Viçoso', 11),
(1821, 'Dona Eusébia', 11),
(1822, 'Dores de Campos', 11),
(1823, 'Dores de Guanhães', 11),
(1824, 'Dores do Indaiá', 11),
(1825, 'Dores do Turvo', 11),
(1826, 'Doresópolis', 11),
(1827, 'Douradoquara', 11),
(1828, 'Durandé', 11),
(1829, 'Elói Mendes', 11),
(1830, 'Engenheiro Caldas', 11),
(1831, 'Engenheiro Navarro', 11),
(1832, 'Entre Folhas', 11),
(1833, 'Entre Rios de Minas', 11),
(1834, 'Ervália', 11),
(1835, 'Esmeraldas', 11),
(1836, 'Espera Feliz', 11),
(1837, 'Espinosa', 11),
(1838, 'Espírito Santo do Dourado', 11),
(1839, 'Estiva', 11),
(1840, 'Estrela Dalva', 11),
(1841, 'Estrela do Indaiá', 11),
(1842, 'Estrela do Sul', 11),
(1843, 'Eugenópolis', 11),
(1844, 'Ewbank da Câmara', 11),
(1845, 'Extrema', 11),
(1846, 'Fama', 11),
(1847, 'Faria Lemos', 11),
(1848, 'Felício dos Santos', 11),
(1849, 'Felisburgo', 11),
(1850, 'Felixlândia', 11),
(1851, 'Fernandes Tourinho', 11),
(1852, 'Ferros', 11),
(1853, 'Fervedouro', 11),
(1854, 'Florestal', 11),
(1855, 'Formiga', 11),
(1856, 'Formoso', 11),
(1857, 'Fortaleza de Minas', 11),
(1858, 'Fortuna de Minas', 11),
(1859, 'Francisco Badaró', 11),
(1860, 'Francisco Dumont', 11),
(1861, 'Francisco Sá', 11),
(1862, 'Franciscópolis', 11),
(1863, 'Frei Gaspar', 11),
(1864, 'Frei Inocêncio', 11),
(1865, 'Frei Lagonegro', 11),
(1866, 'Fronteira', 11),
(1867, 'Fronteira dos Vales', 11),
(1868, 'Fruta de Leite', 11),
(1869, 'Frutal', 11),
(1870, 'Funilândia', 11),
(1871, 'Galiléia', 11),
(1872, 'Gameleiras', 11),
(1873, 'Glaucilândia', 11),
(1874, 'Goiabeira', 11),
(1875, 'Goianá', 11),
(1876, 'Gonçalves', 11),
(1877, 'Gonzaga', 11),
(1878, 'Gouveia', 11),
(1879, 'Governador Valadares', 11),
(1880, 'Grão Mogol', 11),
(1881, 'Grupiara', 11),
(1882, 'Guanhães', 11),
(1883, 'Guapé', 11),
(1884, 'Guaraciaba', 11),
(1885, 'Guaraciama', 11),
(1886, 'Guaranésia', 11),
(1887, 'Guarani', 11),
(1888, 'Guarará', 11),
(1889, 'Guarda-Mor', 11),
(1890, 'Guaxupé', 11),
(1891, 'Guidoval', 11),
(1892, 'Guimarânia', 11),
(1893, 'Guiricema', 11),
(1894, 'Gurinhatã', 11),
(1895, 'Heliodora', 11),
(1896, 'Iapu', 11),
(1897, 'Ibertioga', 11),
(1898, 'Ibiá', 11),
(1899, 'Ibiaí', 11),
(1900, 'Ibiracatu', 11),
(1901, 'Ibiraci', 11),
(1902, 'Ibirité', 11),
(1903, 'Ibitiúra de Minas', 11),
(1904, 'Ibituruna', 11),
(1905, 'Icaraí de Minas', 11),
(1906, 'Igarapé', 11),
(1907, 'Igaratinga', 11),
(1908, 'Iguatama', 11),
(1909, 'Ijaci', 11),
(1910, 'Ilicínea', 11),
(1911, 'Imbé de Minas', 11),
(1912, 'Inconfidentes', 11),
(1913, 'Indaiabira', 11),
(1914, 'Indianópolis', 11),
(1915, 'Ingaí', 11),
(1916, 'Inhapim', 11),
(1917, 'Inhaúma', 11),
(1918, 'Inimutaba', 11),
(1919, 'Ipaba', 11),
(1920, 'Ipanema', 11),
(1921, 'Ipatinga', 11),
(1922, 'Ipiaçu', 11),
(1923, 'Ipuiúna', 11),
(1924, 'Iraí de Minas', 11),
(1925, 'Itabira', 11),
(1926, 'Itabirinha de Mantena', 11),
(1927, 'Itabirito', 11),
(1928, 'Itacambira', 11),
(1929, 'Itacarambi', 11),
(1930, 'Itaguara', 11),
(1931, 'Itaipé', 11),
(1932, 'Itajubá', 11),
(1933, 'Itamarandiba', 11),
(1934, 'Itamarati de Minas', 11),
(1935, 'Itambacuri', 11),
(1936, 'Itambé do Mato Dentro', 11),
(1937, 'Itamogi', 11),
(1938, 'Itamonte', 11),
(1939, 'Itanhandu', 11),
(1940, 'Itanhomi', 11),
(1941, 'Itaobim', 11),
(1942, 'Itapagipe', 11),
(1943, 'Itapecerica', 11),
(1944, 'Itapeva', 11),
(1945, 'Itatiaiuçu', 11),
(1946, 'Itaú de Minas', 11),
(1947, 'Itaúna', 11),
(1948, 'Itaverava', 11),
(1949, 'Itinga', 11),
(1950, 'Itueta', 11),
(1951, 'Ituiutaba', 11),
(1952, 'Itumirim', 11),
(1953, 'Iturama', 11),
(1954, 'Itutinga', 11),
(1955, 'Jaboticatubas', 11),
(1956, 'Jacinto', 11),
(1957, 'Jacuí', 11),
(1958, 'Jacutinga', 11),
(1959, 'Jaguaraçu', 11),
(1960, 'Jaíba', 11),
(1961, 'Jampruca', 11),
(1962, 'Janaúba', 11),
(1963, 'Januária', 11),
(1964, 'Japaraíba', 11),
(1965, 'Japonvar', 11),
(1966, 'Jeceaba', 11),
(1967, 'Jenipapo de Minas', 11),
(1968, 'Jequeri', 11),
(1969, 'Jequitaí', 11),
(1970, 'Jequitibá', 11),
(1971, 'Jequitinhonha', 11),
(1972, 'Jesuânia', 11),
(1973, 'Joaíma', 11),
(1974, 'Joanésia', 11),
(1975, 'João Monlevade', 11),
(1976, 'João Pinheiro', 11),
(1977, 'Joaquim Felício', 11),
(1978, 'Jordânia', 11),
(1979, 'José Gonçalves de Minas', 11),
(1980, 'José Raydan', 11),
(1981, 'Josenópolis', 11),
(1982, 'Juatuba', 11),
(1983, 'Juiz de Fora', 11),
(1984, 'Juramento', 11),
(1985, 'Juruaia', 11),
(1986, 'Juvenília', 11),
(1987, 'Ladainha', 11),
(1988, 'Lagamar', 11),
(1989, 'Lagoa da Prata', 11),
(1990, 'Lagoa dos Patos', 11),
(1991, 'Lagoa Dourada', 11),
(1992, 'Lagoa Formosa', 11),
(1993, 'Lagoa Grande', 11),
(1994, 'Lagoa Santa', 11),
(1995, 'Lajinha', 11),
(1996, 'Lambari', 11),
(1997, 'Lamim', 11),
(1998, 'Laranjal', 11),
(1999, 'Lassance', 11),
(2000, 'Lavras', 11),
(2001, 'Leandro Ferreira', 11),
(2002, 'Leme do Prado', 11),
(2003, 'Leopoldina', 11),
(2004, 'Liberdade', 11),
(2005, 'Lima Duarte', 11),
(2006, 'Limeira do Oeste', 11),
(2007, 'Lontra', 11),
(2008, 'Luisburgo', 11),
(2009, 'Luislândia', 11),
(2010, 'Luminárias', 11),
(2011, 'Luz', 11),
(2012, 'Machacalis', 11),
(2013, 'Machado', 11),
(2014, 'Madre de Deus de Minas', 11),
(2015, 'Malacacheta', 11),
(2016, 'Mamonas', 11),
(2017, 'Manga', 11),
(2018, 'Manhuaçu', 11),
(2019, 'Manhumirim', 11),
(2020, 'Mantena', 11),
(2021, 'Mar de Espanha', 11),
(2022, 'Maravilhas', 11),
(2023, 'Maria da Fé', 11),
(2024, 'Mariana', 11),
(2025, 'Marilac', 11),
(2026, 'Mário Campos', 11);
INSERT INTO `cities` (`id`, `name`, `state_id`) VALUES
(2027, 'Maripá de Minas', 11),
(2028, 'Marliéria', 11),
(2029, 'Marmelópolis', 11),
(2030, 'Martinho Campos', 11),
(2031, 'Martins Soares', 11),
(2032, 'Mata Verde', 11),
(2033, 'Materlândia', 11),
(2034, 'Mateus Leme', 11),
(2035, 'Mathias Lobato', 11),
(2036, 'Matias Barbosa', 11),
(2037, 'Matias Cardoso', 11),
(2038, 'Matipó', 11),
(2039, 'Mato Verde', 11),
(2040, 'Matozinhos', 11),
(2041, 'Matutina', 11),
(2042, 'Medeiros', 11),
(2043, 'Medina', 11),
(2044, 'Mendes Pimentel', 11),
(2045, 'Mercês', 11),
(2046, 'Mesquita', 11),
(2047, 'Minas Novas', 11),
(2048, 'Minduri', 11),
(2049, 'Mirabela', 11),
(2050, 'Miradouro', 11),
(2051, 'Miraí', 11),
(2052, 'Miravânia', 11),
(2053, 'Moeda', 11),
(2054, 'Moema', 11),
(2055, 'Monjolos', 11),
(2056, 'Monsenhor Paulo', 11),
(2057, 'Montalvânia', 11),
(2058, 'Monte Alegre de Minas', 11),
(2059, 'Monte Azul', 11),
(2060, 'Monte Belo', 11),
(2061, 'Monte Carmelo', 11),
(2062, 'Monte Formoso', 11),
(2063, 'Monte Santo de Minas', 11),
(2064, 'Monte Sião', 11),
(2065, 'Montes Claros', 11),
(2066, 'Montezuma', 11),
(2067, 'Morada Nova de Minas', 11),
(2068, 'Morro da Garça', 11),
(2069, 'Morro do Pilar', 11),
(2070, 'Munhoz', 11),
(2071, 'Muriaé', 11),
(2072, 'Mutum', 11),
(2073, 'Muzambinho', 11),
(2074, 'Nacip Raydan', 11),
(2075, 'Nanuque', 11),
(2076, 'Naque', 11),
(2077, 'Natalândia', 11),
(2078, 'Natércia', 11),
(2079, 'Nazareno', 11),
(2080, 'Nepomuceno', 11),
(2081, 'Ninheira', 11),
(2082, 'Nova Belém', 11),
(2083, 'Nova Era', 11),
(2084, 'Nova Lima', 11),
(2085, 'Nova Módica', 11),
(2086, 'Nova Ponte', 11),
(2087, 'Nova Porteirinha', 11),
(2088, 'Nova Resende', 11),
(2089, 'Nova Serrana', 11),
(2090, 'Nova União', 11),
(2091, 'Novo Cruzeiro', 11),
(2092, 'Novo Oriente de Minas', 11),
(2093, 'Novorizonte', 11),
(2094, 'Olaria', 11),
(2095, 'Olhos-d`Água', 11),
(2096, 'Olímpio Noronha', 11),
(2097, 'Oliveira', 11),
(2098, 'Oliveira Fortes', 11),
(2099, 'Onça de Pitangui', 11),
(2100, 'Oratórios', 11),
(2101, 'Orizânia', 11),
(2102, 'Ouro Branco', 11),
(2103, 'Ouro Fino', 11),
(2104, 'Ouro Preto', 11),
(2105, 'Ouro Verde de Minas', 11),
(2106, 'Padre Carvalho', 11),
(2107, 'Padre Paraíso', 11),
(2108, 'Pai Pedro', 11),
(2109, 'Paineiras', 11),
(2110, 'Pains', 11),
(2111, 'Paiva', 11),
(2112, 'Palma', 11),
(2113, 'Palmópolis', 11),
(2114, 'Papagaios', 11),
(2115, 'Pará de Minas', 11),
(2116, 'Paracatu', 11),
(2117, 'Paraguaçu', 11),
(2118, 'Paraisópolis', 11),
(2119, 'Paraopeba', 11),
(2120, 'Passa Quatro', 11),
(2121, 'Passa Tempo', 11),
(2122, 'Passabém', 11),
(2123, 'Passa-Vinte', 11),
(2124, 'Passos', 11),
(2125, 'Patis', 11),
(2126, 'Patos de Minas', 11),
(2127, 'Patrocínio', 11),
(2128, 'Patrocínio do Muriaé', 11),
(2129, 'Paula Cândido', 11),
(2130, 'Paulistas', 11),
(2131, 'Pavão', 11),
(2132, 'Peçanha', 11),
(2133, 'Pedra Azul', 11),
(2134, 'Pedra Bonita', 11),
(2135, 'Pedra do Anta', 11),
(2136, 'Pedra do Indaiá', 11),
(2137, 'Pedra Dourada', 11),
(2138, 'Pedralva', 11),
(2139, 'Pedras de Maria da Cruz', 11),
(2140, 'Pedrinópolis', 11),
(2141, 'Pedro Leopoldo', 11),
(2142, 'Pedro Teixeira', 11),
(2143, 'Pequeri', 11),
(2144, 'Pequi', 11),
(2145, 'Perdigão', 11),
(2146, 'Perdizes', 11),
(2147, 'Perdões', 11),
(2148, 'Periquito', 11),
(2149, 'Pescador', 11),
(2150, 'Piau', 11),
(2151, 'Piedade de Caratinga', 11),
(2152, 'Piedade de Ponte Nova', 11),
(2153, 'Piedade do Rio Grande', 11),
(2154, 'Piedade dos Gerais', 11),
(2155, 'Pimenta', 11),
(2156, 'Pingo-d`Água', 11),
(2157, 'Pintópolis', 11),
(2158, 'Piracema', 11),
(2159, 'Pirajuba', 11),
(2160, 'Piranga', 11),
(2161, 'Piranguçu', 11),
(2162, 'Piranguinho', 11),
(2163, 'Pirapetinga', 11),
(2164, 'Pirapora', 11),
(2165, 'Piraúba', 11),
(2166, 'Pitangui', 11),
(2167, 'Piumhi', 11),
(2168, 'Planura', 11),
(2169, 'Poço Fundo', 11),
(2170, 'Poços de Caldas', 11),
(2171, 'Pocrane', 11),
(2172, 'Pompéu', 11),
(2173, 'Ponte Nova', 11),
(2174, 'Ponto Chique', 11),
(2175, 'Ponto dos Volantes', 11),
(2176, 'Porteirinha', 11),
(2177, 'Porto Firme', 11),
(2178, 'Poté', 11),
(2179, 'Pouso Alegre', 11),
(2180, 'Pouso Alto', 11),
(2181, 'Prados', 11),
(2182, 'Prata', 11),
(2183, 'Pratápolis', 11),
(2184, 'Pratinha', 11),
(2185, 'Presidente Bernardes', 11),
(2186, 'Presidente Juscelino', 11),
(2187, 'Presidente Kubitschek', 11),
(2188, 'Presidente Olegário', 11),
(2189, 'Prudente de Morais', 11),
(2190, 'Quartel Geral', 11),
(2191, 'Queluzito', 11),
(2192, 'Raposos', 11),
(2193, 'Raul Soares', 11),
(2194, 'Recreio', 11),
(2195, 'Reduto', 11),
(2196, 'Resende Costa', 11),
(2197, 'Resplendor', 11),
(2198, 'Ressaquinha', 11),
(2199, 'Riachinho', 11),
(2200, 'Riacho dos Machados', 11),
(2201, 'Ribeirão das Neves', 11),
(2202, 'Ribeirão Vermelho', 11),
(2203, 'Rio Acima', 11),
(2204, 'Rio Casca', 11),
(2205, 'Rio do Prado', 11),
(2206, 'Rio Doce', 11),
(2207, 'Rio Espera', 11),
(2208, 'Rio Manso', 11),
(2209, 'Rio Novo', 11),
(2210, 'Rio Paranaíba', 11),
(2211, 'Rio Pardo de Minas', 11),
(2212, 'Rio Piracicaba', 11),
(2213, 'Rio Pomba', 11),
(2214, 'Rio Preto', 11),
(2215, 'Rio Vermelho', 11),
(2216, 'Ritápolis', 11),
(2217, 'Rochedo de Minas', 11),
(2218, 'Rodeiro', 11),
(2219, 'Romaria', 11),
(2220, 'Rosário da Limeira', 11),
(2221, 'Rubelita', 11),
(2222, 'Rubim', 11),
(2223, 'Sabará', 11),
(2224, 'Sabinópolis', 11),
(2225, 'Sacramento', 11),
(2226, 'Salinas', 11),
(2227, 'Salto da Divisa', 11),
(2228, 'Santa Bárbara', 11),
(2229, 'Santa Bárbara do Leste', 11),
(2230, 'Santa Bárbara do Monte Verde', 11),
(2231, 'Santa Bárbara do Tugúrio', 11),
(2232, 'Santa Cruz de Minas', 11),
(2233, 'Santa Cruz de Salinas', 11),
(2234, 'Santa Cruz do Escalvado', 11),
(2235, 'Santa Efigênia de Minas', 11),
(2236, 'Santa Fé de Minas', 11),
(2237, 'Santa Helena de Minas', 11),
(2238, 'Santa Juliana', 11),
(2239, 'Santa Luzia', 11),
(2240, 'Santa Margarida', 11),
(2241, 'Santa Maria de Itabira', 11),
(2242, 'Santa Maria do Salto', 11),
(2243, 'Santa Maria do Suaçuí', 11),
(2244, 'Santa Rita de Caldas', 11),
(2245, 'Santa Rita de Ibitipoca', 11),
(2246, 'Santa Rita de Jacutinga', 11),
(2247, 'Santa Rita de Minas', 11),
(2248, 'Santa Rita do Itueto', 11),
(2249, 'Santa Rita do Sapucaí', 11),
(2250, 'Santa Rosa da Serra', 11),
(2251, 'Santa Vitória', 11),
(2252, 'Santana da Vargem', 11),
(2253, 'Santana de Cataguases', 11),
(2254, 'Santana de Pirapama', 11),
(2255, 'Santana do Deserto', 11),
(2256, 'Santana do Garambéu', 11),
(2257, 'Santana do Jacaré', 11),
(2258, 'Santana do Manhuaçu', 11),
(2259, 'Santana do Paraíso', 11),
(2260, 'Santana do Riacho', 11),
(2261, 'Santana dos Montes', 11),
(2262, 'Santo Antônio do Amparo', 11),
(2263, 'Santo Antônio do Aventureiro', 11),
(2264, 'Santo Antônio do Grama', 11),
(2265, 'Santo Antônio do Itambé', 11),
(2266, 'Santo Antônio do Jacinto', 11),
(2267, 'Santo Antônio do Monte', 11),
(2268, 'Santo Antônio do Retiro', 11),
(2269, 'Santo Antônio do Rio Abaixo', 11),
(2270, 'Santo Hipólito', 11),
(2271, 'Santos Dumont', 11),
(2272, 'São Bento Abade', 11),
(2273, 'São Brás do Suaçuí', 11),
(2274, 'São Domingos das Dores', 11),
(2275, 'São Domingos do Prata', 11),
(2276, 'São Félix de Minas', 11),
(2277, 'São Francisco', 11),
(2278, 'São Francisco de Paula', 11),
(2279, 'São Francisco de Sales', 11),
(2280, 'São Francisco do Glória', 11),
(2281, 'São Geraldo', 11),
(2282, 'São Geraldo da Piedade', 11),
(2283, 'São Geraldo do Baixio', 11),
(2284, 'São Gonçalo do Abaeté', 11),
(2285, 'São Gonçalo do Pará', 11),
(2286, 'São Gonçalo do Rio Abaixo', 11),
(2287, 'São Gonçalo do Rio Preto', 11),
(2288, 'São Gonçalo do Sapucaí', 11),
(2289, 'São Gotardo', 11),
(2290, 'São João Batista do Glória', 11),
(2291, 'São João da Lagoa', 11),
(2292, 'São João da Mata', 11),
(2293, 'São João da Ponte', 11),
(2294, 'São João das Missões', 11),
(2295, 'São João del Rei', 11),
(2296, 'São João do Manhuaçu', 11),
(2297, 'São João do Manteninha', 11),
(2298, 'São João do Oriente', 11),
(2299, 'São João do Pacuí', 11),
(2300, 'São João do Paraíso', 11),
(2301, 'São João Evangelista', 11),
(2302, 'São João Nepomuceno', 11),
(2303, 'São Joaquim de Bicas', 11),
(2304, 'São José da Barra', 11),
(2305, 'São José da Lapa', 11),
(2306, 'São José da Safira', 11),
(2307, 'São José da Varginha', 11),
(2308, 'São José do Alegre', 11),
(2309, 'São José do Divino', 11),
(2310, 'São José do Goiabal', 11),
(2311, 'São José do Jacuri', 11),
(2312, 'São José do Mantimento', 11),
(2313, 'São Lourenço', 11),
(2314, 'São Miguel do Anta', 11),
(2315, 'São Pedro da União', 11),
(2316, 'São Pedro do Suaçuí', 11),
(2317, 'São Pedro dos Ferros', 11),
(2318, 'São Romão', 11),
(2319, 'São Roque de Minas', 11),
(2320, 'São Sebastião da Bela Vista', 11),
(2321, 'São Sebastião da Vargem Alegre', 11),
(2322, 'São Sebastião do Anta', 11),
(2323, 'São Sebastião do Maranhão', 11),
(2324, 'São Sebastião do Oeste', 11),
(2325, 'São Sebastião do Paraíso', 11),
(2326, 'São Sebastião do Rio Preto', 11),
(2327, 'São Sebastião do Rio Verde', 11),
(2328, 'São Thomé das Letras', 11),
(2329, 'São Tiago', 11),
(2330, 'São Tomás de Aquino', 11),
(2331, 'São Vicente de Minas', 11),
(2332, 'Sapucaí-Mirim', 11),
(2333, 'Sardoá', 11),
(2334, 'Sarzedo', 11),
(2335, 'Sem-Peixe', 11),
(2336, 'Senador Amaral', 11),
(2337, 'Senador Cortes', 11),
(2338, 'Senador Firmino', 11),
(2339, 'Senador José Bento', 11),
(2340, 'Senador Modestino Gonçalves', 11),
(2341, 'Senhora de Oliveira', 11),
(2342, 'Senhora do Porto', 11),
(2343, 'Senhora dos Remédios', 11),
(2344, 'Sericita', 11),
(2345, 'Seritinga', 11),
(2346, 'Serra Azul de Minas', 11),
(2347, 'Serra da Saudade', 11),
(2348, 'Serra do Salitre', 11),
(2349, 'Serra dos Aimorés', 11),
(2350, 'Serrania', 11),
(2351, 'Serranópolis de Minas', 11),
(2352, 'Serranos', 11),
(2353, 'Serro', 11),
(2354, 'Sete Lagoas', 11),
(2355, 'Setubinha', 11),
(2356, 'Silveirânia', 11),
(2357, 'Silvianópolis', 11),
(2358, 'Simão Pereira', 11),
(2359, 'Simonésia', 11),
(2360, 'Sobrália', 11),
(2361, 'Soledade de Minas', 11),
(2362, 'Tabuleiro', 11),
(2363, 'Taiobeiras', 11),
(2364, 'Taparuba', 11),
(2365, 'Tapira', 11),
(2366, 'Tapiraí', 11),
(2367, 'Taquaraçu de Minas', 11),
(2368, 'Tarumirim', 11),
(2369, 'Teixeiras', 11),
(2370, 'Teófilo Otoni', 11),
(2371, 'Timóteo', 11),
(2372, 'Tiradentes', 11),
(2373, 'Tiros', 11),
(2374, 'Tocantins', 11),
(2375, 'Tocos do Moji', 11),
(2376, 'Toledo', 11),
(2377, 'Tombos', 11),
(2378, 'Três Corações', 11),
(2379, 'Três Marias', 11),
(2380, 'Três Pontas', 11),
(2381, 'Tumiritinga', 11),
(2382, 'Tupaciguara', 11),
(2383, 'Turmalina', 11),
(2384, 'Turvolândia', 11),
(2385, 'Ubá', 11),
(2386, 'Ubaí', 11),
(2387, 'Ubaporanga', 11),
(2388, 'Uberaba', 11),
(2389, 'Uberlândia', 11),
(2390, 'Umburatiba', 11),
(2391, 'Unaí', 11),
(2392, 'União de Minas', 11),
(2393, 'Uruana de Minas', 11),
(2394, 'Urucânia', 11),
(2395, 'Urucuia', 11),
(2396, 'Vargem Alegre', 11),
(2397, 'Vargem Bonita', 11),
(2398, 'Vargem Grande do Rio Pardo', 11),
(2399, 'Varginha', 11),
(2400, 'Varjão de Minas', 11),
(2401, 'Várzea da Palma', 11),
(2402, 'Varzelândia', 11),
(2403, 'Vazante', 11),
(2404, 'Verdelândia', 11),
(2405, 'Veredinha', 11),
(2406, 'Veríssimo', 11),
(2407, 'Vermelho Novo', 11),
(2408, 'Vespasiano', 11),
(2409, 'Viçosa', 11),
(2410, 'Vieiras', 11),
(2411, 'Virgem da Lapa', 11),
(2412, 'Virgínia', 11),
(2413, 'Virginópolis', 11),
(2414, 'Virgolândia', 11),
(2415, 'Visconde do Rio Branco', 11),
(2416, 'Volta Grande', 11),
(2417, 'Wenceslau Braz', 11),
(2418, 'Abaetetuba', 14),
(2419, 'Abel Figueiredo', 14),
(2420, 'Acará', 14),
(2421, 'Afuá', 14),
(2422, 'Água Azul do Norte', 14),
(2423, 'Alenquer', 14),
(2424, 'Almeirim', 14),
(2425, 'Altamira', 14),
(2426, 'Anajás', 14),
(2427, 'Ananindeua', 14),
(2428, 'Anapu', 14),
(2429, 'Augusto Corrêa', 14),
(2430, 'Aurora do Pará', 14),
(2431, 'Aveiro', 14),
(2432, 'Bagre', 14),
(2433, 'Baião', 14),
(2434, 'Bannach', 14),
(2435, 'Barcarena', 14),
(2436, 'Belém', 14),
(2437, 'Belterra', 14),
(2438, 'Benevides', 14),
(2439, 'Bom Jesus do Tocantins', 14),
(2440, 'Bonito', 14),
(2441, 'Bragança', 14),
(2442, 'Brasil Novo', 14),
(2443, 'Brejo Grande do Araguaia', 14),
(2444, 'Breu Branco', 14),
(2445, 'Breves', 14),
(2446, 'Bujaru', 14),
(2447, 'Cachoeira do Arari', 14),
(2448, 'Cachoeira do Piriá', 14),
(2449, 'Cametá', 14),
(2450, 'Canaã dos Carajás', 14),
(2451, 'Capanema', 14),
(2452, 'Capitão Poço', 14),
(2453, 'Castanhal', 14),
(2454, 'Chaves', 14),
(2455, 'Colares', 14),
(2456, 'Conceição do Araguaia', 14),
(2457, 'Concórdia do Pará', 14),
(2458, 'Cumaru do Norte', 14),
(2459, 'Curionópolis', 14),
(2460, 'Curralinho', 14),
(2461, 'Curuá', 14),
(2462, 'Curuçá', 14),
(2463, 'Dom Eliseu', 14),
(2464, 'Eldorado dos Carajás', 14),
(2465, 'Faro', 14),
(2466, 'Floresta do Araguaia', 14),
(2467, 'Garrafão do Norte', 14),
(2468, 'Goianésia do Pará', 14),
(2469, 'Gurupá', 14),
(2470, 'Igarapé-Açu', 14),
(2471, 'Igarapé-Miri', 14),
(2472, 'Inhangapi', 14),
(2473, 'Ipixuna do Pará', 14),
(2474, 'Irituia', 14),
(2475, 'Itaituba', 14),
(2476, 'Itupiranga', 14),
(2477, 'Jacareacanga', 14),
(2478, 'Jacundá', 14),
(2479, 'Juruti', 14),
(2480, 'Limoeiro do Ajuru', 14),
(2481, 'Mãe do Rio', 14),
(2482, 'Magalhães Barata', 14),
(2483, 'Marabá', 14),
(2484, 'Maracanã', 14),
(2485, 'Marapanim', 14),
(2486, 'Marituba', 14),
(2487, 'Medicilândia', 14),
(2488, 'Melgaço', 14),
(2489, 'Mocajuba', 14),
(2490, 'Moju', 14),
(2491, 'Monte Alegre', 14),
(2492, 'Muaná', 14),
(2493, 'Nova Esperança do Piriá', 14),
(2494, 'Nova Ipixuna', 14),
(2495, 'Nova Timboteua', 14),
(2496, 'Novo Progresso', 14),
(2497, 'Novo Repartimento', 14),
(2498, 'Óbidos', 14),
(2499, 'Oeiras do Pará', 14),
(2500, 'Oriximiná', 14),
(2501, 'Ourém', 14),
(2502, 'Ourilândia do Norte', 14),
(2503, 'Pacajá', 14),
(2504, 'Palestina do Pará', 14),
(2505, 'Paragominas', 14),
(2506, 'Parauapebas', 14),
(2507, 'Pau d`Arco', 14),
(2508, 'Peixe-Boi', 14),
(2509, 'Piçarra', 14),
(2510, 'Placas', 14),
(2511, 'Ponta de Pedras', 14),
(2512, 'Portel', 14),
(2513, 'Porto de Moz', 14),
(2514, 'Prainha', 14),
(2515, 'Primavera', 14),
(2516, 'Quatipuru', 14),
(2517, 'Redenção', 14),
(2518, 'Rio Maria', 14),
(2519, 'Rondon do Pará', 14),
(2520, 'Rurópolis', 14),
(2521, 'Salinópolis', 14),
(2522, 'Salvaterra', 14),
(2523, 'Santa Bárbara do Pará', 14),
(2524, 'Santa Cruz do Arari', 14),
(2525, 'Santa Isabel do Pará', 14),
(2526, 'Santa Luzia do Pará', 14),
(2527, 'Santa Maria das Barreiras', 14),
(2528, 'Santa Maria do Pará', 14),
(2529, 'Santana do Araguaia', 14),
(2530, 'Santarém', 14),
(2531, 'Santarém Novo', 14),
(2532, 'Santo Antônio do Tauá', 14),
(2533, 'São Caetano de Odivelas', 14),
(2534, 'São Domingos do Araguaia', 14),
(2535, 'São Domingos do Capim', 14),
(2536, 'São Félix do Xingu', 14),
(2537, 'São Francisco do Pará', 14),
(2538, 'São Geraldo do Araguaia', 14),
(2539, 'São João da Ponta', 14),
(2540, 'São João de Pirabas', 14),
(2541, 'São João do Araguaia', 14),
(2542, 'São Miguel do Guamá', 14),
(2543, 'São Sebastião da Boa Vista', 14),
(2544, 'Sapucaia', 14),
(2545, 'Senador José Porfírio', 14),
(2546, 'Soure', 14),
(2547, 'Tailândia', 14),
(2548, 'Terra Alta', 14),
(2549, 'Terra Santa', 14),
(2550, 'Tomé-Açu', 14),
(2551, 'Tracuateua', 14),
(2552, 'Trairão', 14),
(2553, 'Tucumã', 14),
(2554, 'Tucuruí', 14),
(2555, 'Ulianópolis', 14),
(2556, 'Uruará', 14),
(2557, 'Vigia', 14),
(2558, 'Viseu', 14),
(2559, 'Vitória do Xingu', 14),
(2560, 'Xinguara', 14),
(2561, 'Água Branca', 15),
(2562, 'Aguiar', 15),
(2563, 'Alagoa Grande', 15),
(2564, 'Alagoa Nova', 15),
(2565, 'Alagoinha', 15),
(2566, 'Alcantil', 15),
(2567, 'Algodão de Jandaíra', 15),
(2568, 'Alhandra', 15),
(2569, 'Amparo', 15),
(2570, 'Aparecida', 15),
(2571, 'Araçagi', 15),
(2572, 'Arara', 15),
(2573, 'Araruna', 15),
(2574, 'Areia', 15),
(2575, 'Areia de Baraúnas', 15),
(2576, 'Areial', 15),
(2577, 'Aroeiras', 15),
(2578, 'Assunção', 15),
(2579, 'Baía da Traição', 15),
(2580, 'Bananeiras', 15),
(2581, 'Baraúna', 15),
(2582, 'Barra de Santa Rosa', 15),
(2583, 'Barra de Santana', 15),
(2584, 'Barra de São Miguel', 15),
(2585, 'Bayeux', 15),
(2586, 'Belém', 15),
(2587, 'Belém do Brejo do Cruz', 15),
(2588, 'Bernardino Batista', 15),
(2589, 'Boa Ventura', 15),
(2590, 'Boa Vista', 15),
(2591, 'Bom Jesus', 15),
(2592, 'Bom Sucesso', 15),
(2593, 'Bonito de Santa Fé', 15),
(2594, 'Boqueirão', 15),
(2595, 'Borborema', 15),
(2596, 'Brejo do Cruz', 15),
(2597, 'Brejo dos Santos', 15),
(2598, 'Caaporã', 15),
(2599, 'Cabaceiras', 15),
(2600, 'Cabedelo', 15),
(2601, 'Cachoeira dos Índios', 15),
(2602, 'Cacimba de Areia', 15),
(2603, 'Cacimba de Dentro', 15),
(2604, 'Cacimbas', 15),
(2605, 'Caiçara', 15),
(2606, 'Cajazeiras', 15),
(2607, 'Cajazeirinhas', 15),
(2608, 'Caldas Brandão', 15),
(2609, 'Camalaú', 15),
(2610, 'Campina Grande', 15),
(2611, 'Campo de Santana', 15),
(2612, 'Capim', 15),
(2613, 'Caraúbas', 15),
(2614, 'Carrapateira', 15),
(2615, 'Casserengue', 15),
(2616, 'Catingueira', 15),
(2617, 'Catolé do Rocha', 15),
(2618, 'Caturité', 15),
(2619, 'Conceição', 15),
(2620, 'Condado', 15),
(2621, 'Conde', 15),
(2622, 'Congo', 15),
(2623, 'Coremas', 15),
(2624, 'Coxixola', 15),
(2625, 'Cruz do Espírito Santo', 15),
(2626, 'Cubati', 15),
(2627, 'Cuité', 15),
(2628, 'Cuité de Mamanguape', 15),
(2629, 'Cuitegi', 15),
(2630, 'Curral de Cima', 15),
(2631, 'Curral Velho', 15),
(2632, 'Damião', 15),
(2633, 'Desterro', 15),
(2634, 'Diamante', 15),
(2635, 'Dona Inês', 15),
(2636, 'Duas Estradas', 15),
(2637, 'Emas', 15),
(2638, 'Esperança', 15),
(2639, 'Fagundes', 15),
(2640, 'Frei Martinho', 15),
(2641, 'Gado Bravo', 15),
(2642, 'Guarabira', 15),
(2643, 'Gurinhém', 15),
(2644, 'Gurjão', 15),
(2645, 'Ibiara', 15),
(2646, 'Igaracy', 15),
(2647, 'Imaculada', 15),
(2648, 'Ingá', 15),
(2649, 'Itabaiana', 15),
(2650, 'Itaporanga', 15),
(2651, 'Itapororoca', 15),
(2652, 'Itatuba', 15),
(2653, 'Jacaraú', 15),
(2654, 'Jericó', 15),
(2655, 'João Pessoa', 15),
(2656, 'Juarez Távora', 15),
(2657, 'Juazeirinho', 15),
(2658, 'Junco do Seridó', 15),
(2659, 'Juripiranga', 15),
(2660, 'Juru', 15),
(2661, 'Lagoa', 15),
(2662, 'Lagoa de Dentro', 15),
(2663, 'Lagoa Seca', 15),
(2664, 'Lastro', 15),
(2665, 'Livramento', 15),
(2666, 'Logradouro', 15),
(2667, 'Lucena', 15),
(2668, 'Mãe d`Água', 15),
(2669, 'Malta', 15),
(2670, 'Mamanguape', 15),
(2671, 'Manaíra', 15),
(2672, 'Marcação', 15),
(2673, 'Mari', 15),
(2674, 'Marizópolis', 15),
(2675, 'Massaranduba', 15),
(2676, 'Mataraca', 15),
(2677, 'Matinhas', 15),
(2678, 'Mato Grosso', 15),
(2679, 'Maturéia', 15),
(2680, 'Mogeiro', 15),
(2681, 'Montadas', 15),
(2682, 'Monte Horebe', 15),
(2683, 'Monteiro', 15),
(2684, 'Mulungu', 15),
(2685, 'Natuba', 15),
(2686, 'Nazarezinho', 15),
(2687, 'Nova Floresta', 15),
(2688, 'Nova Olinda', 15),
(2689, 'Nova Palmeira', 15),
(2690, 'Olho d`Água', 15),
(2691, 'Olivedos', 15),
(2692, 'Ouro Velho', 15),
(2693, 'Parari', 15),
(2694, 'Passagem', 15),
(2695, 'Patos', 15),
(2696, 'Paulista', 15),
(2697, 'Pedra Branca', 15),
(2698, 'Pedra Lavrada', 15),
(2699, 'Pedras de Fogo', 15),
(2700, 'Pedro Régis', 15),
(2701, 'Piancó', 15),
(2702, 'Picuí', 15),
(2703, 'Pilar', 15),
(2704, 'Pilões', 15),
(2705, 'Pilõezinhos', 15),
(2706, 'Pirpirituba', 15),
(2707, 'Pitimbu', 15),
(2708, 'Pocinhos', 15),
(2709, 'Poço Dantas', 15),
(2710, 'Poço de José de Moura', 15),
(2711, 'Pombal', 15),
(2712, 'Prata', 15),
(2713, 'Princesa Isabel', 15),
(2714, 'Puxinanã', 15),
(2715, 'Queimadas', 15),
(2716, 'Quixabá', 15),
(2717, 'Remígio', 15),
(2718, 'Riachão', 15),
(2719, 'Riachão do Bacamarte', 15),
(2720, 'Riachão do Poço', 15),
(2721, 'Riacho de Santo Antônio', 15),
(2722, 'Riacho dos Cavalos', 15),
(2723, 'Rio Tinto', 15),
(2724, 'Salgadinho', 15),
(2725, 'Salgado de São Félix', 15),
(2726, 'Santa Cecília', 15),
(2727, 'Santa Cruz', 15),
(2728, 'Santa Helena', 15),
(2729, 'Santa Inês', 15),
(2730, 'Santa Luzia', 15),
(2731, 'Santa Rita', 15),
(2732, 'Santa Teresinha', 15),
(2733, 'Santana de Mangueira', 15),
(2734, 'Santana dos Garrotes', 15),
(2735, 'Santarém', 15),
(2736, 'Santo André', 15),
(2737, 'São Bentinho', 15),
(2738, 'São Bento', 15),
(2739, 'São Domingos de Pombal', 15),
(2740, 'São Domingos do Cariri', 15),
(2741, 'São Francisco', 15),
(2742, 'São João do Cariri', 15),
(2743, 'São João do Rio do Peixe', 15),
(2744, 'São João do Tigre', 15),
(2745, 'São José da Lagoa Tapada', 15),
(2746, 'São José de Caiana', 15),
(2747, 'São José de Espinharas', 15),
(2748, 'São José de Piranhas', 15),
(2749, 'São José de Princesa', 15),
(2750, 'São José do Bonfim', 15),
(2751, 'São José do Brejo do Cruz', 15),
(2752, 'São José do Sabugi', 15),
(2753, 'São José dos Cordeiros', 15),
(2754, 'São José dos Ramos', 15),
(2755, 'São Mamede', 15),
(2756, 'São Miguel de Taipu', 15),
(2757, 'São Sebastião de Lagoa de Roça', 15),
(2758, 'São Sebastião do Umbuzeiro', 15),
(2759, 'Sapé', 15),
(2760, 'Seridó', 15),
(2761, 'Serra Branca', 15),
(2762, 'Serra da Raiz', 15),
(2763, 'Serra Grande', 15),
(2764, 'Serra Redonda', 15),
(2765, 'Serraria', 15),
(2766, 'Sertãozinho', 15),
(2767, 'Sobrado', 15),
(2768, 'Solânea', 15),
(2769, 'Soledade', 15),
(2770, 'Sossêgo', 15),
(2771, 'Sousa', 15),
(2772, 'Sumé', 15),
(2773, 'Taperoá', 15),
(2774, 'Tavares', 15),
(2775, 'Teixeira', 15),
(2776, 'Tenório', 15),
(2777, 'Triunfo', 15),
(2778, 'Uiraúna', 15),
(2779, 'Umbuzeiro', 15),
(2780, 'Várzea', 15),
(2781, 'Vieirópolis', 15),
(2782, 'Vista Serrana', 15),
(2783, 'Zabelê', 15),
(2784, 'Abatiá', 18),
(2785, 'Adrianópolis', 18),
(2786, 'Agudos do Sul', 18),
(2787, 'Almirante Tamandaré', 18),
(2788, 'Altamira do Paraná', 18),
(2789, 'Alto Paraíso', 18),
(2790, 'Alto Paraná', 18),
(2791, 'Alto Piquiri', 18),
(2792, 'Altônia', 18),
(2793, 'Alvorada do Sul', 18),
(2794, 'Amaporã', 18),
(2795, 'Ampére', 18),
(2796, 'Anahy', 18),
(2797, 'Andirá', 18),
(2798, 'Ângulo', 18),
(2799, 'Antonina', 18),
(2800, 'Antônio Olinto', 18),
(2801, 'Apucarana', 18),
(2802, 'Arapongas', 18),
(2803, 'Arapoti', 18),
(2804, 'Arapuã', 18),
(2805, 'Araruna', 18),
(2806, 'Araucária', 18),
(2807, 'Ariranha do Ivaí', 18),
(2808, 'Assaí', 18),
(2809, 'Assis Chateaubriand', 18),
(2810, 'Astorga', 18),
(2811, 'Atalaia', 18),
(2812, 'Balsa Nova', 18),
(2813, 'Bandeirantes', 18),
(2814, 'Barbosa Ferraz', 18),
(2815, 'Barra do Jacaré', 18),
(2816, 'Barracão', 18),
(2817, 'Bela Vista da Caroba', 18),
(2818, 'Bela Vista do Paraíso', 18),
(2819, 'Bituruna', 18),
(2820, 'Boa Esperança', 18),
(2821, 'Boa Esperança do Iguaçu', 18),
(2822, 'Boa Ventura de São Roque', 18),
(2823, 'Boa Vista da Aparecida', 18),
(2824, 'Bocaiúva do Sul', 18),
(2825, 'Bom Jesus do Sul', 18),
(2826, 'Bom Sucesso', 18),
(2827, 'Bom Sucesso do Sul', 18),
(2828, 'Borrazópolis', 18),
(2829, 'Braganey', 18),
(2830, 'Brasilândia do Sul', 18),
(2831, 'Cafeara', 18),
(2832, 'Cafelândia', 18),
(2833, 'Cafezal do Sul', 18),
(2834, 'Califórnia', 18),
(2835, 'Cambará', 18),
(2836, 'Cambé', 18),
(2837, 'Cambira', 18),
(2838, 'Campina da Lagoa', 18),
(2839, 'Campina do Simão', 18),
(2840, 'Campina Grande do Sul', 18),
(2841, 'Campo Bonito', 18),
(2842, 'Campo do Tenente', 18),
(2843, 'Campo Largo', 18),
(2844, 'Campo Magro', 18),
(2845, 'Campo Mourão', 18),
(2846, 'Cândido de Abreu', 18),
(2847, 'Candói', 18),
(2848, 'Cantagalo', 18),
(2849, 'Capanema', 18),
(2850, 'Capitão Leônidas Marques', 18),
(2851, 'Carambeí', 18),
(2852, 'Carlópolis', 18),
(2853, 'Cascavel', 18),
(2854, 'Castro', 18),
(2855, 'Catanduvas', 18),
(2856, 'Centenário do Sul', 18),
(2857, 'Cerro Azul', 18),
(2858, 'Céu Azul', 18),
(2859, 'Chopinzinho', 18),
(2860, 'Cianorte', 18),
(2861, 'Cidade Gaúcha', 18),
(2862, 'Clevelândia', 18),
(2863, 'Colombo', 18),
(2864, 'Colorado', 18),
(2865, 'Congonhinhas', 18),
(2866, 'Conselheiro Mairinck', 18),
(2867, 'Contenda', 18),
(2868, 'Corbélia', 18),
(2869, 'Cornélio Procópio', 18),
(2870, 'Coronel Domingos Soares', 18),
(2871, 'Coronel Vivida', 18),
(2872, 'Corumbataí do Sul', 18),
(2873, 'Cruz Machado', 18),
(2874, 'Cruzeiro do Iguaçu', 18),
(2875, 'Cruzeiro do Oeste', 18),
(2876, 'Cruzeiro do Sul', 18),
(2877, 'Cruzmaltina', 18),
(2878, 'Curitiba', 18),
(2879, 'Curiúva', 18),
(2880, 'Diamante d`Oeste', 18),
(2881, 'Diamante do Norte', 18),
(2882, 'Diamante do Sul', 18),
(2883, 'Dois Vizinhos', 18),
(2884, 'Douradina', 18),
(2885, 'Doutor Camargo', 18),
(2886, 'Doutor Ulysses', 18),
(2887, 'Enéas Marques', 18),
(2888, 'Engenheiro Beltrão', 18),
(2889, 'Entre Rios do Oeste', 18),
(2890, 'Esperança Nova', 18),
(2891, 'Espigão Alto do Iguaçu', 18),
(2892, 'Farol', 18),
(2893, 'Faxinal', 18),
(2894, 'Fazenda Rio Grande', 18),
(2895, 'Fênix', 18),
(2896, 'Fernandes Pinheiro', 18),
(2897, 'Figueira', 18),
(2898, 'Flor da Serra do Sul', 18),
(2899, 'Floraí', 18),
(2900, 'Floresta', 18),
(2901, 'Florestópolis', 18),
(2902, 'Flórida', 18),
(2903, 'Formosa do Oeste', 18),
(2904, 'Foz do Iguaçu', 18),
(2905, 'Foz do Jordão', 18),
(2906, 'Francisco Alves', 18),
(2907, 'Francisco Beltrão', 18),
(2908, 'General Carneiro', 18),
(2909, 'Godoy Moreira', 18),
(2910, 'Goioerê', 18),
(2911, 'Goioxim', 18),
(2912, 'Grandes Rios', 18),
(2913, 'Guaíra', 18),
(2914, 'Guairaçá', 18),
(2915, 'Guamiranga', 18),
(2916, 'Guapirama', 18),
(2917, 'Guaporema', 18),
(2918, 'Guaraci', 18),
(2919, 'Guaraniaçu', 18),
(2920, 'Guarapuava', 18),
(2921, 'Guaraqueçaba', 18),
(2922, 'Guaratuba', 18),
(2923, 'Honório Serpa', 18),
(2924, 'Ibaiti', 18),
(2925, 'Ibema', 18),
(2926, 'Ibiporã', 18),
(2927, 'Icaraíma', 18),
(2928, 'Iguaraçu', 18),
(2929, 'Iguatu', 18),
(2930, 'Imbaú', 18),
(2931, 'Imbituva', 18),
(2932, 'Inácio Martins', 18),
(2933, 'Inajá', 18),
(2934, 'Indianópolis', 18),
(2935, 'Ipiranga', 18),
(2936, 'Iporã', 18),
(2937, 'Iracema do Oeste', 18),
(2938, 'Irati', 18),
(2939, 'Iretama', 18),
(2940, 'Itaguajé', 18),
(2941, 'Itaipulândia', 18),
(2942, 'Itambaracá', 18),
(2943, 'Itambé', 18),
(2944, 'Itapejara d`Oeste', 18),
(2945, 'Itaperuçu', 18),
(2946, 'Itaúna do Sul', 18),
(2947, 'Ivaí', 18),
(2948, 'Ivaiporã', 18),
(2949, 'Ivaté', 18),
(2950, 'Ivatuba', 18),
(2951, 'Jaboti', 18),
(2952, 'Jacarezinho', 18),
(2953, 'Jaguapitã', 18),
(2954, 'Jaguariaíva', 18),
(2955, 'Jandaia do Sul', 18),
(2956, 'Janiópolis', 18),
(2957, 'Japira', 18),
(2958, 'Japurá', 18),
(2959, 'Jardim Alegre', 18),
(2960, 'Jardim Olinda', 18),
(2961, 'Jataizinho', 18),
(2962, 'Jesuítas', 18),
(2963, 'Joaquim Távora', 18),
(2964, 'Jundiaí do Sul', 18),
(2965, 'Juranda', 18),
(2966, 'Jussara', 18),
(2967, 'Kaloré', 18),
(2968, 'Lapa', 18),
(2969, 'Laranjal', 18),
(2970, 'Laranjeiras do Sul', 18),
(2971, 'Leópolis', 18),
(2972, 'Lidianópolis', 18),
(2973, 'Lindoeste', 18),
(2974, 'Loanda', 18),
(2975, 'Lobato', 18),
(2976, 'Londrina', 18),
(2977, 'Luiziana', 18),
(2978, 'Lunardelli', 18),
(2979, 'Lupionópolis', 18),
(2980, 'Mallet', 18),
(2981, 'Mamborê', 18),
(2982, 'Mandaguaçu', 18),
(2983, 'Mandaguari', 18),
(2984, 'Mandirituba', 18),
(2985, 'Manfrinópolis', 18),
(2986, 'Mangueirinha', 18),
(2987, 'Manoel Ribas', 18),
(2988, 'Marechal Cândido Rondon', 18),
(2989, 'Maria Helena', 18),
(2990, 'Marialva', 18),
(2991, 'Marilândia do Sul', 18),
(2992, 'Marilena', 18),
(2993, 'Mariluz', 18),
(2994, 'Maringá', 18),
(2995, 'Mariópolis', 18),
(2996, 'Maripá', 18),
(2997, 'Marmeleiro', 18),
(2998, 'Marquinho', 18),
(2999, 'Marumbi', 18),
(3000, 'Matelândia', 18),
(3001, 'Matinhos', 18),
(3002, 'Mato Rico', 18),
(3003, 'Mauá da Serra', 18),
(3004, 'Medianeira', 18),
(3005, 'Mercedes', 18),
(3006, 'Mirador', 18),
(3007, 'Miraselva', 18),
(3008, 'Missal', 18),
(3009, 'Moreira Sales', 18),
(3010, 'Morretes', 18),
(3011, 'Munhoz de Melo', 18),
(3012, 'Nossa Senhora das Graças', 18),
(3013, 'Nova Aliança do Ivaí', 18),
(3014, 'Nova América da Colina', 18),
(3015, 'Nova Aurora', 18),
(3016, 'Nova Cantu', 18),
(3017, 'Nova Esperança', 18),
(3018, 'Nova Esperança do Sudoeste', 18),
(3019, 'Nova Fátima', 18),
(3020, 'Nova Laranjeiras', 18),
(3021, 'Nova Londrina', 18),
(3022, 'Nova Olímpia', 18),
(3023, 'Nova Prata do Iguaçu', 18),
(3024, 'Nova Santa Bárbara', 18),
(3025, 'Nova Santa Rosa', 18),
(3026, 'Nova Tebas', 18),
(3027, 'Novo Itacolomi', 18),
(3028, 'Ortigueira', 18),
(3029, 'Ourizona', 18),
(3030, 'Ouro Verde do Oeste', 18),
(3031, 'Paiçandu', 18),
(3032, 'Palmas', 18),
(3033, 'Palmeira', 18),
(3034, 'Palmital', 18),
(3035, 'Palotina', 18),
(3036, 'Paraíso do Norte', 18),
(3037, 'Paranacity', 18),
(3038, 'Paranaguá', 18),
(3039, 'Paranapoema', 18),
(3040, 'Paranavaí', 18),
(3041, 'Pato Bragado', 18),
(3042, 'Pato Branco', 18),
(3043, 'Paula Freitas', 18),
(3044, 'Paulo Frontin', 18),
(3045, 'Peabiru', 18),
(3046, 'Perobal', 18),
(3047, 'Pérola', 18),
(3048, 'Pérola d`Oeste', 18),
(3049, 'Piên', 18),
(3050, 'Pinhais', 18),
(3051, 'Pinhal de São Bento', 18),
(3052, 'Pinhalão', 18),
(3053, 'Pinhão', 18),
(3054, 'Piraí do Sul', 18),
(3055, 'Piraquara', 18),
(3056, 'Pitanga', 18),
(3057, 'Pitangueiras', 18),
(3058, 'Planaltina do Paraná', 18),
(3059, 'Planalto', 18),
(3060, 'Ponta Grossa', 18),
(3061, 'Pontal do Paraná', 18),
(3062, 'Porecatu', 18),
(3063, 'Porto Amazonas', 18),
(3064, 'Porto Barreiro', 18),
(3065, 'Porto Rico', 18),
(3066, 'Porto Vitória', 18),
(3067, 'Prado Ferreira', 18),
(3068, 'Pranchita', 18),
(3069, 'Presidente Castelo Branco', 18),
(3070, 'Primeiro de Maio', 18),
(3071, 'Prudentópolis', 18),
(3072, 'Quarto Centenário', 18),
(3073, 'Quatiguá', 18),
(3074, 'Quatro Barras', 18),
(3075, 'Quatro Pontes', 18),
(3076, 'Quedas do Iguaçu', 18),
(3077, 'Querência do Norte', 18),
(3078, 'Quinta do Sol', 18),
(3079, 'Quitandinha', 18),
(3080, 'Ramilândia', 18),
(3081, 'Rancho Alegre', 18),
(3082, 'Rancho Alegre d`Oeste', 18),
(3083, 'Realeza', 18),
(3084, 'Rebouças', 18),
(3085, 'Renascença', 18),
(3086, 'Reserva', 18),
(3087, 'Reserva do Iguaçu', 18),
(3088, 'Ribeirão Claro', 18),
(3089, 'Ribeirão do Pinhal', 18),
(3090, 'Rio Azul', 18),
(3091, 'Rio Bom', 18),
(3092, 'Rio Bonito do Iguaçu', 18),
(3093, 'Rio Branco do Ivaí', 18),
(3094, 'Rio Branco do Sul', 18),
(3095, 'Rio Negro', 18),
(3096, 'Rolândia', 18),
(3097, 'Roncador', 18),
(3098, 'Rondon', 18),
(3099, 'Rosário do Ivaí', 18),
(3100, 'Sabáudia', 18),
(3101, 'Salgado Filho', 18),
(3102, 'Salto do Itararé', 18),
(3103, 'Salto do Lontra', 18),
(3104, 'Santa Amélia', 18),
(3105, 'Santa Cecília do Pavão', 18),
(3106, 'Santa Cruz de Monte Castelo', 18),
(3107, 'Santa Fé', 18),
(3108, 'Santa Helena', 18),
(3109, 'Santa Inês', 18),
(3110, 'Santa Isabel do Ivaí', 18),
(3111, 'Santa Izabel do Oeste', 18),
(3112, 'Santa Lúcia', 18),
(3113, 'Santa Maria do Oeste', 18),
(3114, 'Santa Mariana', 18),
(3115, 'Santa Mônica', 18),
(3116, 'Santa Tereza do Oeste', 18),
(3117, 'Santa Terezinha de Itaipu', 18),
(3118, 'Santana do Itararé', 18),
(3119, 'Santo Antônio da Platina', 18),
(3120, 'Santo Antônio do Caiuá', 18),
(3121, 'Santo Antônio do Paraíso', 18),
(3122, 'Santo Antônio do Sudoeste', 18),
(3123, 'Santo Inácio', 18),
(3124, 'São Carlos do Ivaí', 18),
(3125, 'São Jerônimo da Serra', 18),
(3126, 'São João', 18),
(3127, 'São João do Caiuá', 18),
(3128, 'São João do Ivaí', 18),
(3129, 'São João do Triunfo', 18),
(3130, 'São Jorge d`Oeste', 18),
(3131, 'São Jorge do Ivaí', 18),
(3132, 'São Jorge do Patrocínio', 18),
(3133, 'São José da Boa Vista', 18),
(3134, 'São José das Palmeiras', 18),
(3135, 'São José dos Pinhais', 18),
(3136, 'São Manoel do Paraná', 18),
(3137, 'São Mateus do Sul', 18),
(3138, 'São Miguel do Iguaçu', 18),
(3139, 'São Pedro do Iguaçu', 18),
(3140, 'São Pedro do Ivaí', 18),
(3141, 'São Pedro do Paraná', 18),
(3142, 'São Sebastião da Amoreira', 18),
(3143, 'São Tomé', 18),
(3144, 'Sapopema', 18),
(3145, 'Sarandi', 18),
(3146, 'Saudade do Iguaçu', 18),
(3147, 'Sengés', 18),
(3148, 'Serranópolis do Iguaçu', 18),
(3149, 'Sertaneja', 18),
(3150, 'Sertanópolis', 18),
(3151, 'Siqueira Campos', 18),
(3152, 'Sulina', 18),
(3153, 'Tamarana', 18),
(3154, 'Tamboara', 18),
(3155, 'Tapejara', 18),
(3156, 'Tapira', 18),
(3157, 'Teixeira Soares', 18),
(3158, 'Telêmaco Borba', 18),
(3159, 'Terra Boa', 18),
(3160, 'Terra Rica', 18),
(3161, 'Terra Roxa', 18),
(3162, 'Tibagi', 18),
(3163, 'Tijucas do Sul', 18),
(3164, 'Toledo', 18),
(3165, 'Tomazina', 18),
(3166, 'Três Barras do Paraná', 18),
(3167, 'Tunas do Paraná', 18),
(3168, 'Tuneiras do Oeste', 18),
(3169, 'Tupãssi', 18),
(3170, 'Turvo', 18),
(3171, 'Ubiratã', 18),
(3172, 'Umuarama', 18),
(3173, 'União da Vitória', 18),
(3174, 'Uniflor', 18),
(3175, 'Uraí', 18),
(3176, 'Ventania', 18),
(3177, 'Vera Cruz do Oeste', 18),
(3178, 'Verê', 18),
(3179, 'Virmond', 18),
(3180, 'Vitorino', 18),
(3181, 'Wenceslau Braz', 18),
(3182, 'Xambrê', 18),
(3183, 'Abreu e Lima', 16),
(3184, 'Afogados da Ingazeira', 16),
(3185, 'Afrânio', 16),
(3186, 'Agrestina', 16),
(3187, 'Água Preta', 16),
(3188, 'Águas Belas', 16),
(3189, 'Alagoinha', 16),
(3190, 'Aliança', 16),
(3191, 'Altinho', 16),
(3192, 'Amaraji', 16),
(3193, 'Angelim', 16),
(3194, 'Araçoiaba', 16),
(3195, 'Araripina', 16),
(3196, 'Arcoverde', 16),
(3197, 'Barra de Guabiraba', 16),
(3198, 'Barreiros', 16),
(3199, 'Belém de Maria', 16),
(3200, 'Belém de São Francisco', 16),
(3201, 'Belo Jardim', 16),
(3202, 'Betânia', 16),
(3203, 'Bezerros', 16),
(3204, 'Bodocó', 16),
(3205, 'Bom Conselho', 16),
(3206, 'Bom Jardim', 16),
(3207, 'Bonito', 16),
(3208, 'Brejão', 16),
(3209, 'Brejinho', 16),
(3210, 'Brejo da Madre de Deus', 16),
(3211, 'Buenos Aires', 16),
(3212, 'Buíque', 16),
(3213, 'Cabo de Santo Agostinho', 16),
(3214, 'Cabrobó', 16),
(3215, 'Cachoeirinha', 16),
(3216, 'Caetés', 16),
(3217, 'Calçado', 16),
(3218, 'Calumbi', 16),
(3219, 'Camaragibe', 16),
(3220, 'Camocim de São Félix', 16),
(3221, 'Camutanga', 16),
(3222, 'Canhotinho', 16),
(3223, 'Capoeiras', 16),
(3224, 'Carnaíba', 16),
(3225, 'Carnaubeira da Penha', 16),
(3226, 'Carpina', 16),
(3227, 'Caruaru', 16),
(3228, 'Casinhas', 16),
(3229, 'Catende', 16),
(3230, 'Cedro', 16),
(3231, 'Chã de Alegria', 16),
(3232, 'Chã Grande', 16),
(3233, 'Condado', 16),
(3234, 'Correntes', 16),
(3235, 'Cortês', 16),
(3236, 'Cumaru', 16),
(3237, 'Cupira', 16),
(3238, 'Custódia', 16),
(3239, 'Dormentes', 16),
(3240, 'Escada', 16),
(3241, 'Exu', 16),
(3242, 'Feira Nova', 16),
(3243, 'Fernando de Noronha', 16),
(3244, 'Ferreiros', 16),
(3245, 'Flores', 16),
(3246, 'Floresta', 16),
(3247, 'Frei Miguelinho', 16),
(3248, 'Gameleira', 16),
(3249, 'Garanhuns', 16),
(3250, 'Glória do Goitá', 16),
(3251, 'Goiana', 16),
(3252, 'Granito', 16),
(3253, 'Gravatá', 16),
(3254, 'Iati', 16),
(3255, 'Ibimirim', 16),
(3256, 'Ibirajuba', 16),
(3257, 'Igarassu', 16),
(3258, 'Iguaraci', 16),
(3259, 'Ilha de Itamaracá', 16),
(3260, 'Inajá', 16),
(3261, 'Ingazeira', 16),
(3262, 'Ipojuca', 16),
(3263, 'Ipubi', 16),
(3264, 'Itacuruba', 16),
(3265, 'Itaíba', 16),
(3266, 'Itambé', 16),
(3267, 'Itapetim', 16),
(3268, 'Itapissuma', 16),
(3269, 'Itaquitinga', 16),
(3270, 'Jaboatão dos Guararapes', 16),
(3271, 'Jaqueira', 16),
(3272, 'Jataúba', 16),
(3273, 'Jatobá', 16),
(3274, 'João Alfredo', 16),
(3275, 'Joaquim Nabuco', 16),
(3276, 'Jucati', 16),
(3277, 'Jupi', 16),
(3278, 'Jurema', 16),
(3279, 'Lagoa do Carro', 16),
(3280, 'Lagoa do Itaenga', 16),
(3281, 'Lagoa do Ouro', 16),
(3282, 'Lagoa dos Gatos', 16),
(3283, 'Lagoa Grande', 16),
(3284, 'Lajedo', 16),
(3285, 'Limoeiro', 16),
(3286, 'Macaparana', 16),
(3287, 'Machados', 16),
(3288, 'Manari', 16),
(3289, 'Maraial', 16),
(3290, 'Mirandiba', 16),
(3291, 'Moreilândia', 16),
(3292, 'Moreno', 16),
(3293, 'Nazaré da Mata', 16),
(3294, 'Olinda', 16),
(3295, 'Orobó', 16),
(3296, 'Orocó', 16),
(3297, 'Ouricuri', 16),
(3298, 'Palmares', 16),
(3299, 'Palmeirina', 16),
(3300, 'Panelas', 16),
(3301, 'Paranatama', 16),
(3302, 'Parnamirim', 16),
(3303, 'Passira', 16),
(3304, 'Paudalho', 16),
(3305, 'Paulista', 16),
(3306, 'Pedra', 16),
(3307, 'Pesqueira', 16),
(3308, 'Petrolândia', 16),
(3309, 'Petrolina', 16),
(3310, 'Poção', 16),
(3311, 'Pombos', 16),
(3312, 'Primavera', 16),
(3313, 'Quipapá', 16),
(3314, 'Quixaba', 16),
(3315, 'Recife', 16),
(3316, 'Riacho das Almas', 16),
(3317, 'Ribeirão', 16),
(3318, 'Rio Formoso', 16),
(3319, 'Sairé', 16),
(3320, 'Salgadinho', 16),
(3321, 'Salgueiro', 16),
(3322, 'Saloá', 16),
(3323, 'Sanharó', 16),
(3324, 'Santa Cruz', 16),
(3325, 'Santa Cruz da Baixa Verde', 16),
(3326, 'Santa Cruz do Capibaribe', 16),
(3327, 'Santa Filomena', 16),
(3328, 'Santa Maria da Boa Vista', 16),
(3329, 'Santa Maria do Cambucá', 16),
(3330, 'Santa Terezinha', 16),
(3331, 'São Benedito do Sul', 16),
(3332, 'São Bento do Una', 16),
(3333, 'São Caitano', 16),
(3334, 'São João', 16),
(3335, 'São Joaquim do Monte', 16),
(3336, 'São José da Coroa Grande', 16),
(3337, 'São José do Belmonte', 16),
(3338, 'São José do Egito', 16),
(3339, 'São Lourenço da Mata', 16),
(3340, 'São Vicente Ferrer', 16),
(3341, 'Serra Talhada', 16),
(3342, 'Serrita', 16),
(3343, 'Sertânia', 16),
(3344, 'Sirinhaém', 16),
(3345, 'Solidão', 16),
(3346, 'Surubim', 16),
(3347, 'Tabira', 16),
(3348, 'Tacaimbó', 16),
(3349, 'Tacaratu', 16),
(3350, 'Tamandaré', 16),
(3351, 'Taquaritinga do Norte', 16),
(3352, 'Terezinha', 16),
(3353, 'Terra Nova', 16),
(3354, 'Timbaúba', 16),
(3355, 'Toritama', 16),
(3356, 'Tracunhaém', 16),
(3357, 'Trindade', 16),
(3358, 'Triunfo', 16),
(3359, 'Tupanatinga', 16),
(3360, 'Tuparetama', 16),
(3361, 'Venturosa', 16),
(3362, 'Verdejante', 16),
(3363, 'Vertente do Lério', 16),
(3364, 'Vertentes', 16),
(3365, 'Vicência', 16),
(3366, 'Vitória de Santo Antão', 16),
(3367, 'Xexéu', 16),
(3368, 'Acauã', 17),
(3369, 'Agricolândia', 17),
(3370, 'Água Branca', 17),
(3371, 'Alagoinha do Piauí', 17),
(3372, 'Alegrete do Piauí', 17),
(3373, 'Alto Longá', 17),
(3374, 'Altos', 17),
(3375, 'Alvorada do Gurguéia', 17),
(3376, 'Amarante', 17),
(3377, 'Angical do Piauí', 17),
(3378, 'Anísio de Abreu', 17),
(3379, 'Antônio Almeida', 17),
(3380, 'Aroazes', 17),
(3381, 'Aroeiras do Itaim', 17),
(3382, 'Arraial', 17),
(3383, 'Assunção do Piauí', 17),
(3384, 'Avelino Lopes', 17),
(3385, 'Baixa Grande do Ribeiro', 17),
(3386, 'Barra d`Alcântara', 17),
(3387, 'Barras', 17),
(3388, 'Barreiras do Piauí', 17),
(3389, 'Barro Duro', 17),
(3390, 'Batalha', 17),
(3391, 'Bela Vista do Piauí', 17),
(3392, 'Belém do Piauí', 17),
(3393, 'Beneditinos', 17),
(3394, 'Bertolínia', 17),
(3395, 'Betânia do Piauí', 17),
(3396, 'Boa Hora', 17),
(3397, 'Bocaina', 17),
(3398, 'Bom Jesus', 17),
(3399, 'Bom Princípio do Piauí', 17),
(3400, 'Bonfim do Piauí', 17),
(3401, 'Boqueirão do Piauí', 17),
(3402, 'Brasileira', 17),
(3403, 'Brejo do Piauí', 17),
(3404, 'Buriti dos Lopes', 17),
(3405, 'Buriti dos Montes', 17),
(3406, 'Cabeceiras do Piauí', 17),
(3407, 'Cajazeiras do Piauí', 17),
(3408, 'Cajueiro da Praia', 17),
(3409, 'Caldeirão Grande do Piauí', 17),
(3410, 'Campinas do Piauí', 17),
(3411, 'Campo Alegre do Fidalgo', 17),
(3412, 'Campo Grande do Piauí', 17),
(3413, 'Campo Largo do Piauí', 17),
(3414, 'Campo Maior', 17),
(3415, 'Canavieira', 17),
(3416, 'Canto do Buriti', 17),
(3417, 'Capitão de Campos', 17),
(3418, 'Capitão Gervásio Oliveira', 17),
(3419, 'Caracol', 17),
(3420, 'Caraúbas do Piauí', 17),
(3421, 'Caridade do Piauí', 17),
(3422, 'Castelo do Piauí', 17),
(3423, 'Caxingó', 17),
(3424, 'Cocal', 17),
(3425, 'Cocal de Telha', 17),
(3426, 'Cocal dos Alves', 17),
(3427, 'Coivaras', 17),
(3428, 'Colônia do Gurguéia', 17),
(3429, 'Colônia do Piauí', 17),
(3430, 'Conceição do Canindé', 17),
(3431, 'Coronel José Dias', 17),
(3432, 'Corrente', 17),
(3433, 'Cristalândia do Piauí', 17),
(3434, 'Cristino Castro', 17),
(3435, 'Curimatá', 17),
(3436, 'Currais', 17),
(3437, 'Curral Novo do Piauí', 17),
(3438, 'Curralinhos', 17),
(3439, 'Demerval Lobão', 17),
(3440, 'Dirceu Arcoverde', 17),
(3441, 'Dom Expedito Lopes', 17),
(3442, 'Dom Inocêncio', 17),
(3443, 'Domingos Mourão', 17),
(3444, 'Elesbão Veloso', 17),
(3445, 'Eliseu Martins', 17),
(3446, 'Esperantina', 17),
(3447, 'Fartura do Piauí', 17),
(3448, 'Flores do Piauí', 17),
(3449, 'Floresta do Piauí', 17),
(3450, 'Floriano', 17),
(3451, 'Francinópolis', 17),
(3452, 'Francisco Ayres', 17),
(3453, 'Francisco Macedo', 17),
(3454, 'Francisco Santos', 17),
(3455, 'Fronteiras', 17),
(3456, 'Geminiano', 17),
(3457, 'Gilbués', 17),
(3458, 'Guadalupe', 17),
(3459, 'Guaribas', 17),
(3460, 'Hugo Napoleão', 17),
(3461, 'Ilha Grande', 17),
(3462, 'Inhuma', 17),
(3463, 'Ipiranga do Piauí', 17),
(3464, 'Isaías Coelho', 17),
(3465, 'Itainópolis', 17),
(3466, 'Itaueira', 17),
(3467, 'Jacobina do Piauí', 17),
(3468, 'Jaicós', 17),
(3469, 'Jardim do Mulato', 17),
(3470, 'Jatobá do Piauí', 17),
(3471, 'Jerumenha', 17),
(3472, 'João Costa', 17),
(3473, 'Joaquim Pires', 17),
(3474, 'Joca Marques', 17),
(3475, 'José de Freitas', 17),
(3476, 'Juazeiro do Piauí', 17),
(3477, 'Júlio Borges', 17),
(3478, 'Jurema', 17),
(3479, 'Lagoa Alegre', 17),
(3480, 'Lagoa de São Francisco', 17),
(3481, 'Lagoa do Barro do Piauí', 17),
(3482, 'Lagoa do Piauí', 17),
(3483, 'Lagoa do Sítio', 17),
(3484, 'Lagoinha do Piauí', 17),
(3485, 'Landri Sales', 17),
(3486, 'Luís Correia', 17),
(3487, 'Luzilândia', 17),
(3488, 'Madeiro', 17),
(3489, 'Manoel Emídio', 17),
(3490, 'Marcolândia', 17),
(3491, 'Marcos Parente', 17),
(3492, 'Massapê do Piauí', 17),
(3493, 'Matias Olímpio', 17),
(3494, 'Miguel Alves', 17),
(3495, 'Miguel Leão', 17),
(3496, 'Milton Brandão', 17),
(3497, 'Monsenhor Gil', 17),
(3498, 'Monsenhor Hipólito', 17),
(3499, 'Monte Alegre do Piauí', 17),
(3500, 'Morro Cabeça no Tempo', 17),
(3501, 'Morro do Chapéu do Piauí', 17),
(3502, 'Murici dos Portelas', 17),
(3503, 'Nazaré do Piauí', 17),
(3504, 'Nossa Senhora de Nazaré', 17),
(3505, 'Nossa Senhora dos Remédios', 17),
(3506, 'Nova Santa Rita', 17),
(3507, 'Novo Oriente do Piauí', 17),
(3508, 'Novo Santo Antônio', 17),
(3509, 'Oeiras', 17),
(3510, 'Olho d`Água do Piauí', 17),
(3511, 'Padre Marcos', 17),
(3512, 'Paes Landim', 17),
(3513, 'Pajeú do Piauí', 17),
(3514, 'Palmeira do Piauí', 17),
(3515, 'Palmeirais', 17),
(3516, 'Paquetá', 17),
(3517, 'Parnaguá', 17),
(3518, 'Parnaíba', 17),
(3519, 'Passagem Franca do Piauí', 17),
(3520, 'Patos do Piauí', 17),
(3521, 'Pau d`Arco do Piauí', 17),
(3522, 'Paulistana', 17),
(3523, 'Pavussu', 17),
(3524, 'Pedro II', 17),
(3525, 'Pedro Laurentino', 17),
(3526, 'Picos', 17),
(3527, 'Pimenteiras', 17),
(3528, 'Pio IX', 17),
(3529, 'Piracuruca', 17),
(3530, 'Piripiri', 17),
(3531, 'Porto', 17),
(3532, 'Porto Alegre do Piauí', 17),
(3533, 'Prata do Piauí', 17),
(3534, 'Queimada Nova', 17),
(3535, 'Redenção do Gurguéia', 17),
(3536, 'Regeneração', 17),
(3537, 'Riacho Frio', 17),
(3538, 'Ribeira do Piauí', 17),
(3539, 'Ribeiro Gonçalves', 17),
(3540, 'Rio Grande do Piauí', 17),
(3541, 'Santa Cruz do Piauí', 17),
(3542, 'Santa Cruz dos Milagres', 17),
(3543, 'Santa Filomena', 17),
(3544, 'Santa Luz', 17),
(3545, 'Santa Rosa do Piauí', 17),
(3546, 'Santana do Piauí', 17),
(3547, 'Santo Antônio de Lisboa', 17),
(3548, 'Santo Antônio dos Milagres', 17),
(3549, 'Santo Inácio do Piauí', 17),
(3550, 'São Braz do Piauí', 17),
(3551, 'São Félix do Piauí', 17),
(3552, 'São Francisco de Assis do Piauí', 17),
(3553, 'São Francisco do Piauí', 17),
(3554, 'São Gonçalo do Gurguéia', 17),
(3555, 'São Gonçalo do Piauí', 17),
(3556, 'São João da Canabrava', 17),
(3557, 'São João da Fronteira', 17),
(3558, 'São João da Serra', 17),
(3559, 'São João da Varjota', 17),
(3560, 'São João do Arraial', 17),
(3561, 'São João do Piauí', 17),
(3562, 'São José do Divino', 17),
(3563, 'São José do Peixe', 17),
(3564, 'São José do Piauí', 17),
(3565, 'São Julião', 17),
(3566, 'São Lourenço do Piauí', 17),
(3567, 'São Luis do Piauí', 17),
(3568, 'São Miguel da Baixa Grande', 17),
(3569, 'São Miguel do Fidalgo', 17),
(3570, 'São Miguel do Tapuio', 17),
(3571, 'São Pedro do Piauí', 17),
(3572, 'São Raimundo Nonato', 17),
(3573, 'Sebastião Barros', 17),
(3574, 'Sebastião Leal', 17),
(3575, 'Sigefredo Pacheco', 17),
(3576, 'Simões', 17),
(3577, 'Simplício Mendes', 17),
(3578, 'Socorro do Piauí', 17),
(3579, 'Sussuapara', 17),
(3580, 'Tamboril do Piauí', 17),
(3581, 'Tanque do Piauí', 17),
(3582, 'Teresina', 17),
(3583, 'União', 17),
(3584, 'Uruçuí', 17),
(3585, 'Valença do Piauí', 17),
(3586, 'Várzea Branca', 17),
(3587, 'Várzea Grande', 17),
(3588, 'Vera Mendes', 17),
(3589, 'Vila Nova do Piauí', 17),
(3590, 'Wall Ferraz', 17),
(3591, 'Angra dos Reis', 19),
(3592, 'Aperibé', 19),
(3593, 'Araruama', 19),
(3594, 'Areal', 19),
(3595, 'Armação dos Búzios', 19),
(3596, 'Arraial do Cabo', 19),
(3597, 'Barra do Piraí', 19),
(3598, 'Barra Mansa', 19),
(3599, 'Belford Roxo', 19),
(3600, 'Bom Jardim', 19),
(3601, 'Bom Jesus do Itabapoana', 19),
(3602, 'Cabo Frio', 19),
(3603, 'Cachoeiras de Macacu', 19),
(3604, 'Cambuci', 19),
(3605, 'Campos dos Goytacazes', 19),
(3606, 'Cantagalo', 19),
(3607, 'Carapebus', 19),
(3608, 'Cardoso Moreira', 19),
(3609, 'Carmo', 19),
(3610, 'Casimiro de Abreu', 19),
(3611, 'Comendador Levy Gasparian', 19),
(3612, 'Conceição de Macabu', 19),
(3613, 'Cordeiro', 19),
(3614, 'Duas Barras', 19),
(3615, 'Duque de Caxias', 19),
(3616, 'Engenheiro Paulo de Frontin', 19),
(3617, 'Guapimirim', 19),
(3618, 'Iguaba Grande', 19),
(3619, 'Itaboraí', 19),
(3620, 'Itaguaí', 19),
(3621, 'Italva', 19),
(3622, 'Itaocara', 19),
(3623, 'Itaperuna', 19),
(3624, 'Itatiaia', 19),
(3625, 'Japeri', 19),
(3626, 'Laje do Muriaé', 19),
(3627, 'Macaé', 19),
(3628, 'Macuco', 19),
(3629, 'Magé', 19),
(3630, 'Mangaratiba', 19),
(3631, 'Maricá', 19),
(3632, 'Mendes', 19),
(3633, 'Mesquita', 19),
(3634, 'Miguel Pereira', 19),
(3635, 'Miracema', 19),
(3636, 'Natividade', 19),
(3637, 'Nilópolis', 19),
(3638, 'Niterói', 19),
(3639, 'Nova Friburgo', 19),
(3640, 'Nova Iguaçu', 19),
(3641, 'Paracambi', 19),
(3642, 'Paraíba do Sul', 19),
(3643, 'Parati', 19),
(3644, 'Paty do Alferes', 19),
(3645, 'Petrópolis', 19),
(3646, 'Pinheiral', 19),
(3647, 'Piraí', 19),
(3648, 'Porciúncula', 19),
(3649, 'Porto Real', 19),
(3650, 'Quatis', 19),
(3651, 'Queimados', 19),
(3652, 'Quissamã', 19),
(3653, 'Resende', 19),
(3654, 'Rio Bonito', 19),
(3655, 'Rio Claro', 19),
(3656, 'Rio das Flores', 19),
(3657, 'Rio das Ostras', 19),
(3658, 'Rio de Janeiro', 19),
(3659, 'Santa Maria Madalena', 19),
(3660, 'Santo Antônio de Pádua', 19),
(3661, 'São Fidélis', 19),
(3662, 'São Francisco de Itabapoana', 19),
(3663, 'São Gonçalo', 19),
(3664, 'São João da Barra', 19),
(3665, 'São João de Meriti', 19),
(3666, 'São José de Ubá', 19),
(3667, 'São José do Vale do Rio Pret', 19),
(3668, 'São Pedro da Aldeia', 19),
(3669, 'São Sebastião do Alto', 19),
(3670, 'Sapucaia', 19),
(3671, 'Saquarema', 19),
(3672, 'Seropédica', 19),
(3673, 'Silva Jardim', 19),
(3674, 'Sumidouro', 19),
(3675, 'Tanguá', 19),
(3676, 'Teresópolis', 19),
(3677, 'Trajano de Morais', 19),
(3678, 'Três Rios', 19),
(3679, 'Valença', 19),
(3680, 'Varre-Sai', 19),
(3681, 'Vassouras', 19),
(3682, 'Volta Redonda', 19),
(3683, 'Acari', 20),
(3684, 'Açu', 20),
(3685, 'Afonso Bezerra', 20),
(3686, 'Água Nova', 20),
(3687, 'Alexandria', 20),
(3688, 'Almino Afonso', 20),
(3689, 'Alto do Rodrigues', 20),
(3690, 'Angicos', 20),
(3691, 'Antônio Martins', 20),
(3692, 'Apodi', 20),
(3693, 'Areia Branca', 20),
(3694, 'Arês', 20),
(3695, 'Augusto Severo', 20),
(3696, 'Baía Formosa', 20),
(3697, 'Baraúna', 20),
(3698, 'Barcelona', 20),
(3699, 'Bento Fernandes', 20),
(3700, 'Bodó', 20),
(3701, 'Bom Jesus', 20),
(3702, 'Brejinho', 20),
(3703, 'Caiçara do Norte', 20),
(3704, 'Caiçara do Rio do Vento', 20),
(3705, 'Caicó', 20),
(3706, 'Campo Redondo', 20),
(3707, 'Canguaretama', 20),
(3708, 'Caraúbas', 20),
(3709, 'Carnaúba dos Dantas', 20),
(3710, 'Carnaubais', 20),
(3711, 'Ceará-Mirim', 20),
(3712, 'Cerro Corá', 20),
(3713, 'Coronel Ezequiel', 20),
(3714, 'Coronel João Pessoa', 20),
(3715, 'Cruzeta', 20),
(3716, 'Currais Novos', 20),
(3717, 'Doutor Severiano', 20),
(3718, 'Encanto', 20),
(3719, 'Equador', 20),
(3720, 'Espírito Santo', 20),
(3721, 'Extremoz', 20),
(3722, 'Felipe Guerra', 20),
(3723, 'Fernando Pedroza', 20),
(3724, 'Florânia', 20),
(3725, 'Francisco Dantas', 20),
(3726, 'Frutuoso Gomes', 20),
(3727, 'Galinhos', 20),
(3728, 'Goianinha', 20),
(3729, 'Governador Dix-Sept Rosado', 20),
(3730, 'Grossos', 20),
(3731, 'Guamaré', 20),
(3732, 'Ielmo Marinho', 20),
(3733, 'Ipanguaçu', 20),
(3734, 'Ipueira', 20),
(3735, 'Itajá', 20),
(3736, 'Itaú', 20),
(3737, 'Jaçanã', 20),
(3738, 'Jandaíra', 20),
(3739, 'Janduís', 20),
(3740, 'Januário Cicco', 20),
(3741, 'Japi', 20),
(3742, 'Jardim de Angicos', 20),
(3743, 'Jardim de Piranhas', 20),
(3744, 'Jardim do Seridó', 20),
(3745, 'João Câmara', 20),
(3746, 'João Dias', 20),
(3747, 'José da Penha', 20),
(3748, 'Jucurutu', 20),
(3749, 'Jundiá', 20),
(3750, 'Lagoa d`Anta', 20),
(3751, 'Lagoa de Pedras', 20),
(3752, 'Lagoa de Velhos', 20),
(3753, 'Lagoa Nova', 20),
(3754, 'Lagoa Salgada', 20),
(3755, 'Lajes', 20),
(3756, 'Lajes Pintadas', 20),
(3757, 'Lucrécia', 20),
(3758, 'Luís Gomes', 20),
(3759, 'Macaíba', 20),
(3760, 'Macau', 20),
(3761, 'Major Sales', 20),
(3762, 'Marcelino Vieira', 20),
(3763, 'Martins', 20),
(3764, 'Maxaranguape', 20),
(3765, 'Messias Targino', 20),
(3766, 'Montanhas', 20),
(3767, 'Monte Alegre', 20),
(3768, 'Monte das Gameleiras', 20),
(3769, 'Mossoró', 20),
(3770, 'Natal', 20),
(3771, 'Nísia Floresta', 20),
(3772, 'Nova Cruz', 20),
(3773, 'Olho-d`Água do Borges', 20),
(3774, 'Ouro Branco', 20),
(3775, 'Paraná', 20),
(3776, 'Paraú', 20),
(3777, 'Parazinho', 20),
(3778, 'Parelhas', 20),
(3779, 'Parnamirim', 20),
(3780, 'Passa e Fica', 20),
(3781, 'Passagem', 20),
(3782, 'Patu', 20),
(3783, 'Pau dos Ferros', 20),
(3784, 'Pedra Grande', 20),
(3785, 'Pedra Preta', 20),
(3786, 'Pedro Avelino', 20),
(3787, 'Pedro Velho', 20),
(3788, 'Pendências', 20),
(3789, 'Pilões', 20),
(3790, 'Poço Branco', 20),
(3791, 'Portalegre', 20),
(3792, 'Porto do Mangue', 20),
(3793, 'Presidente Juscelino', 20),
(3794, 'Pureza', 20),
(3795, 'Rafael Fernandes', 20),
(3796, 'Rafael Godeiro', 20),
(3797, 'Riacho da Cruz', 20),
(3798, 'Riacho de Santana', 20),
(3799, 'Riachuelo', 20),
(3800, 'Rio do Fogo', 20),
(3801, 'Rodolfo Fernandes', 20),
(3802, 'Ruy Barbosa', 20),
(3803, 'Santa Cruz', 20),
(3804, 'Santa Maria', 20),
(3805, 'Santana do Matos', 20),
(3806, 'Santana do Seridó', 20),
(3807, 'Santo Antônio', 20),
(3808, 'São Bento do Norte', 20),
(3809, 'São Bento do Trairí', 20),
(3810, 'São Fernando', 20),
(3811, 'São Francisco do Oeste', 20),
(3812, 'São Gonçalo do Amarante', 20),
(3813, 'São João do Sabugi', 20),
(3814, 'São José de Mipibu', 20),
(3815, 'São José do Campestre', 20),
(3816, 'São José do Seridó', 20),
(3817, 'São Miguel', 20),
(3818, 'São Miguel do Gostoso', 20),
(3819, 'São Paulo do Potengi', 20),
(3820, 'São Pedro', 20),
(3821, 'São Rafael', 20),
(3822, 'São Tomé', 20),
(3823, 'São Vicente', 20),
(3824, 'Senador Elói de Souza', 20),
(3825, 'Senador Georgino Avelino', 20),
(3826, 'Serra de São Bento', 20),
(3827, 'Serra do Mel', 20),
(3828, 'Serra Negra do Norte', 20),
(3829, 'Serrinha', 20),
(3830, 'Serrinha dos Pintos', 20),
(3831, 'Severiano Melo', 20),
(3832, 'Sítio Novo', 20),
(3833, 'Taboleiro Grande', 20),
(3834, 'Taipu', 20),
(3835, 'Tangará', 20),
(3836, 'Tenente Ananias', 20),
(3837, 'Tenente Laurentino Cruz', 20),
(3838, 'Tibau', 20),
(3839, 'Tibau do Sul', 20),
(3840, 'Timbaúba dos Batistas', 20),
(3841, 'Touros', 20),
(3842, 'Triunfo Potiguar', 20),
(3843, 'Umarizal', 20),
(3844, 'Upanema', 20),
(3845, 'Várzea', 20),
(3846, 'Venha-Ver', 20),
(3847, 'Vera Cruz', 20),
(3848, 'Viçosa', 20),
(3849, 'Vila Flor', 20),
(3850, 'Aceguá', 23),
(3851, 'Água Santa', 23),
(3852, 'Agudo', 23),
(3853, 'Ajuricaba', 23),
(3854, 'Alecrim', 23),
(3855, 'Alegrete', 23),
(3856, 'Alegria', 23),
(3857, 'Almirante Tamandaré do Sul', 23),
(3858, 'Alpestre', 23),
(3859, 'Alto Alegre', 23),
(3860, 'Alto Feliz', 23),
(3861, 'Alvorada', 23),
(3862, 'Amaral Ferrador', 23),
(3863, 'Ametista do Sul', 23),
(3864, 'André da Rocha', 23),
(3865, 'Anta Gorda', 23),
(3866, 'Antônio Prado', 23),
(3867, 'Arambaré', 23),
(3868, 'Araricá', 23),
(3869, 'Aratiba', 23),
(3870, 'Arroio do Meio', 23),
(3871, 'Arroio do Padre', 23),
(3872, 'Arroio do Sal', 23),
(3873, 'Arroio do Tigre', 23),
(3874, 'Arroio dos Ratos', 23),
(3875, 'Arroio Grande', 23),
(3876, 'Arvorezinha', 23),
(3877, 'Augusto Pestana', 23),
(3878, 'Áurea', 23),
(3879, 'Bagé', 23),
(3880, 'Balneário Pinhal', 23),
(3881, 'Barão', 23),
(3882, 'Barão de Cotegipe', 23),
(3883, 'Barão do Triunfo', 23),
(3884, 'Barra do Guarita', 23),
(3885, 'Barra do Quaraí', 23),
(3886, 'Barra do Ribeiro', 23),
(3887, 'Barra do Rio Azul', 23),
(3888, 'Barra Funda', 23),
(3889, 'Barracão', 23),
(3890, 'Barros Cassal', 23),
(3891, 'Benjamin Constant do Sul', 23),
(3892, 'Bento Gonçalves', 23),
(3893, 'Boa Vista das Missões', 23);
INSERT INTO `cities` (`id`, `name`, `state_id`) VALUES
(3894, 'Boa Vista do Buricá', 23),
(3895, 'Boa Vista do Cadeado', 23),
(3896, 'Boa Vista do Incra', 23),
(3897, 'Boa Vista do Sul', 23),
(3898, 'Bom Jesus', 23),
(3899, 'Bom Princípio', 23),
(3900, 'Bom Progresso', 23),
(3901, 'Bom Retiro do Sul', 23),
(3902, 'Boqueirão do Leão', 23),
(3903, 'Bossoroca', 23),
(3904, 'Bozano', 23),
(3905, 'Braga', 23),
(3906, 'Brochier', 23),
(3907, 'Butiá', 23),
(3908, 'Caçapava do Sul', 23),
(3909, 'Cacequi', 23),
(3910, 'Cachoeira do Sul', 23),
(3911, 'Cachoeirinha', 23),
(3912, 'Cacique Doble', 23),
(3913, 'Caibaté', 23),
(3914, 'Caiçara', 23),
(3915, 'Camaquã', 23),
(3916, 'Camargo', 23),
(3917, 'Cambará do Sul', 23),
(3918, 'Campestre da Serra', 23),
(3919, 'Campina das Missões', 23),
(3920, 'Campinas do Sul', 23),
(3921, 'Campo Bom', 23),
(3922, 'Campo Novo', 23),
(3923, 'Campos Borges', 23),
(3924, 'Candelária', 23),
(3925, 'Cândido Godói', 23),
(3926, 'Candiota', 23),
(3927, 'Canela', 23),
(3928, 'Canguçu', 23),
(3929, 'Canoas', 23),
(3930, 'Canudos do Vale', 23),
(3931, 'Capão Bonito do Sul', 23),
(3932, 'Capão da Canoa', 23),
(3933, 'Capão do Cipó', 23),
(3934, 'Capão do Leão', 23),
(3935, 'Capela de Santana', 23),
(3936, 'Capitão', 23),
(3937, 'Capivari do Sul', 23),
(3938, 'Caraá', 23),
(3939, 'Carazinho', 23),
(3940, 'Carlos Barbosa', 23),
(3941, 'Carlos Gomes', 23),
(3942, 'Casca', 23),
(3943, 'Caseiros', 23),
(3944, 'Catuípe', 23),
(3945, 'Caxias do Sul', 23),
(3946, 'Centenário', 23),
(3947, 'Cerrito', 23),
(3948, 'Cerro Branco', 23),
(3949, 'Cerro Grande', 23),
(3950, 'Cerro Grande do Sul', 23),
(3951, 'Cerro Largo', 23),
(3952, 'Chapada', 23),
(3953, 'Charqueadas', 23),
(3954, 'Charrua', 23),
(3955, 'Chiapeta', 23),
(3956, 'Chuí', 23),
(3957, 'Chuvisca', 23),
(3958, 'Cidreira', 23),
(3959, 'Ciríaco', 23),
(3960, 'Colinas', 23),
(3961, 'Colorado', 23),
(3962, 'Condor', 23),
(3963, 'Constantina', 23),
(3964, 'Coqueiro Baixo', 23),
(3965, 'Coqueiros do Sul', 23),
(3966, 'Coronel Barros', 23),
(3967, 'Coronel Bicaco', 23),
(3968, 'Coronel Pilar', 23),
(3969, 'Cotiporã', 23),
(3970, 'Coxilha', 23),
(3971, 'Crissiumal', 23),
(3972, 'Cristal', 23),
(3973, 'Cristal do Sul', 23),
(3974, 'Cruz Alta', 23),
(3975, 'Cruzaltense', 23),
(3976, 'Cruzeiro do Sul', 23),
(3977, 'David Canabarro', 23),
(3978, 'Derrubadas', 23),
(3979, 'Dezesseis de Novembro', 23),
(3980, 'Dilermando de Aguiar', 23),
(3981, 'Dois Irmãos', 23),
(3982, 'Dois Irmãos das Missões', 23),
(3983, 'Dois Lajeados', 23),
(3984, 'Dom Feliciano', 23),
(3985, 'Dom Pedrito', 23),
(3986, 'Dom Pedro de Alcântara', 23),
(3987, 'Dona Francisca', 23),
(3988, 'Doutor Maurício Cardoso', 23),
(3989, 'Doutor Ricardo', 23),
(3990, 'Eldorado do Sul', 23),
(3991, 'Encantado', 23),
(3992, 'Encruzilhada do Sul', 23),
(3993, 'Engenho Velho', 23),
(3994, 'Entre Rios do Sul', 23),
(3995, 'Entre-Ijuís', 23),
(3996, 'Erebango', 23),
(3997, 'Erechim', 23),
(3998, 'Ernestina', 23),
(3999, 'Erval Grande', 23),
(4000, 'Erval Seco', 23),
(4001, 'Esmeralda', 23),
(4002, 'Esperança do Sul', 23),
(4003, 'Espumoso', 23),
(4004, 'Estação', 23),
(4005, 'Estância Velha', 23),
(4006, 'Esteio', 23),
(4007, 'Estrela', 23),
(4008, 'Estrela Velha', 23),
(4009, 'Eugênio de Castro', 23),
(4010, 'Fagundes Varela', 23),
(4011, 'Farroupilha', 23),
(4012, 'Faxinal do Soturno', 23),
(4013, 'Faxinalzinho', 23),
(4014, 'Fazenda Vilanova', 23),
(4015, 'Feliz', 23),
(4016, 'Flores da Cunha', 23),
(4017, 'Floriano Peixoto', 23),
(4018, 'Fontoura Xavier', 23),
(4019, 'Formigueiro', 23),
(4020, 'Forquetinha', 23),
(4021, 'Fortaleza dos Valos', 23),
(4022, 'Frederico Westphalen', 23),
(4023, 'Garibaldi', 23),
(4024, 'Garruchos', 23),
(4025, 'Gaurama', 23),
(4026, 'General Câmara', 23),
(4027, 'Gentil', 23),
(4028, 'Getúlio Vargas', 23),
(4029, 'Giruá', 23),
(4030, 'Glorinha', 23),
(4031, 'Gramado', 23),
(4032, 'Gramado dos Loureiros', 23),
(4033, 'Gramado Xavier', 23),
(4034, 'Gravataí', 23),
(4035, 'Guabiju', 23),
(4036, 'Guaíba', 23),
(4037, 'Guaporé', 23),
(4038, 'Guarani das Missões', 23),
(4039, 'Harmonia', 23),
(4040, 'Herval', 23),
(4041, 'Herveiras', 23),
(4042, 'Horizontina', 23),
(4043, 'Hulha Negra', 23),
(4044, 'Humaitá', 23),
(4045, 'Ibarama', 23),
(4046, 'Ibiaçá', 23),
(4047, 'Ibiraiaras', 23),
(4048, 'Ibirapuitã', 23),
(4049, 'Ibirubá', 23),
(4050, 'Igrejinha', 23),
(4051, 'Ijuí', 23),
(4052, 'Ilópolis', 23),
(4053, 'Imbé', 23),
(4054, 'Imigrante', 23),
(4055, 'Independência', 23),
(4056, 'Inhacorá', 23),
(4057, 'Ipê', 23),
(4058, 'Ipiranga do Sul', 23),
(4059, 'Iraí', 23),
(4060, 'Itaara', 23),
(4061, 'Itacurubi', 23),
(4062, 'Itapuca', 23),
(4063, 'Itaqui', 23),
(4064, 'Itati', 23),
(4065, 'Itatiba do Sul', 23),
(4066, 'Ivorá', 23),
(4067, 'Ivoti', 23),
(4068, 'Jaboticaba', 23),
(4069, 'Jacuizinho', 23),
(4070, 'Jacutinga', 23),
(4071, 'Jaguarão', 23),
(4072, 'Jaguari', 23),
(4073, 'Jaquirana', 23),
(4074, 'Jari', 23),
(4075, 'Jóia', 23),
(4076, 'Júlio de Castilhos', 23),
(4077, 'Lagoa Bonita do Sul', 23),
(4078, 'Lagoa dos Três Cantos', 23),
(4079, 'Lagoa Vermelha', 23),
(4080, 'Lagoão', 23),
(4081, 'Lajeado', 23),
(4082, 'Lajeado do Bugre', 23),
(4083, 'Lavras do Sul', 23),
(4084, 'Liberato Salzano', 23),
(4085, 'Lindolfo Collor', 23),
(4086, 'Linha Nova', 23),
(4087, 'Maçambara', 23),
(4088, 'Machadinho', 23),
(4089, 'Mampituba', 23),
(4090, 'Manoel Viana', 23),
(4091, 'Maquiné', 23),
(4092, 'Maratá', 23),
(4093, 'Marau', 23),
(4094, 'Marcelino Ramos', 23),
(4095, 'Mariana Pimentel', 23),
(4096, 'Mariano Moro', 23),
(4097, 'Marques de Souza', 23),
(4098, 'Mata', 23),
(4099, 'Mato Castelhano', 23),
(4100, 'Mato Leitão', 23),
(4101, 'Mato Queimado', 23),
(4102, 'Maximiliano de Almeida', 23),
(4103, 'Minas do Leão', 23),
(4104, 'Miraguaí', 23),
(4105, 'Montauri', 23),
(4106, 'Monte Alegre dos Campos', 23),
(4107, 'Monte Belo do Sul', 23),
(4108, 'Montenegro', 23),
(4109, 'Mormaço', 23),
(4110, 'Morrinhos do Sul', 23),
(4111, 'Morro Redondo', 23),
(4112, 'Morro Reuter', 23),
(4113, 'Mostardas', 23),
(4114, 'Muçum', 23),
(4115, 'Muitos Capões', 23),
(4116, 'Muliterno', 23),
(4117, 'Não-Me-Toque', 23),
(4118, 'Nicolau Vergueiro', 23),
(4119, 'Nonoai', 23),
(4120, 'Nova Alvorada', 23),
(4121, 'Nova Araçá', 23),
(4122, 'Nova Bassano', 23),
(4123, 'Nova Boa Vista', 23),
(4124, 'Nova Bréscia', 23),
(4125, 'Nova Candelária', 23),
(4126, 'Nova Esperança do Sul', 23),
(4127, 'Nova Hartz', 23),
(4128, 'Nova Pádua', 23),
(4129, 'Nova Palma', 23),
(4130, 'Nova Petrópolis', 23),
(4131, 'Nova Prata', 23),
(4132, 'Nova Ramada', 23),
(4133, 'Nova Roma do Sul', 23),
(4134, 'Nova Santa Rita', 23),
(4135, 'Novo Barreiro', 23),
(4136, 'Novo Cabrais', 23),
(4137, 'Novo Hamburgo', 23),
(4138, 'Novo Machado', 23),
(4139, 'Novo Tiradentes', 23),
(4140, 'Novo Xingu', 23),
(4141, 'Osório', 23),
(4142, 'Paim Filho', 23),
(4143, 'Palmares do Sul', 23),
(4144, 'Palmeira das Missões', 23),
(4145, 'Palmitinho', 23),
(4146, 'Panambi', 23),
(4147, 'Pantano Grande', 23),
(4148, 'Paraí', 23),
(4149, 'Paraíso do Sul', 23),
(4150, 'Pareci Novo', 23),
(4151, 'Parobé', 23),
(4152, 'Passa Sete', 23),
(4153, 'Passo do Sobrado', 23),
(4154, 'Passo Fundo', 23),
(4155, 'Paulo Bento', 23),
(4156, 'Paverama', 23),
(4157, 'Pedras Altas', 23),
(4158, 'Pedro Osório', 23),
(4159, 'Pejuçara', 23),
(4160, 'Pelotas', 23),
(4161, 'Picada Café', 23),
(4162, 'Pinhal', 23),
(4163, 'Pinhal da Serra', 23),
(4164, 'Pinhal Grande', 23),
(4165, 'Pinheirinho do Vale', 23),
(4166, 'Pinheiro Machado', 23),
(4167, 'Pirapó', 23),
(4168, 'Piratini', 23),
(4169, 'Planalto', 23),
(4170, 'Poço das Antas', 23),
(4171, 'Pontão', 23),
(4172, 'Ponte Preta', 23),
(4173, 'Portão', 23),
(4174, 'Porto Alegre', 23),
(4175, 'Porto Lucena', 23),
(4176, 'Porto Mauá', 23),
(4177, 'Porto Vera Cruz', 23),
(4178, 'Porto Xavier', 23),
(4179, 'Pouso Novo', 23),
(4180, 'Presidente Lucena', 23),
(4181, 'Progresso', 23),
(4182, 'Protásio Alves', 23),
(4183, 'Putinga', 23),
(4184, 'Quaraí', 23),
(4185, 'Quatro Irmãos', 23),
(4186, 'Quevedos', 23),
(4187, 'Quinze de Novembro', 23),
(4188, 'Redentora', 23),
(4189, 'Relvado', 23),
(4190, 'Restinga Seca', 23),
(4191, 'Rio dos Índios', 23),
(4192, 'Rio Grande', 23),
(4193, 'Rio Pardo', 23),
(4194, 'Riozinho', 23),
(4195, 'Roca Sales', 23),
(4196, 'Rodeio Bonito', 23),
(4197, 'Rolador', 23),
(4198, 'Rolante', 23),
(4199, 'Ronda Alta', 23),
(4200, 'Rondinha', 23),
(4201, 'Roque Gonzales', 23),
(4202, 'Rosário do Sul', 23),
(4203, 'Sagrada Família', 23),
(4204, 'Saldanha Marinho', 23),
(4205, 'Salto do Jacuí', 23),
(4206, 'Salvador das Missões', 23),
(4207, 'Salvador do Sul', 23),
(4208, 'Sananduva', 23),
(4209, 'Santa Bárbara do Sul', 23),
(4210, 'Santa Cecília do Sul', 23),
(4211, 'Santa Clara do Sul', 23),
(4212, 'Santa Cruz do Sul', 23),
(4213, 'Santa Margarida do Sul', 23),
(4214, 'Santa Maria', 23),
(4215, 'Santa Maria do Herval', 23),
(4216, 'Santa Rosa', 23),
(4217, 'Santa Tereza', 23),
(4218, 'Santa Vitória do Palmar', 23),
(4219, 'Santana da Boa Vista', 23),
(4220, 'Santana do Livramento', 23),
(4221, 'Santiago', 23),
(4222, 'Santo Ângelo', 23),
(4223, 'Santo Antônio da Patrulha', 23),
(4224, 'Santo Antônio das Missões', 23),
(4225, 'Santo Antônio do Palma', 23),
(4226, 'Santo Antônio do Planalto', 23),
(4227, 'Santo Augusto', 23),
(4228, 'Santo Cristo', 23),
(4229, 'Santo Expedito do Sul', 23),
(4230, 'São Borja', 23),
(4231, 'São Domingos do Sul', 23),
(4232, 'São Francisco de Assis', 23),
(4233, 'São Francisco de Paula', 23),
(4234, 'São Gabriel', 23),
(4235, 'São Jerônimo', 23),
(4236, 'São João da Urtiga', 23),
(4237, 'São João do Polêsine', 23),
(4238, 'São Jorge', 23),
(4239, 'São José das Missões', 23),
(4240, 'São José do Herval', 23),
(4241, 'São José do Hortêncio', 23),
(4242, 'São José do Inhacorá', 23),
(4243, 'São José do Norte', 23),
(4244, 'São José do Ouro', 23),
(4245, 'São José do Sul', 23),
(4246, 'São José dos Ausentes', 23),
(4247, 'São Leopoldo', 23),
(4248, 'São Lourenço do Sul', 23),
(4249, 'São Luiz Gonzaga', 23),
(4250, 'São Marcos', 23),
(4251, 'São Martinho', 23),
(4252, 'São Martinho da Serra', 23),
(4253, 'São Miguel das Missões', 23),
(4254, 'São Nicolau', 23),
(4255, 'São Paulo das Missões', 23),
(4256, 'São Pedro da Serra', 23),
(4257, 'São Pedro das Missões', 23),
(4258, 'São Pedro do Butiá', 23),
(4259, 'São Pedro do Sul', 23),
(4260, 'São Sebastião do Caí', 23),
(4261, 'São Sepé', 23),
(4262, 'São Valentim', 23),
(4263, 'São Valentim do Sul', 23),
(4264, 'São Valério do Sul', 23),
(4265, 'São Vendelino', 23),
(4266, 'São Vicente do Sul', 23),
(4267, 'Sapiranga', 23),
(4268, 'Sapucaia do Sul', 23),
(4269, 'Sarandi', 23),
(4270, 'Seberi', 23),
(4271, 'Sede Nova', 23),
(4272, 'Segredo', 23),
(4273, 'Selbach', 23),
(4274, 'Senador Salgado Filho', 23),
(4275, 'Sentinela do Sul', 23),
(4276, 'Serafina Corrêa', 23),
(4277, 'Sério', 23),
(4278, 'Sertão', 23),
(4279, 'Sertão Santana', 23),
(4280, 'Sete de Setembro', 23),
(4281, 'Severiano de Almeida', 23),
(4282, 'Silveira Martins', 23),
(4283, 'Sinimbu', 23),
(4284, 'Sobradinho', 23),
(4285, 'Soledade', 23),
(4286, 'Tabaí', 23),
(4287, 'Tapejara', 23),
(4288, 'Tapera', 23),
(4289, 'Tapes', 23),
(4290, 'Taquara', 23),
(4291, 'Taquari', 23),
(4292, 'Taquaruçu do Sul', 23),
(4293, 'Tavares', 23),
(4294, 'Tenente Portela', 23),
(4295, 'Terra de Areia', 23),
(4296, 'Teutônia', 23),
(4297, 'Tio Hugo', 23),
(4298, 'Tiradentes do Sul', 23),
(4299, 'Toropi', 23),
(4300, 'Torres', 23),
(4301, 'Tramandaí', 23),
(4302, 'Travesseiro', 23),
(4303, 'Três Arroios', 23),
(4304, 'Três Cachoeiras', 23),
(4305, 'Três Coroas', 23),
(4306, 'Três de Maio', 23),
(4307, 'Três Forquilhas', 23),
(4308, 'Três Palmeiras', 23),
(4309, 'Três Passos', 23),
(4310, 'Trindade do Sul', 23),
(4311, 'Triunfo', 23),
(4312, 'Tucunduva', 23),
(4313, 'Tunas', 23),
(4314, 'Tupanci do Sul', 23),
(4315, 'Tupanciretã', 23),
(4316, 'Tupandi', 23),
(4317, 'Tuparendi', 23),
(4318, 'Turuçu', 23),
(4319, 'Ubiretama', 23),
(4320, 'União da Serra', 23),
(4321, 'Unistalda', 23),
(4322, 'Uruguaiana', 23),
(4323, 'Vacaria', 23),
(4324, 'Vale do Sol', 23),
(4325, 'Vale Real', 23),
(4326, 'Vale Verde', 23),
(4327, 'Vanini', 23),
(4328, 'Venâncio Aires', 23),
(4329, 'Vera Cruz', 23),
(4330, 'Veranópolis', 23),
(4331, 'Vespasiano Correa', 23),
(4332, 'Viadutos', 23),
(4333, 'Viamão', 23),
(4334, 'Vicente Dutra', 23),
(4335, 'Victor Graeff', 23),
(4336, 'Vila Flores', 23),
(4337, 'Vila Lângaro', 23),
(4338, 'Vila Maria', 23),
(4339, 'Vila Nova do Sul', 23),
(4340, 'Vista Alegre', 23),
(4341, 'Vista Alegre do Prata', 23),
(4342, 'Vista Gaúcha', 23),
(4343, 'Vitória das Missões', 23),
(4344, 'Westfália', 23),
(4345, 'Xangri-lá', 23),
(4346, 'Alta Floresta d`Oeste', 21),
(4347, 'Alto Alegre dos Parecis', 21),
(4348, 'Alto Paraíso', 21),
(4349, 'Alvorada d`Oeste', 21),
(4350, 'Ariquemes', 21),
(4351, 'Buritis', 21),
(4352, 'Cabixi', 21),
(4353, 'Cacaulândia', 21),
(4354, 'Cacoal', 21),
(4355, 'Campo Novo de Rondônia', 21),
(4356, 'Candeias do Jamari', 21),
(4357, 'Castanheiras', 21),
(4358, 'Cerejeiras', 21),
(4359, 'Chupinguaia', 21),
(4360, 'Colorado do Oeste', 21),
(4361, 'Corumbiara', 21),
(4362, 'Costa Marques', 21),
(4363, 'Cujubim', 21),
(4364, 'Espigão d`Oeste', 21),
(4365, 'Governador Jorge Teixeira', 21),
(4366, 'Guajará-Mirim', 21),
(4367, 'Itapuã do Oeste', 21),
(4368, 'Jaru', 21),
(4369, 'Ji-Paraná', 21),
(4370, 'Machadinho d`Oeste', 21),
(4371, 'Ministro Andreazza', 21),
(4372, 'Mirante da Serra', 21),
(4373, 'Monte Negro', 21),
(4374, 'Nova Brasilândia d`Oeste', 21),
(4375, 'Nova Mamoré', 21),
(4376, 'Nova União', 21),
(4377, 'Novo Horizonte do Oeste', 21),
(4378, 'Ouro Preto do Oeste', 21),
(4379, 'Parecis', 21),
(4380, 'Pimenta Bueno', 21),
(4381, 'Pimenteiras do Oeste', 21),
(4382, 'Porto Velho', 21),
(4383, 'Presidente Médici', 21),
(4384, 'Primavera de Rondônia', 21),
(4385, 'Rio Crespo', 21),
(4386, 'Rolim de Moura', 21),
(4387, 'Santa Luzia d`Oeste', 21),
(4388, 'São Felipe d`Oeste', 21),
(4389, 'São Francisco do Guaporé', 21),
(4390, 'São Miguel do Guaporé', 21),
(4391, 'Seringueiras', 21),
(4392, 'Teixeirópolis', 21),
(4393, 'Theobroma', 21),
(4394, 'Urupá', 21),
(4395, 'Vale do Anari', 21),
(4396, 'Vale do Paraíso', 21),
(4397, 'Vilhena', 21),
(4398, 'Alto Alegre', 22),
(4399, 'Amajari', 22),
(4400, 'Boa Vista', 22),
(4401, 'Bonfim', 22),
(4402, 'Cantá', 22),
(4403, 'Caracaraí', 22),
(4404, 'Caroebe', 22),
(4405, 'Iracema', 22),
(4406, 'Mucajaí', 22),
(4407, 'Normandia', 22),
(4408, 'Pacaraima', 22),
(4409, 'Rorainópolis', 22),
(4410, 'São João da Baliza', 22),
(4411, 'São Luiz', 22),
(4412, 'Uiramutã', 22),
(4413, 'Abdon Batista', 24),
(4414, 'Abelardo Luz', 24),
(4415, 'Agrolândia', 24),
(4416, 'Agronômica', 24),
(4417, 'Água Doce', 24),
(4418, 'Águas de Chapecó', 24),
(4419, 'Águas Frias', 24),
(4420, 'Águas Mornas', 24),
(4421, 'Alfredo Wagner', 24),
(4422, 'Alto Bela Vista', 24),
(4423, 'Anchieta', 24),
(4424, 'Angelina', 24),
(4425, 'Anita Garibaldi', 24),
(4426, 'Anitápolis', 24),
(4427, 'Antônio Carlos', 24),
(4428, 'Apiúna', 24),
(4429, 'Arabutã', 24),
(4430, 'Araquari', 24),
(4431, 'Araranguá', 24),
(4432, 'Armazém', 24),
(4433, 'Arroio Trinta', 24),
(4434, 'Arvoredo', 24),
(4435, 'Ascurra', 24),
(4436, 'Atalanta', 24),
(4437, 'Aurora', 24),
(4438, 'Balneário Arroio do Silva', 24),
(4439, 'Balneário Barra do Sul', 24),
(4440, 'Balneário Camboriú', 24),
(4441, 'Balneário Gaivota', 24),
(4442, 'Bandeirante', 24),
(4443, 'Barra Bonita', 24),
(4444, 'Barra Velha', 24),
(4445, 'Bela Vista do Toldo', 24),
(4446, 'Belmonte', 24),
(4447, 'Benedito Novo', 24),
(4448, 'Biguaçu', 24),
(4449, 'Blumenau', 24),
(4450, 'Bocaina do Sul', 24),
(4451, 'Bom Jardim da Serra', 24),
(4452, 'Bom Jesus', 24),
(4453, 'Bom Jesus do Oeste', 24),
(4454, 'Bom Retiro', 24),
(4455, 'Bombinhas', 24),
(4456, 'Botuverá', 24),
(4457, 'Braço do Norte', 24),
(4458, 'Braço do Trombudo', 24),
(4459, 'Brunópolis', 24),
(4460, 'Brusque', 24),
(4461, 'Caçador', 24),
(4462, 'Caibi', 24),
(4463, 'Calmon', 24),
(4464, 'Camboriú', 24),
(4465, 'Campo Alegre', 24),
(4466, 'Campo Belo do Sul', 24),
(4467, 'Campo Erê', 24),
(4468, 'Campos Novos', 24),
(4469, 'Canelinha', 24),
(4470, 'Canoinhas', 24),
(4471, 'Capão Alto', 24),
(4472, 'Capinzal', 24),
(4473, 'Capivari de Baixo', 24),
(4474, 'Catanduvas', 24),
(4475, 'Caxambu do Sul', 24),
(4476, 'Celso Ramos', 24),
(4477, 'Cerro Negro', 24),
(4478, 'Chapadão do Lageado', 24),
(4479, 'Chapecó', 24),
(4480, 'Cocal do Sul', 24),
(4481, 'Concórdia', 24),
(4482, 'Cordilheira Alta', 24),
(4483, 'Coronel Freitas', 24),
(4484, 'Coronel Martins', 24),
(4485, 'Correia Pinto', 24),
(4486, 'Corupá', 24),
(4487, 'Criciúma', 24),
(4488, 'Cunha Porã', 24),
(4489, 'Cunhataí', 24),
(4490, 'Curitibanos', 24),
(4491, 'Descanso', 24),
(4492, 'Dionísio Cerqueira', 24),
(4493, 'Dona Emma', 24),
(4494, 'Doutor Pedrinho', 24),
(4495, 'Entre Rios', 24),
(4496, 'Ermo', 24),
(4497, 'Erval Velho', 24),
(4498, 'Faxinal dos Guedes', 24),
(4499, 'Flor do Sertão', 24),
(4500, 'Florianópolis', 24),
(4501, 'Formosa do Sul', 24),
(4502, 'Forquilhinha', 24),
(4503, 'Fraiburgo', 24),
(4504, 'Frei Rogério', 24),
(4505, 'Galvão', 24),
(4506, 'Garopaba', 24),
(4507, 'Garuva', 24),
(4508, 'Gaspar', 24),
(4509, 'Governador Celso Ramos', 24),
(4510, 'Grão Pará', 24),
(4511, 'Gravatal', 24),
(4512, 'Guabiruba', 24),
(4513, 'Guaraciaba', 24),
(4514, 'Guaramirim', 24),
(4515, 'Guarujá do Sul', 24),
(4516, 'Guatambú', 24),
(4517, 'Herval d`Oeste', 24),
(4518, 'Ibiam', 24),
(4519, 'Ibicaré', 24),
(4520, 'Ibirama', 24),
(4521, 'Içara', 24),
(4522, 'Ilhota', 24),
(4523, 'Imaruí', 24),
(4524, 'Imbituba', 24),
(4525, 'Imbuia', 24),
(4526, 'Indaial', 24),
(4527, 'Iomerê', 24),
(4528, 'Ipira', 24),
(4529, 'Iporã do Oeste', 24),
(4530, 'Ipuaçu', 24),
(4531, 'Ipumirim', 24),
(4532, 'Iraceminha', 24),
(4533, 'Irani', 24),
(4534, 'Irati', 24),
(4535, 'Irineópolis', 24),
(4536, 'Itá', 24),
(4537, 'Itaiópolis', 24),
(4538, 'Itajaí', 24),
(4539, 'Itapema', 24),
(4540, 'Itapiranga', 24),
(4541, 'Itapoá', 24),
(4542, 'Ituporanga', 24),
(4543, 'Jaborá', 24),
(4544, 'Jacinto Machado', 24),
(4545, 'Jaguaruna', 24),
(4546, 'Jaraguá do Sul', 24),
(4547, 'Jardinópolis', 24),
(4548, 'Joaçaba', 24),
(4549, 'Joinville', 24),
(4550, 'José Boiteux', 24),
(4551, 'Jupiá', 24),
(4552, 'Lacerdópolis', 24),
(4553, 'Lages', 24),
(4554, 'Laguna', 24),
(4555, 'Lajeado Grande', 24),
(4556, 'Laurentino', 24),
(4557, 'Lauro Muller', 24),
(4558, 'Lebon Régis', 24),
(4559, 'Leoberto Leal', 24),
(4560, 'Lindóia do Sul', 24),
(4561, 'Lontras', 24),
(4562, 'Luiz Alves', 24),
(4563, 'Luzerna', 24),
(4564, 'Macieira', 24),
(4565, 'Mafra', 24),
(4566, 'Major Gercino', 24),
(4567, 'Major Vieira', 24),
(4568, 'Maracajá', 24),
(4569, 'Maravilha', 24),
(4570, 'Marema', 24),
(4571, 'Massaranduba', 24),
(4572, 'Matos Costa', 24),
(4573, 'Meleiro', 24),
(4574, 'Mirim Doce', 24),
(4575, 'Modelo', 24),
(4576, 'Mondaí', 24),
(4577, 'Monte Carlo', 24),
(4578, 'Monte Castelo', 24),
(4579, 'Morro da Fumaça', 24),
(4580, 'Morro Grande', 24),
(4581, 'Navegantes', 24),
(4582, 'Nova Erechim', 24),
(4583, 'Nova Itaberaba', 24),
(4584, 'Nova Trento', 24),
(4585, 'Nova Veneza', 24),
(4586, 'Novo Horizonte', 24),
(4587, 'Orleans', 24),
(4588, 'Otacílio Costa', 24),
(4589, 'Ouro', 24),
(4590, 'Ouro Verde', 24),
(4591, 'Paial', 24),
(4592, 'Painel', 24),
(4593, 'Palhoça', 24),
(4594, 'Palma Sola', 24),
(4595, 'Palmeira', 24),
(4596, 'Palmitos', 24),
(4597, 'Papanduva', 24),
(4598, 'Paraíso', 24),
(4599, 'Passo de Torres', 24),
(4600, 'Passos Maia', 24),
(4601, 'Paulo Lopes', 24),
(4602, 'Pedras Grandes', 24),
(4603, 'Penha', 24),
(4604, 'Peritiba', 24),
(4605, 'Petrolândia', 24),
(4606, 'Piçarras', 24),
(4607, 'Pinhalzinho', 24),
(4608, 'Pinheiro Preto', 24),
(4609, 'Piratuba', 24),
(4610, 'Planalto Alegre', 24),
(4611, 'Pomerode', 24),
(4612, 'Ponte Alta', 24),
(4613, 'Ponte Alta do Norte', 24),
(4614, 'Ponte Serrada', 24),
(4615, 'Porto Belo', 24),
(4616, 'Porto União', 24),
(4617, 'Pouso Redondo', 24),
(4618, 'Praia Grande', 24),
(4619, 'Presidente Castelo Branco', 24),
(4620, 'Presidente Getúlio', 24),
(4621, 'Presidente Nereu', 24),
(4622, 'Princesa', 24),
(4623, 'Quilombo', 24),
(4624, 'Rancho Queimado', 24),
(4625, 'Rio das Antas', 24),
(4626, 'Rio do Campo', 24),
(4627, 'Rio do Oeste', 24),
(4628, 'Rio do Sul', 24),
(4629, 'Rio dos Cedros', 24),
(4630, 'Rio Fortuna', 24),
(4631, 'Rio Negrinho', 24),
(4632, 'Rio Rufino', 24),
(4633, 'Riqueza', 24),
(4634, 'Rodeio', 24),
(4635, 'Romelândia', 24),
(4636, 'Salete', 24),
(4637, 'Saltinho', 24),
(4638, 'Salto Veloso', 24),
(4639, 'Sangão', 24),
(4640, 'Santa Cecília', 24),
(4641, 'Santa Helena', 24),
(4642, 'Santa Rosa de Lima', 24),
(4643, 'Santa Rosa do Sul', 24),
(4644, 'Santa Terezinha', 24),
(4645, 'Santa Terezinha do Progresso', 24),
(4646, 'Santiago do Sul', 24),
(4647, 'Santo Amaro da Imperatriz', 24),
(4648, 'São Bento do Sul', 24),
(4649, 'São Bernardino', 24),
(4650, 'São Bonifácio', 24),
(4651, 'São Carlos', 24),
(4652, 'São Cristovão do Sul', 24),
(4653, 'São Domingos', 24),
(4654, 'São Francisco do Sul', 24),
(4655, 'São João Batista', 24),
(4656, 'São João do Itaperiú', 24),
(4657, 'São João do Oeste', 24),
(4658, 'São João do Sul', 24),
(4659, 'São Joaquim', 24),
(4660, 'São José', 24),
(4661, 'São José do Cedro', 24),
(4662, 'São José do Cerrito', 24),
(4663, 'São Lourenço do Oeste', 24),
(4664, 'São Ludgero', 24),
(4665, 'São Martinho', 24),
(4666, 'São Miguel da Boa Vista', 24),
(4667, 'São Miguel do Oeste', 24),
(4668, 'São Pedro de Alcântara', 24),
(4669, 'Saudades', 24),
(4670, 'Schroeder', 24),
(4671, 'Seara', 24),
(4672, 'Serra Alta', 24),
(4673, 'Siderópolis', 24),
(4674, 'Sombrio', 24),
(4675, 'Sul Brasil', 24),
(4676, 'Taió', 24),
(4677, 'Tangará', 24),
(4678, 'Tigrinhos', 24),
(4679, 'Tijucas', 24),
(4680, 'Timbé do Sul', 24),
(4681, 'Timbó', 24),
(4682, 'Timbó Grande', 24),
(4683, 'Três Barras', 24),
(4684, 'Treviso', 24),
(4685, 'Treze de Maio', 24),
(4686, 'Treze Tílias', 24),
(4687, 'Trombudo Central', 24),
(4688, 'Tubarão', 24),
(4689, 'Tunápolis', 24),
(4690, 'Turvo', 24),
(4691, 'União do Oeste', 24),
(4692, 'Urubici', 24),
(4693, 'Urupema', 24),
(4694, 'Urussanga', 24),
(4695, 'Vargeão', 24),
(4696, 'Vargem', 24),
(4697, 'Vargem Bonita', 24),
(4698, 'Vidal Ramos', 24),
(4699, 'Videira', 24),
(4700, 'Vitor Meireles', 24),
(4701, 'Witmarsum', 24),
(4702, 'Xanxerê', 24),
(4703, 'Xavantina', 24),
(4704, 'Xaxim', 24),
(4705, 'Zortéa', 24),
(4706, 'Adamantina', 26),
(4707, 'Adolfo', 26),
(4708, 'Aguaí', 26),
(4709, 'Águas da Prata', 26),
(4710, 'Águas de Lindóia', 26),
(4711, 'Águas de Santa Bárbara', 26),
(4712, 'Águas de São Pedro', 26),
(4713, 'Agudos', 26),
(4714, 'Alambari', 26),
(4715, 'Alfredo Marcondes', 26),
(4716, 'Altair', 26),
(4717, 'Altinópolis', 26),
(4718, 'Alto Alegre', 26),
(4719, 'Alumínio', 26),
(4720, 'Álvares Florence', 26),
(4721, 'Álvares Machado', 26),
(4722, 'Álvaro de Carvalho', 26),
(4723, 'Alvinlândia', 26),
(4724, 'Americana', 26),
(4725, 'Américo Brasiliense', 26),
(4726, 'Américo de Campos', 26),
(4727, 'Amparo', 26),
(4728, 'Analândia', 26),
(4729, 'Andradina', 26),
(4730, 'Angatuba', 26),
(4731, 'Anhembi', 26),
(4732, 'Anhumas', 26),
(4733, 'Aparecida', 26),
(4734, 'Aparecida d`Oeste', 26),
(4735, 'Apiaí', 26),
(4736, 'Araçariguama', 26),
(4737, 'Araçatuba', 26),
(4738, 'Araçoiaba da Serra', 26),
(4739, 'Aramina', 26),
(4740, 'Arandu', 26),
(4741, 'Arapeí', 26),
(4742, 'Araraquara', 26),
(4743, 'Araras', 26),
(4744, 'Arco-Íris', 26),
(4745, 'Arealva', 26),
(4746, 'Areias', 26),
(4747, 'Areiópolis', 26),
(4748, 'Ariranha', 26),
(4749, 'Artur Nogueira', 26),
(4750, 'Arujá', 26),
(4751, 'Aspásia', 26),
(4752, 'Assis', 26),
(4753, 'Atibaia', 26),
(4754, 'Auriflama', 26),
(4755, 'Avaí', 26),
(4756, 'Avanhandava', 26),
(4757, 'Avaré', 26),
(4758, 'Bady Bassitt', 26),
(4759, 'Balbinos', 26),
(4760, 'Bálsamo', 26),
(4761, 'Bananal', 26),
(4762, 'Barão de Antonina', 26),
(4763, 'Barbosa', 26),
(4764, 'Bariri', 26),
(4765, 'Barra Bonita', 26),
(4766, 'Barra do Chapéu', 26),
(4767, 'Barra do Turvo', 26),
(4768, 'Barretos', 26),
(4769, 'Barrinha', 26),
(4770, 'Barueri', 26),
(4771, 'Bastos', 26),
(4772, 'Batatais', 26),
(4773, 'Bauru', 26),
(4774, 'Bebedouro', 26),
(4775, 'Bento de Abreu', 26),
(4776, 'Bernardino de Campos', 26),
(4777, 'Bertioga', 26),
(4778, 'Bilac', 26),
(4779, 'Birigui', 26),
(4780, 'Biritiba-Mirim', 26),
(4781, 'Boa Esperança do Sul', 26),
(4782, 'Bocaina', 26),
(4783, 'Bofete', 26),
(4784, 'Boituva', 26),
(4785, 'Bom Jesus dos Perdões', 26),
(4786, 'Bom Sucesso de Itararé', 26),
(4787, 'Borá', 26),
(4788, 'Boracéia', 26),
(4789, 'Borborema', 26),
(4790, 'Borebi', 26),
(4791, 'Botucatu', 26),
(4792, 'Bragança Paulista', 26),
(4793, 'Braúna', 26),
(4794, 'Brejo Alegre', 26),
(4795, 'Brodowski', 26),
(4796, 'Brotas', 26),
(4797, 'Buri', 26),
(4798, 'Buritama', 26),
(4799, 'Buritizal', 26),
(4800, 'Cabrália Paulista', 26),
(4801, 'Cabreúva', 26),
(4802, 'Caçapava', 26),
(4803, 'Cachoeira Paulista', 26),
(4804, 'Caconde', 26),
(4805, 'Cafelândia', 26),
(4806, 'Caiabu', 26),
(4807, 'Caieiras', 26),
(4808, 'Caiuá', 26),
(4809, 'Cajamar', 26),
(4810, 'Cajati', 26),
(4811, 'Cajobi', 26),
(4812, 'Cajuru', 26),
(4813, 'Campina do Monte Alegre', 26),
(4814, 'Campinas', 26),
(4815, 'Campo Limpo Paulista', 26),
(4816, 'Campos do Jordão', 26),
(4817, 'Campos Novos Paulista', 26),
(4818, 'Cananéia', 26),
(4819, 'Canas', 26),
(4820, 'Cândido Mota', 26),
(4821, 'Cândido Rodrigues', 26),
(4822, 'Canitar', 26),
(4823, 'Capão Bonito', 26),
(4824, 'Capela do Alto', 26),
(4825, 'Capivari', 26),
(4826, 'Caraguatatuba', 26),
(4827, 'Carapicuíba', 26),
(4828, 'Cardoso', 26),
(4829, 'Casa Branca', 26),
(4830, 'Cássia dos Coqueiros', 26),
(4831, 'Castilho', 26),
(4832, 'Catanduva', 26),
(4833, 'Catiguá', 26),
(4834, 'Cedral', 26),
(4835, 'Cerqueira César', 26),
(4836, 'Cerquilho', 26),
(4837, 'Cesário Lange', 26),
(4838, 'Charqueada', 26),
(4839, 'Chavantes', 26),
(4840, 'Clementina', 26),
(4841, 'Colina', 26),
(4842, 'Colômbia', 26),
(4843, 'Conchal', 26),
(4844, 'Conchas', 26),
(4845, 'Cordeirópolis', 26),
(4846, 'Coroados', 26),
(4847, 'Coronel Macedo', 26),
(4848, 'Corumbataí', 26),
(4849, 'Cosmópolis', 26),
(4850, 'Cosmorama', 26),
(4851, 'Cotia', 26),
(4852, 'Cravinhos', 26),
(4853, 'Cristais Paulista', 26),
(4854, 'Cruzália', 26),
(4855, 'Cruzeiro', 26),
(4856, 'Cubatão', 26),
(4857, 'Cunha', 26),
(4858, 'Descalvado', 26),
(4859, 'Diadema', 26),
(4860, 'Dirce Reis', 26),
(4861, 'Divinolândia', 26),
(4862, 'Dobrada', 26),
(4863, 'Dois Córregos', 26),
(4864, 'Dolcinópolis', 26),
(4865, 'Dourado', 26),
(4866, 'Dracena', 26),
(4867, 'Duartina', 26),
(4868, 'Dumont', 26),
(4869, 'Echaporã', 26),
(4870, 'Eldorado', 26),
(4871, 'Elias Fausto', 26),
(4872, 'Elisiário', 26),
(4873, 'Embaúba', 26),
(4874, 'Embu', 26),
(4875, 'Embu-Guaçu', 26),
(4876, 'Emilianópolis', 26),
(4877, 'Engenheiro Coelho', 26),
(4878, 'Espírito Santo do Pinhal', 26),
(4879, 'Espírito Santo do Turvo', 26),
(4880, 'Estiva Gerbi', 26),
(4881, 'Estrela d`Oeste', 26),
(4882, 'Estrela do Norte', 26),
(4883, 'Euclides da Cunha Paulista', 26),
(4884, 'Fartura', 26),
(4885, 'Fernando Prestes', 26),
(4886, 'Fernandópolis', 26),
(4887, 'Fernão', 26),
(4888, 'Ferraz de Vasconcelos', 26),
(4889, 'Flora Rica', 26),
(4890, 'Floreal', 26),
(4891, 'Flórida Paulista', 26),
(4892, 'Florínia', 26),
(4893, 'Franca', 26),
(4894, 'Francisco Morato', 26),
(4895, 'Franco da Rocha', 26),
(4896, 'Gabriel Monteiro', 26),
(4897, 'Gália', 26),
(4898, 'Garça', 26),
(4899, 'Gastão Vidigal', 26),
(4900, 'Gavião Peixoto', 26),
(4901, 'General Salgado', 26),
(4902, 'Getulina', 26),
(4903, 'Glicério', 26),
(4904, 'Guaiçara', 26),
(4905, 'Guaimbê', 26),
(4906, 'Guaíra', 26),
(4907, 'Guapiaçu', 26),
(4908, 'Guapiara', 26),
(4909, 'Guará', 26),
(4910, 'Guaraçaí', 26),
(4911, 'Guaraci', 26),
(4912, 'Guarani d`Oeste', 26),
(4913, 'Guarantã', 26),
(4914, 'Guararapes', 26),
(4915, 'Guararema', 26),
(4916, 'Guaratinguetá', 26),
(4917, 'Guareí', 26),
(4918, 'Guariba', 26),
(4919, 'Guarujá', 26),
(4920, 'Guarulhos', 26),
(4921, 'Guatapará', 26),
(4922, 'Guzolândia', 26),
(4923, 'Herculândia', 26),
(4924, 'Holambra', 26),
(4925, 'Hortolândia', 26),
(4926, 'Iacanga', 26),
(4927, 'Iacri', 26),
(4928, 'Iaras', 26),
(4929, 'Ibaté', 26),
(4930, 'Ibirá', 26),
(4931, 'Ibirarema', 26),
(4932, 'Ibitinga', 26),
(4933, 'Ibiúna', 26),
(4934, 'Icém', 26),
(4935, 'Iepê', 26),
(4936, 'Igaraçu do Tietê', 26),
(4937, 'Igarapava', 26),
(4938, 'Igaratá', 26),
(4939, 'Iguape', 26),
(4940, 'Ilha Comprida', 26),
(4941, 'Ilha Solteira', 26),
(4942, 'Ilhabela', 26),
(4943, 'Indaiatuba', 26),
(4944, 'Indiana', 26),
(4945, 'Indiaporã', 26),
(4946, 'Inúbia Paulista', 26),
(4947, 'Ipaussu', 26),
(4948, 'Iperó', 26),
(4949, 'Ipeúna', 26),
(4950, 'Ipiguá', 26),
(4951, 'Iporanga', 26),
(4952, 'Ipuã', 26),
(4953, 'Iracemápolis', 26),
(4954, 'Irapuã', 26),
(4955, 'Irapuru', 26),
(4956, 'Itaberá', 26),
(4957, 'Itaí', 26),
(4958, 'Itajobi', 26),
(4959, 'Itaju', 26),
(4960, 'Itanhaém', 26),
(4961, 'Itaóca', 26),
(4962, 'Itapecerica da Serra', 26),
(4963, 'Itapetininga', 26),
(4964, 'Itapeva', 26),
(4965, 'Itapevi', 26),
(4966, 'Itapira', 26),
(4967, 'Itapirapuã Paulista', 26),
(4968, 'Itápolis', 26),
(4969, 'Itaporanga', 26),
(4970, 'Itapuí', 26),
(4971, 'Itapura', 26),
(4972, 'Itaquaquecetuba', 26),
(4973, 'Itararé', 26),
(4974, 'Itariri', 26),
(4975, 'Itatiba', 26),
(4976, 'Itatinga', 26),
(4977, 'Itirapina', 26),
(4978, 'Itirapuã', 26),
(4979, 'Itobi', 26),
(4980, 'Itu', 26),
(4981, 'Itupeva', 26),
(4982, 'Ituverava', 26),
(4983, 'Jaborandi', 26),
(4984, 'Jaboticabal', 26),
(4985, 'Jacareí', 26),
(4986, 'Jaci', 26),
(4987, 'Jacupiranga', 26),
(4988, 'Jaguariúna', 26),
(4989, 'Jales', 26),
(4990, 'Jambeiro', 26),
(4991, 'Jandira', 26),
(4992, 'Jardinópolis', 26),
(4993, 'Jarinu', 26),
(4994, 'Jaú', 26),
(4995, 'Jeriquara', 26),
(4996, 'Joanópolis', 26),
(4997, 'João Ramalho', 26),
(4998, 'José Bonifácio', 26),
(4999, 'Júlio Mesquita', 26),
(5000, 'Jumirim', 26),
(5001, 'Jundiaí', 26),
(5002, 'Junqueirópolis', 26),
(5003, 'Juquiá', 26),
(5004, 'Juquitiba', 26),
(5005, 'Lagoinha', 26),
(5006, 'Laranjal Paulista', 26),
(5007, 'Lavínia', 26),
(5008, 'Lavrinhas', 26),
(5009, 'Leme', 26),
(5010, 'Lençóis Paulista', 26),
(5011, 'Limeira', 26),
(5012, 'Lindóia', 26),
(5013, 'Lins', 26),
(5014, 'Lorena', 26),
(5015, 'Lourdes', 26),
(5016, 'Louveira', 26),
(5017, 'Lucélia', 26),
(5018, 'Lucianópolis', 26),
(5019, 'Luís Antônio', 26),
(5020, 'Luiziânia', 26),
(5021, 'Lupércio', 26),
(5022, 'Lutécia', 26),
(5023, 'Macatuba', 26),
(5024, 'Macaubal', 26),
(5025, 'Macedônia', 26),
(5026, 'Magda', 26),
(5027, 'Mairinque', 26),
(5028, 'Mairiporã', 26),
(5029, 'Manduri', 26),
(5030, 'Marabá Paulista', 26),
(5031, 'Maracaí', 26),
(5032, 'Marapoama', 26),
(5033, 'Mariápolis', 26),
(5034, 'Marília', 26),
(5035, 'Marinópolis', 26),
(5036, 'Martinópolis', 26),
(5037, 'Matão', 26),
(5038, 'Mauá', 26),
(5039, 'Mendonça', 26),
(5040, 'Meridiano', 26),
(5041, 'Mesópolis', 26),
(5042, 'Miguelópolis', 26),
(5043, 'Mineiros do Tietê', 26),
(5044, 'Mira Estrela', 26),
(5045, 'Miracatu', 26),
(5046, 'Mirandópolis', 26),
(5047, 'Mirante do Paranapanema', 26),
(5048, 'Mirassol', 26),
(5049, 'Mirassolândia', 26),
(5050, 'Mococa', 26),
(5051, 'Mogi das Cruzes', 26),
(5052, 'Mogi Guaçu', 26),
(5053, 'Moji Mirim', 26),
(5054, 'Mombuca', 26),
(5055, 'Monções', 26),
(5056, 'Mongaguá', 26),
(5057, 'Monte Alegre do Sul', 26),
(5058, 'Monte Alto', 26),
(5059, 'Monte Aprazível', 26),
(5060, 'Monte Azul Paulista', 26),
(5061, 'Monte Castelo', 26),
(5062, 'Monte Mor', 26),
(5063, 'Monteiro Lobato', 26),
(5064, 'Morro Agudo', 26),
(5065, 'Morungaba', 26),
(5066, 'Motuca', 26),
(5067, 'Murutinga do Sul', 26),
(5068, 'Nantes', 26),
(5069, 'Narandiba', 26),
(5070, 'Natividade da Serra', 26),
(5071, 'Nazaré Paulista', 26),
(5072, 'Neves Paulista', 26),
(5073, 'Nhandeara', 26),
(5074, 'Nipoã', 26),
(5075, 'Nova Aliança', 26),
(5076, 'Nova Campina', 26),
(5077, 'Nova Canaã Paulista', 26),
(5078, 'Nova Castilho', 26),
(5079, 'Nova Europa', 26),
(5080, 'Nova Granada', 26),
(5081, 'Nova Guataporanga', 26),
(5082, 'Nova Independência', 26),
(5083, 'Nova Luzitânia', 26),
(5084, 'Nova Odessa', 26),
(5085, 'Novais', 26),
(5086, 'Novo Horizonte', 26),
(5087, 'Nuporanga', 26),
(5088, 'Ocauçu', 26),
(5089, 'Óleo', 26),
(5090, 'Olímpia', 26),
(5091, 'Onda Verde', 26),
(5092, 'Oriente', 26),
(5093, 'Orindiúva', 26),
(5094, 'Orlândia', 26),
(5095, 'Osasco', 26),
(5096, 'Oscar Bressane', 26),
(5097, 'Osvaldo Cruz', 26),
(5098, 'Ourinhos', 26),
(5099, 'Ouro Verde', 26),
(5100, 'Ouroeste', 26),
(5101, 'Pacaembu', 26),
(5102, 'Palestina', 26),
(5103, 'Palmares Paulista', 26),
(5104, 'Palmeira d`Oeste', 26),
(5105, 'Palmital', 26),
(5106, 'Panorama', 26),
(5107, 'Paraguaçu Paulista', 26),
(5108, 'Paraibuna', 26),
(5109, 'Paraíso', 26),
(5110, 'Paranapanema', 26),
(5111, 'Paranapuã', 26),
(5112, 'Parapuã', 26),
(5113, 'Pardinho', 26),
(5114, 'Pariquera-Açu', 26),
(5115, 'Parisi', 26),
(5116, 'Patrocínio Paulista', 26),
(5117, 'Paulicéia', 26),
(5118, 'Paulínia', 26),
(5119, 'Paulistânia', 26),
(5120, 'Paulo de Faria', 26),
(5121, 'Pederneiras', 26),
(5122, 'Pedra Bela', 26),
(5123, 'Pedranópolis', 26),
(5124, 'Pedregulho', 26),
(5125, 'Pedreira', 26),
(5126, 'Pedrinhas Paulista', 26),
(5127, 'Pedro de Toledo', 26),
(5128, 'Penápolis', 26),
(5129, 'Pereira Barreto', 26),
(5130, 'Pereiras', 26),
(5131, 'Peruíbe', 26),
(5132, 'Piacatu', 26),
(5133, 'Piedade', 26),
(5134, 'Pilar do Sul', 26),
(5135, 'Pindamonhangaba', 26),
(5136, 'Pindorama', 26),
(5137, 'Pinhalzinho', 26),
(5138, 'Piquerobi', 26),
(5139, 'Piquete', 26),
(5140, 'Piracaia', 26),
(5141, 'Piracicaba', 26),
(5142, 'Piraju', 26),
(5143, 'Pirajuí', 26),
(5144, 'Pirangi', 26),
(5145, 'Pirapora do Bom Jesus', 26),
(5146, 'Pirapozinho', 26),
(5147, 'Pirassununga', 26),
(5148, 'Piratininga', 26),
(5149, 'Pitangueiras', 26),
(5150, 'Planalto', 26),
(5151, 'Platina', 26),
(5152, 'Poá', 26),
(5153, 'Poloni', 26),
(5154, 'Pompéia', 26),
(5155, 'Pongaí', 26),
(5156, 'Pontal', 26),
(5157, 'Pontalinda', 26),
(5158, 'Pontes Gestal', 26),
(5159, 'Populina', 26),
(5160, 'Porangaba', 26),
(5161, 'Porto Feliz', 26),
(5162, 'Porto Ferreira', 26),
(5163, 'Potim', 26),
(5164, 'Potirendaba', 26),
(5165, 'Pracinha', 26),
(5166, 'Pradópolis', 26),
(5167, 'Praia Grande', 26),
(5168, 'Pratânia', 26),
(5169, 'Presidente Alves', 26),
(5170, 'Presidente Bernardes', 26),
(5171, 'Presidente Epitácio', 26),
(5172, 'Presidente Prudente', 26),
(5173, 'Presidente Venceslau', 26),
(5174, 'Promissão', 26),
(5175, 'Quadra', 26),
(5176, 'Quatá', 26),
(5177, 'Queiroz', 26),
(5178, 'Queluz', 26),
(5179, 'Quintana', 26),
(5180, 'Rafard', 26),
(5181, 'Rancharia', 26),
(5182, 'Redenção da Serra', 26),
(5183, 'Regente Feijó', 26),
(5184, 'Reginópolis', 26),
(5185, 'Registro', 26),
(5186, 'Restinga', 26),
(5187, 'Ribeira', 26),
(5188, 'Ribeirão Bonito', 26),
(5189, 'Ribeirão Branco', 26),
(5190, 'Ribeirão Corrente', 26),
(5191, 'Ribeirão do Sul', 26),
(5192, 'Ribeirão dos Índios', 26),
(5193, 'Ribeirão Grande', 26),
(5194, 'Ribeirão Pires', 26),
(5195, 'Ribeirão Preto', 26),
(5196, 'Rifaina', 26),
(5197, 'Rincão', 26),
(5198, 'Rinópolis', 26),
(5199, 'Rio Claro', 26),
(5200, 'Rio das Pedras', 26),
(5201, 'Rio Grande da Serra', 26),
(5202, 'Riolândia', 26),
(5203, 'Riversul', 26),
(5204, 'Rosana', 26),
(5205, 'Roseira', 26),
(5206, 'Rubiácea', 26),
(5207, 'Rubinéia', 26),
(5208, 'Sabino', 26),
(5209, 'Sagres', 26),
(5210, 'Sales', 26),
(5211, 'Sales Oliveira', 26),
(5212, 'Salesópolis', 26),
(5213, 'Salmourão', 26),
(5214, 'Saltinho', 26),
(5215, 'Salto', 26),
(5216, 'Salto de Pirapora', 26),
(5217, 'Salto Grande', 26),
(5218, 'Sandovalina', 26),
(5219, 'Santa Adélia', 26),
(5220, 'Santa Albertina', 26),
(5221, 'Santa Bárbara d`Oeste', 26),
(5222, 'Santa Branca', 26),
(5223, 'Santa Clara d`Oeste', 26),
(5224, 'Santa Cruz da Conceição', 26),
(5225, 'Santa Cruz da Esperança', 26),
(5226, 'Santa Cruz das Palmeiras', 26),
(5227, 'Santa Cruz do Rio Pardo', 26),
(5228, 'Santa Ernestina', 26),
(5229, 'Santa Fé do Sul', 26),
(5230, 'Santa Gertrudes', 26),
(5231, 'Santa Isabel', 26),
(5232, 'Santa Lúcia', 26),
(5233, 'Santa Maria da Serra', 26),
(5234, 'Santa Mercedes', 26),
(5235, 'Santa Rita d`Oeste', 26),
(5236, 'Santa Rita do Passa Quatro', 26),
(5237, 'Santa Rosa de Viterbo', 26),
(5238, 'Santa Salete', 26),
(5239, 'Santana da Ponte Pensa', 26),
(5240, 'Santana de Parnaíba', 26),
(5241, 'Santo Anastácio', 26),
(5242, 'Santo André', 26),
(5243, 'Santo Antônio da Alegria', 26),
(5244, 'Santo Antônio de Posse', 26),
(5245, 'Santo Antônio do Aracanguá', 26),
(5246, 'Santo Antônio do Jardim', 26),
(5247, 'Santo Antônio do Pinhal', 26),
(5248, 'Santo Expedito', 26),
(5249, 'Santópolis do Aguapeí', 26),
(5250, 'Santos', 26),
(5251, 'São Bento do Sapucaí', 26),
(5252, 'São Bernardo do Campo', 26),
(5253, 'São Caetano do Sul', 26),
(5254, 'São Carlos', 26),
(5255, 'São Francisco', 26),
(5256, 'São João da Boa Vista', 26),
(5257, 'São João das Duas Pontes', 26),
(5258, 'São João de Iracema', 26),
(5259, 'São João do Pau d`Alho', 26),
(5260, 'São Joaquim da Barra', 26),
(5261, 'São José da Bela Vista', 26),
(5262, 'São José do Barreiro', 26),
(5263, 'São José do Rio Pardo', 26),
(5264, 'São José do Rio Preto', 26),
(5265, 'São José dos Campos', 26),
(5266, 'São Lourenço da Serra', 26),
(5267, 'São Luís do Paraitinga', 26),
(5268, 'São Manuel', 26),
(5269, 'São Miguel Arcanjo', 26),
(5270, 'São Paulo', 26),
(5271, 'São Pedro', 26),
(5272, 'São Pedro do Turvo', 26),
(5273, 'São Roque', 26),
(5274, 'São Sebastião', 26),
(5275, 'São Sebastião da Grama', 26),
(5276, 'São Simão', 26),
(5277, 'São Vicente', 26),
(5278, 'Sarapuí', 26),
(5279, 'Sarutaiá', 26),
(5280, 'Sebastianópolis do Sul', 26),
(5281, 'Serra Azul', 26),
(5282, 'Serra Negra', 26),
(5283, 'Serrana', 26),
(5284, 'Sertãozinho', 26),
(5285, 'Sete Barras', 26),
(5286, 'Severínia', 26),
(5287, 'Silveiras', 26),
(5288, 'Socorro', 26),
(5289, 'Sorocaba', 26),
(5290, 'Sud Mennucci', 26),
(5291, 'Sumaré', 26),
(5292, 'Suzanápolis', 26),
(5293, 'Suzano', 26),
(5294, 'Tabapuã', 26),
(5295, 'Tabatinga', 26),
(5296, 'Taboão da Serra', 26),
(5297, 'Taciba', 26),
(5298, 'Taguaí', 26),
(5299, 'Taiaçu', 26),
(5300, 'Taiúva', 26),
(5301, 'Tambaú', 26),
(5302, 'Tanabi', 26),
(5303, 'Tapiraí', 26),
(5304, 'Tapiratiba', 26),
(5305, 'Taquaral', 26),
(5306, 'Taquaritinga', 26),
(5307, 'Taquarituba', 26),
(5308, 'Taquarivaí', 26),
(5309, 'Tarabai', 26),
(5310, 'Tarumã', 26),
(5311, 'Tatuí', 26),
(5312, 'Taubaté', 26),
(5313, 'Tejupá', 26),
(5314, 'Teodoro Sampaio', 26),
(5315, 'Terra Roxa', 26),
(5316, 'Tietê', 26),
(5317, 'Timburi', 26),
(5318, 'Torre de Pedra', 26),
(5319, 'Torrinha', 26),
(5320, 'Trabiju', 26),
(5321, 'Tremembé', 26),
(5322, 'Três Fronteiras', 26),
(5323, 'Tuiuti', 26),
(5324, 'Tupã', 26),
(5325, 'Tupi Paulista', 26),
(5326, 'Turiúba', 26),
(5327, 'Turmalina', 26),
(5328, 'Ubarana', 26),
(5329, 'Ubatuba', 26),
(5330, 'Ubirajara', 26),
(5331, 'Uchoa', 26),
(5332, 'União Paulista', 26),
(5333, 'Urânia', 26),
(5334, 'Uru', 26),
(5335, 'Urupês', 26),
(5336, 'Valentim Gentil', 26),
(5337, 'Valinhos', 26),
(5338, 'Valparaíso', 26),
(5339, 'Vargem', 26),
(5340, 'Vargem Grande do Sul', 26),
(5341, 'Vargem Grande Paulista', 26),
(5342, 'Várzea Paulista', 26),
(5343, 'Vera Cruz', 26),
(5344, 'Vinhedo', 26),
(5345, 'Viradouro', 26),
(5346, 'Vista Alegre do Alto', 26),
(5347, 'Vitória Brasil', 26),
(5348, 'Votorantim', 26),
(5349, 'Votuporanga', 26),
(5350, 'Zacarias', 26),
(5351, 'Amparo de São Francisco', 25),
(5352, 'Aquidabã', 25),
(5353, 'Aracaju', 25),
(5354, 'Arauá', 25),
(5355, 'Areia Branca', 25),
(5356, 'Barra dos Coqueiros', 25),
(5357, 'Boquim', 25),
(5358, 'Brejo Grande', 25),
(5359, 'Campo do Brito', 25),
(5360, 'Canhoba', 25),
(5361, 'Canindé de São Francisco', 25),
(5362, 'Capela', 25),
(5363, 'Carira', 25),
(5364, 'Carmópolis', 25),
(5365, 'Cedro de São João', 25),
(5366, 'Cristinápolis', 25),
(5367, 'Cumbe', 25),
(5368, 'Divina Pastora', 25),
(5369, 'Estância', 25),
(5370, 'Feira Nova', 25),
(5371, 'Frei Paulo', 25),
(5372, 'Gararu', 25),
(5373, 'General Maynard', 25),
(5374, 'Gracho Cardoso', 25),
(5375, 'Ilha das Flores', 25),
(5376, 'Indiaroba', 25),
(5377, 'Itabaiana', 25),
(5378, 'Itabaianinha', 25),
(5379, 'Itabi', 25),
(5380, 'Itaporanga d`Ajuda', 25),
(5381, 'Japaratuba', 25),
(5382, 'Japoatã', 25),
(5383, 'Lagarto', 25),
(5384, 'Laranjeiras', 25),
(5385, 'Macambira', 25),
(5386, 'Malhada dos Bois', 25),
(5387, 'Malhador', 25),
(5388, 'Maruim', 25),
(5389, 'Moita Bonita', 25),
(5390, 'Monte Alegre de Sergipe', 25),
(5391, 'Muribeca', 25),
(5392, 'Neópolis', 25),
(5393, 'Nossa Senhora Aparecida', 25),
(5394, 'Nossa Senhora da Glória', 25),
(5395, 'Nossa Senhora das Dores', 25),
(5396, 'Nossa Senhora de Lourdes', 25),
(5397, 'Nossa Senhora do Socorro', 25),
(5398, 'Pacatuba', 25),
(5399, 'Pedra Mole', 25),
(5400, 'Pedrinhas', 25),
(5401, 'Pinhão', 25),
(5402, 'Pirambu', 25),
(5403, 'Poço Redondo', 25),
(5404, 'Poço Verde', 25),
(5405, 'Porto da Folha', 25),
(5406, 'Propriá', 25),
(5407, 'Riachão do Dantas', 25),
(5408, 'Riachuelo', 25),
(5409, 'Ribeirópolis', 25),
(5410, 'Rosário do Catete', 25),
(5411, 'Salgado', 25),
(5412, 'Santa Luzia do Itanhy', 25),
(5413, 'Santa Rosa de Lima', 25),
(5414, 'Santana do São Francisco', 25),
(5415, 'Santo Amaro das Brotas', 25),
(5416, 'São Cristóvão', 25),
(5417, 'São Domingos', 25),
(5418, 'São Francisco', 25),
(5419, 'São Miguel do Aleixo', 25),
(5420, 'Simão Dias', 25),
(5421, 'Siriri', 25),
(5422, 'Telha', 25),
(5423, 'Tobias Barreto', 25),
(5424, 'Tomar do Geru', 25),
(5425, 'Umbaúba', 25),
(5426, 'Abreulândia', 27),
(5427, 'Aguiarnópolis', 27),
(5428, 'Aliança do Tocantins', 27),
(5429, 'Almas', 27),
(5430, 'Alvorada', 27),
(5431, 'Ananás', 27),
(5432, 'Angico', 27),
(5433, 'Aparecida do Rio Negro', 27),
(5434, 'Aragominas', 27),
(5435, 'Araguacema', 27),
(5436, 'Araguaçu', 27),
(5437, 'Araguaína', 27),
(5438, 'Araguanã', 27),
(5439, 'Araguatins', 27),
(5440, 'Arapoema', 27),
(5441, 'Arraias', 27),
(5442, 'Augustinópolis', 27),
(5443, 'Aurora do Tocantins', 27),
(5444, 'Axixá do Tocantins', 27),
(5445, 'Babaçulândia', 27),
(5446, 'Bandeirantes do Tocantins', 27),
(5447, 'Barra do Ouro', 27),
(5448, 'Barrolândia', 27),
(5449, 'Bernardo Sayão', 27),
(5450, 'Bom Jesus do Tocantins', 27),
(5451, 'Brasilândia do Tocantins', 27),
(5452, 'Brejinho de Nazaré', 27),
(5453, 'Buriti do Tocantins', 27),
(5454, 'Cachoeirinha', 27),
(5455, 'Campos Lindos', 27),
(5456, 'Cariri do Tocantins', 27),
(5457, 'Carmolândia', 27),
(5458, 'Carrasco Bonito', 27),
(5459, 'Caseara', 27),
(5460, 'Centenário', 27),
(5461, 'Chapada da Natividade', 27),
(5462, 'Chapada de Areia', 27),
(5463, 'Colinas do Tocantins', 27),
(5464, 'Colméia', 27),
(5465, 'Combinado', 27),
(5466, 'Conceição do Tocantins', 27),
(5467, 'Couto de Magalhães', 27),
(5468, 'Cristalândia', 27),
(5469, 'Crixás do Tocantins', 27),
(5470, 'Darcinópolis', 27),
(5471, 'Dianópolis', 27),
(5472, 'Divinópolis do Tocantins', 27),
(5473, 'Dois Irmãos do Tocantins', 27),
(5474, 'Dueré', 27),
(5475, 'Esperantina', 27),
(5476, 'Fátima', 27),
(5477, 'Figueirópolis', 27),
(5478, 'Filadélfia', 27),
(5479, 'Formoso do Araguaia', 27),
(5480, 'Fortaleza do Tabocão', 27),
(5481, 'Goianorte', 27),
(5482, 'Goiatins', 27),
(5483, 'Guaraí', 27),
(5484, 'Gurupi', 27),
(5485, 'Ipueiras', 27),
(5486, 'Itacajá', 27),
(5487, 'Itaguatins', 27),
(5488, 'Itapiratins', 27),
(5489, 'Itaporã do Tocantins', 27),
(5490, 'Jaú do Tocantins', 27),
(5491, 'Juarina', 27),
(5492, 'Lagoa da Confusão', 27),
(5493, 'Lagoa do Tocantins', 27),
(5494, 'Lajeado', 27),
(5495, 'Lavandeira', 27),
(5496, 'Lizarda', 27),
(5497, 'Luzinópolis', 27),
(5498, 'Marianópolis do Tocantins', 27),
(5499, 'Mateiros', 27),
(5500, 'Maurilândia do Tocantins', 27),
(5501, 'Miracema do Tocantins', 27),
(5502, 'Miranorte', 27),
(5503, 'Monte do Carmo', 27),
(5504, 'Monte Santo do Tocantins', 27),
(5505, 'Muricilândia', 27),
(5506, 'Natividade', 27),
(5507, 'Nazaré', 27),
(5508, 'Nova Olinda', 27),
(5509, 'Nova Rosalândia', 27),
(5510, 'Novo Acordo', 27),
(5511, 'Novo Alegre', 27),
(5512, 'Novo Jardim', 27),
(5513, 'Oliveira de Fátima', 27),
(5514, 'Palmas', 27),
(5515, 'Palmeirante', 27),
(5516, 'Palmeiras do Tocantins', 27),
(5517, 'Palmeirópolis', 27),
(5518, 'Paraíso do Tocantins', 27),
(5519, 'Paranã', 27),
(5520, 'Pau d`Arco', 27),
(5521, 'Pedro Afonso', 27),
(5522, 'Peixe', 27),
(5523, 'Pequizeiro', 27),
(5524, 'Pindorama do Tocantins', 27),
(5525, 'Piraquê', 27),
(5526, 'Pium', 27),
(5527, 'Ponte Alta do Bom Jesus', 27),
(5528, 'Ponte Alta do Tocantins', 27),
(5529, 'Porto Alegre do Tocantins', 27),
(5530, 'Porto Nacional', 27),
(5531, 'Praia Norte', 27),
(5532, 'Presidente Kennedy', 27),
(5533, 'Pugmil', 27),
(5534, 'Recursolândia', 27),
(5535, 'Riachinho', 27),
(5536, 'Rio da Conceição', 27),
(5537, 'Rio dos Bois', 27),
(5538, 'Rio Sono', 27),
(5539, 'Sampaio', 27),
(5540, 'Sandolândia', 27),
(5541, 'Santa Fé do Araguaia', 27),
(5542, 'Santa Maria do Tocantins', 27),
(5543, 'Santa Rita do Tocantins', 27),
(5544, 'Santa Rosa do Tocantins', 27),
(5545, 'Santa Tereza do Tocantins', 27),
(5546, 'Santa Terezinha do Tocantins', 27),
(5547, 'São Bento do Tocantins', 27),
(5548, 'São Félix do Tocantins', 27),
(5549, 'São Miguel do Tocantins', 27),
(5550, 'São Salvador do Tocantins', 27),
(5551, 'São Sebastião do Tocantins', 27),
(5552, 'São Valério da Natividade', 27),
(5553, 'Silvanópolis', 27),
(5554, 'Sítio Novo do Tocantins', 27),
(5555, 'Sucupira', 27),
(5556, 'Taguatinga', 27),
(5557, 'Taipas do Tocantins', 27),
(5558, 'Talismã', 27),
(5559, 'Tocantínia', 27),
(5560, 'Tocantinópolis', 27),
(5561, 'Tupirama', 27),
(5562, 'Tupiratins', 27),
(5563, 'Wanderlândia', 27),
(5564, 'Xambioá', 27);

-- --------------------------------------------------------

--
-- Table structure for table `countries`
--

CREATE TABLE IF NOT EXISTS `countries` (
  `id` int(10) unsigned NOT NULL AUTO_INCREMENT,
  `name` varchar(60) COLLATE utf8_unicode_ci NOT NULL,
  `abbreviation` varchar(10) COLLATE utf8_unicode_ci NOT NULL,
  PRIMARY KEY (`id`)
) ENGINE=InnoDB  DEFAULT CHARSET=utf8 COLLATE=utf8_unicode_ci AUTO_INCREMENT=2 ;

--
-- Dumping data for table `countries`
--

INSERT INTO `countries` (`id`, `name`, `abbreviation`) VALUES
(1, 'Brasil', 'BR');

-- --------------------------------------------------------

--
-- Table structure for table `department`
--

CREATE TABLE IF NOT EXISTS `department` (
  `id` int(10) NOT NULL AUTO_INCREMENT,
  `name` varchar(100) CHARACTER SET utf8 COLLATE utf8_unicode_ci NOT NULL,
  `created_at` timestamp NOT NULL DEFAULT CURRENT_TIMESTAMP,
  PRIMARY KEY (`id`)
) ENGINE=InnoDB  DEFAULT CHARSET=latin1 AUTO_INCREMENT=17 ;

--
-- Dumping data for table `department`
--

INSERT INTO `department` (`id`, `name`, `created_at`) VALUES
(1, 'Administrativo Financeiro', '2015-10-16 16:59:23'),
(2, 'Marketing', '2015-10-16 16:59:23'),
(3, 'Estratégia', '2015-10-16 16:59:23'),
(4, 'Qualidade', '2015-10-16 16:59:23'),
(5, 'Negócios', '2015-10-16 16:59:23'),
(6, 'Projetos', '2015-10-16 16:59:23'),
(7, 'Pessoas', '2015-10-16 16:59:23'),
(8, 'Cultura Organizacional', '2015-10-16 16:59:23'),
(9, 'Administrativo Financeiro', '2015-10-16 16:59:36'),
(10, 'Marketing', '2015-10-16 16:59:36'),
(11, 'Estratégia', '2015-10-16 16:59:36'),
(12, 'Qualidade', '2015-10-16 16:59:36'),
(13, 'Negócios', '2015-10-16 16:59:36'),
(14, 'Projetos', '2015-10-16 16:59:36'),
(15, 'Pessoas', '2015-10-16 16:59:36'),
(16, 'Cultura Organizacional', '2015-10-16 16:59:36');

-- --------------------------------------------------------

--
-- Table structure for table `fields`
--

CREATE TABLE IF NOT EXISTS `fields` (
  `id` int(10) unsigned NOT NULL AUTO_INCREMENT,
  `name` varchar(100) COLLATE utf8_unicode_ci NOT NULL,
  PRIMARY KEY (`id`)
) ENGINE=InnoDB  DEFAULT CHARSET=utf8 COLLATE=utf8_unicode_ci AUTO_INCREMENT=19 ;

--
-- Dumping data for table `fields`
--

INSERT INTO `fields` (`id`, `name`) VALUES
(1, 'Tecnologia da Informação'),
(2, 'Economia / Finanças'),
(3, 'Elétrica'),
(4, 'Eletrônica'),
(5, 'Comunicação'),
(6, 'Farmácia'),
(7, 'Nutrição'),
(8, 'Administração'),
(9, 'Marketing'),
(10, 'Recursos Humanos'),
(11, 'Engenharia'),
(12, 'Arquitetura'),
(13, 'Saúde'),
(14, 'Empreendedorismo'),
(15, 'Ambiente'),
(16, 'Agricultura'),
(17, 'Logística'),
(18, 'Educação Física');

-- --------------------------------------------------------

--
-- Table structure for table `junior_enterprises`
--

CREATE TABLE IF NOT EXISTS `junior_enterprises` (
  `id` int(10) unsigned NOT NULL AUTO_INCREMENT,
  `name` varchar(100) COLLATE utf8_unicode_ci NOT NULL,
  `abbreviation` varchar(25) COLLATE utf8_unicode_ci NOT NULL,
  `email` varchar(100) COLLATE utf8_unicode_ci NOT NULL,
  `phone` varchar(20) COLLATE utf8_unicode_ci NOT NULL,
  `website` varchar(150) COLLATE utf8_unicode_ci NOT NULL,
  `university_id` int(10) unsigned NOT NULL,
  `city_id` int(10) unsigned NOT NULL,
  `image` varchar(1000) COLLATE utf8_unicode_ci NOT NULL,
  `created_at` timestamp NOT NULL DEFAULT '0000-00-00 00:00:00',
  `updated_at` timestamp NOT NULL DEFAULT '0000-00-00 00:00:00',
  PRIMARY KEY (`id`),
  UNIQUE KEY `junior_enterprises_email_unique` (`email`),
  KEY `junior_enterprises_university_id_foreign` (`university_id`),
  KEY `junior_enterprises_city_id_foreign` (`city_id`)
) ENGINE=InnoDB  DEFAULT CHARSET=utf8 COLLATE=utf8_unicode_ci AUTO_INCREMENT=52 ;

--
-- Dumping data for table `junior_enterprises`
--

INSERT INTO `junior_enterprises` (`id`, `name`, `abbreviation`, `email`, `phone`, `website`, `university_id`, `city_id`, `image`, `created_at`, `updated_at`) VALUES
(1, 'Agregar', 'Agregar', 'agregarjr@yahoo.com.br', '(31)3899-2218', 'http://www.agregar.ufv.br/', 2, 202, 'http://www.agregar.ufv.br/templates/rt_infuse_j15/images/style3/logo/logo.png', '0000-00-00 00:00:00', '0000-00-00 00:00:00'),
(2, 'Consultoria e Projetos Elétricos Júnior', 'CPE Jr.', 'contato@cpejr.com.br', '(31)3409-6695', 'www.cpejr.com.br', 1, 1630, 'http://cpejr.com.br/rosto/logo.png', '0000-00-00 00:00:00', '0000-00-00 00:00:00'),
(3, 'CRIA UFMG Comunicação Júnior', 'CRIA', 'cria@criaufmg.com.br', '(31)3409-6315', 'http://www.criaufmg.com.br/', 1, 1630, 'http://ijunior.com.br/site/img/parceiros/parceiro1.jpg', '0000-00-00 00:00:00', '0000-00-00 00:00:00'),
(4, 'Farmácia Jr. Consultoria UFMG', 'Farmácia Jr.', 'farmaciajr@farmacia.ufmg.br', '(31)3409-6837', 'http://www.farmaciajr.com.br/', 1, 1630, 'http://www.ufmg.br/online/arquivos/anexos/farmacia_jr-thumb.JPG', '0000-00-00 00:00:00', '0000-00-00 00:00:00'),
(5, 'Ibmex', 'Ibmex', 'atendimento@ibmex.com.br', '(31)3247-5778', 'http://ibmex.com.br/', 3, 1630, 'https://media.licdn.com/mpr/mpr/shrink_100_100/p/1/000/057/2d9/166da7d.png', '0000-00-00 00:00:00', '0000-00-00 00:00:00'),
(6, 'João Pinheiro Jr.', 'João Pinheiro Jr.', 'contato@jpjunior.com.br', '(31)3448-9526', 'http://www.jpjunior.com.br/', 4, 1630, 'http://jpjunior.com.br/wp-content/uploads/2014/07/logo.png', '0000-00-00 00:00:00', '0000-00-00 00:00:00'),
(7, 'Mult Jr. - Consultorias em Projetos', 'Mult Jr.', 'multjr@multjr.com.br', '(31)3409-3695', 'http://www.multjr.com.br/', 1, 1630, 'http://www.multjr.com.br/wp-content/uploads/2012/04/logo-e1382143695842.png', '0000-00-00 00:00:00', '0000-00-00 00:00:00'),
(8, 'PJ UFMG - Consultoria & Assessoria', 'PJ', 'marketing@producaojunior.com.br', '(31)3409-4809', 'http://www.pjufmg.com.br/', 1, 1630, 'http://pjufmg.com.br/wp-content/uploads/2015/06/logo-pjufmg.png', '0000-00-00 00:00:00', '0000-00-00 00:00:00'),
(9, 'PUC Consultoria Jr.', 'Puc Jr.', 'contato@pucconsultoriajr.com.br', '(31)3319-4251', 'http://www.pucconsultoriajr.com.br/', 5, 1630, 'http://www.pucconsultoriajr.com.br/wp-content/uploads/2014/02/Logo-PCJ-Site-150x119.png', '0000-00-00 00:00:00', '0000-00-00 00:00:00'),
(10, 'RH Consultoria Jr.', 'RH Jr.', 'contato@rhjr.com.br', '(31)3409-6316', 'http://www.rhjr.com.br/', 1, 1630, 'http://www.pucconsultoriajr.com.br/wp-content/uploads/2014/02/Logo-PCJ-Site-150x119.png', '0000-00-00 00:00:00', '0000-00-00 00:00:00'),
(11, 'UCJ - UFMG Consultoria Júnior.', 'UCJ', 'ucj@ucj.com.br', '(31)3499-3560', 'http://www.ucj.com.br/site/', 1, 1630, 'https://alertsequalificacao.files.wordpress.com/2011/01/ucj.jpg', '0000-00-00 00:00:00', '0000-00-00 00:00:00'),
(12, 'Arbórea Florestal Jr.', 'Arbórea', 'arboreaflorestal@hotmail.com', '(38)3532-6922', ' ', 6, 1805, 'https://goo.gl/9Bzrf1', '0000-00-00 00:00:00', '0000-00-00 00:00:00'),
(13, 'Up Consultoria Jr.', 'Arbórea', 'contato@upconsultoriajr.com.br', '(31)3839-0863', 'http://upconsultoriajr.com.br/', 7, 1925, 'http://www.unifeijr.com.br/wp-content/uploads/2014/12/template-prj-site15.png', '0000-00-00 00:00:00', '0000-00-00 00:00:00'),
(14, 'UNIFEI Jr.', 'UNIFEI Jr.', 'contato@unifejr.com.br', '(35)3629-1640', 'www.unifeijr.com.br', 7, 1932, 'http://www.unifeijr.com.br/site/wp-content/uploads/2013/09/template-prj-site1.png', '0000-00-00 00:00:00', '0000-00-00 00:00:00'),
(15, 'Inova Consultoria Jr.', 'Inova', 'contato@inovaconsultoriajr.com.br', '(31)3852-8853', 'http://www.inovaconsultoriajr.com.br/novo_site/', 8, 1975, 'http://www.unifeijr.com.br/site/wp-content/uploads/2013/09/template-prj-site1.png', '0000-00-00 00:00:00', '0000-00-00 00:00:00'),
(16, 'Apsi', 'Apsi', 'contato@apsiconsultoriajr.com.br', '(32)2102-3190', 'http://www.ufjf.br/apsi/', 9, 1983, 'http://www.ufjf.br/wp-content/plugins/bannersnovo/arquivos/apsi/1.jpg', '0000-00-00 00:00:00', '0000-00-00 00:00:00'),
(17, 'UFLA Jr.', 'UFLA Jr.', 'ufla_junior@yahoo.com.br', '(35)8861-9832', 'http://www.uflajr.com.br/', 10, 2000, 'http://www.ufla.br/ascom/wp-content/uploads/2012/03/ufla-junior.jpg', '0000-00-00 00:00:00', '0000-00-00 00:00:00'),
(18, 'Tristate Jr.', 'Tristate', 'tristate@ufsj.edu.br', '(31)7306-5364', 'http://www.tristatejr.com/', 11, 2102, 'http://tristatejr.com/wp-content/uploads/2014/03/bannersite.png', '0000-00-00 00:00:00', '0000-00-00 00:00:00'),
(19, 'Linked Informática Jr.', 'Linked', 'contato@linkedej.com.br', '(32)3373-3985', 'www.linkedej.com.br', 12, 2295, 'http://www.linkedej.com.br/site/images/linked.png', '0000-00-00 00:00:00', '0000-00-00 00:00:00'),
(20, 'Acesso Comunicação Jr.', 'Acesso', 'contato@acessojr.com', '(32)2102-3614', 'http://acessojr.com/', 9, 1983, 'http://acessojr.com/wp-content/themes/acesso/images/acesso.png', '0000-00-00 00:00:00', '0000-00-00 00:00:00'),
(21, 'Empresa de Consultorias Farmacêutica Jr.', 'EcoFarma', 'faleconosco@ecofarmajr.com.br', '(32)2102-3819', 'http://www.ecofarmajr.com.br/', 9, 1983, 'http://www.ecofarmajr.com.br/novosite/wp-content/themes/ecofarmajr-2_0/images/home/logo.png', '0000-00-00 00:00:00', '0000-00-00 00:00:00'),
(22, 'Machado Sobrinho Consultoria Integrada', 'MASCI Consultoria Jr.', 'masci@masciconsultoria.com.br', '(32)3217-8587', 'http://www.masciconsultoria.com.br/', 9, 1983, 'http://www.masciconsultoria.com.br/wp-content/themes/masci/_img/logo.png', '0000-00-00 00:00:00', '0000-00-00 00:00:00'),
(23, 'Porte Empresa Jr.', 'Porte Empresa Jr.', 'portejr@portejr.com.br', '(32)2102-3430', 'http://www.ufjf.br/portejr/', 9, 1983, 'http://www.ufjf.br/wp-content/plugins/imgpgprinc_novo/arquivos/portejr/1.jpg', '0000-00-00 00:00:00', '0000-00-00 00:00:00'),
(24, 'ATP Jr.', 'ATP Jr.', 'projetos.atp@gmail.com', '(31)8690-6761 / (31)', 'www.facebook.com/atpjunior', 11, 2102, 'https://premiocenje.files.wordpress.com/2012/12/logomarca-atp-jr-25x65cm-formato1.png', '0000-00-00 00:00:00', '0000-00-00 00:00:00'),
(25, 'AgroPlan UFV', 'AgroPlan', 'agroplan@ufv.br', '(31)3899-2163', 'http://www.agroplanufv.com.br', 2, 202, 'http://1.bp.blogspot.com/-Y5ijV0dwLig/T8zUe6U2tUI/AAAAAAAACyY/pnnD2T51qs4/s1600/Logo+(fundo+transparente).png', '0000-00-00 00:00:00', '0000-00-00 00:00:00'),
(26, 'Ambiental Jr.', 'Ambiental Jr.', 'faleconosco@ambientaljr.com.br', '(31)3899-2714', 'http://www.ambientaljr.com.br/', 2, 202, 'http://www.ambientaljr.com.br/images/logo.png', '0000-00-00 00:00:00', '0000-00-00 00:00:00'),
(27, 'Cace Consultoria Jr.', 'Cace', 'cace@caceconsultoria.com.br', '(31)3899-1586', 'http://www.caceconsultoria.com.br/', 2, 202, 'http://www.caceconsultoria.com.br/wp-content/themes/hybrid-news/images/logo_cace.png', '0000-00-00 00:00:00', '0000-00-00 00:00:00'),
(28, 'In Bio - Empresa Junior de Biologia', 'InBio', 'inbio.ej@gmail.com', '(31)3899-2714', 'http://www.inbio.ufv.br/', 2, 202, 'https://goo.gl/IyL8sp', '0000-00-00 00:00:00', '0000-00-00 00:00:00'),
(29, 'Sinergia Jr.', 'Sinergia', 'contato@sinergiaufv.com', '(31)3899-1745', 'http://sinergiaufv.com/', 2, 202, 'https://goo.gl/IyL8sp', '0000-00-00 00:00:00', '0000-00-00 00:00:00'),
(30, 'Soluções Consultoria Jr.', 'Soluções Consultorias Jr.', 'solucoes@ufv.br', '(31)3899-3267', 'http://solucoesufv.com.br/servicos/', 2, 202, 'http://solucoesufv.com.br/wp-content/uploads/2014/07/sitelogo1.png', '0000-00-00 00:00:00', '0000-00-00 00:00:00'),
(31, 'Projet Jr.', 'Soluções Consultorias Jr.', 'presidencia.ufop@em.ufop.br', '(31)7564-7439', 'www.projet.ufop.br', 8, 2104, 'http://www.projet.ufop.br/wp-content/uploads/2015/05/semfundo3.png', '0000-00-00 00:00:00', '0000-00-00 00:00:00'),
(32, 'Sênior Consultorias Ambiental Jr.', 'Sênior', 'contato@seniorconsultoriajr.com.br', '(31)9970-3019', 'http://www.seniorconsultoriajr.com.br/', 8, 1975, 'http://www.seniorconsultoriajr.com.br/Logo_20-_20S_C3_AAnior_20Fundo_20Transparente.png', '0000-00-00 00:00:00', '0000-00-00 00:00:00'),
(33, 'CAMPE Consultorias Jr.', 'Campe', 'atendimento@campe.com.br', '(32)2102-3529', 'http://www.campe.com.br/', 9, 1983, 'http://www.campe.com.br/wp-content/themes/sitecampe/img/logo.png', '0000-00-00 00:00:00', '0000-00-00 00:00:00'),
(34, 'Granbery Consultoria', 'Granbery', 'contato@granberyconsultoria.com.br', '(32)2101-1877', 'http://www.granberyconsultoria.com.br/', 9, 1983, 'http://www.granberyconsultoria.com.br/img/gcons.png', '0000-00-00 00:00:00', '0000-00-00 00:00:00'),
(35, 'Mais Consultoria Jr.', 'Mais', 'maisconsultoria@maisconsultoria.com.br', '(32)2102-3447', 'http://maisconsultoria.com.br/site/contato/', 9, 1983, 'http://www.granberyconsultoria.com.br/img/gcons.png', '0000-00-00 00:00:00', '0000-00-00 00:00:00'),
(36, 'Dinâmica Consultoria Jr.', 'Dinâmica', 'contato@dinamicajr.com.br', '(32)3379-2366', 'dinamicajr.com.br', 12, 2295, 'http://dinamicajr.com.br/wp-content/uploads/2015/08/Logo-Din%C3%A2mica.png', '0000-00-00 00:00:00', '0000-00-00 00:00:00'),
(37, 'Ômega Jr.', 'Ômega', 'contato@omegajunior.com.br', '(32)3371-7551', 'http://omegajunior.com.br/', 12, 2295, 'http://omegajunior.com.br/wp-content/uploads/2015/02/omega-logo.png', '0000-00-00 00:00:00', '0000-00-00 00:00:00'),
(38, 'Perfil - Consultoria Jr. em Psicologia', 'Perfil Jr.', 'perfil.ufsj@yahoo.com.br', '(32)3379-2352', 'http://www.perfiljr.com.br/contato/', 12, 2295, 'http://www.perfiljr.com.br/wp-content/themes/retro-fitted/images/logopf.png', '0000-00-00 00:00:00', '0000-00-00 00:00:00'),
(39, 'Ejel - Consultoria e Projetos Elétricos Jr.', 'Perfil Jr.', 'contato@ejel.com.br', '(32)3379-2352', 'http://www.ejel.com.br/', 12, 2295, 'http://www.ejel.com.br/images/logo.png', '0000-00-00 00:00:00', '0000-00-00 00:00:00'),
(40, 'ACPE - Assessoria Consultoria Planejamento Econômico', 'ACPE Jr.', 'acpe@ie.ufu.br', '(34)3239-4526', 'http://www.acpeconsultoria.com.br/', 13, 2389, 'http://www.ejel.com.br/images/logo.png', '0000-00-00 00:00:00', '0000-00-00 00:00:00'),
(41, 'Apoio Consultoria Jr.', 'Apoio', 'contato@apoioconsultoria.adm.br', '(34)3239-4460', 'http://www.apoioconsultoria.adm.br/', 13, 2389, 'http://www.apoioconsultoria.adm.br/img/logomarca.png', '0000-00-00 00:00:00', '0000-00-00 00:00:00'),
(42, 'Conselt - Consultoria em Engenharia Elétrica', 'Conselt', 'conselt@ufu.br', '(34)3239-4759', 'http://www.conselt.eletrica.ufu.br/', 13, 2389, 'http://www.conselt.eletrica.ufu.br/images/logoconselt.png', '0000-00-00 00:00:00', '0000-00-00 00:00:00'),
(43, 'Meta Consultoria Jr.', 'Meta', 'contato@metaej.com.br', '(34)3239-4005', 'http://www.conselt.eletrica.ufu.br/', 13, 2389, 'http://www.conselt.eletrica.ufu.br/images/logoconselt.png', '0000-00-00 00:00:00', '0000-00-00 00:00:00'),
(44, 'Alimentos Jr.', 'Alimentos', 'contato@alimentosjunior.com.br', '(31)3899-1840', 'http://www.alimentosjunior.com.br/', 2, 202, 'http://alimentosjunior.com.br/wp-content/uploads/2014/05/logo.jpg', '0000-00-00 00:00:00', '0000-00-00 00:00:00'),
(45, 'Educação Física Consultoria, Assessoria e Prestação de Serviços', 'Eficap', 'eficap.presidente@gmail.com', '(31)3899-3284', 'http://www.eficap.com.br/', 2, 202, 'http://files.eficap.com.br/200003112-edfe7eef7f/logos.png', '0000-00-00 00:00:00', '0000-00-00 00:00:00'),
(46, 'SEC Jr. Consultoria', 'SEC Jr.', 'contato@secjr.com', '(31)3899-1584', 'http://www.secjr.ufv.br/', 2, 202, 'http://www.secjr.ufv.br/CSS/Imagens/logo.png', '0000-00-00 00:00:00', '0000-00-00 00:00:00'),
(47, 'UFV Jr. Florestal', 'Florestal', 'ufvjrflorestal@gmail.com', '(31)3899-1192', 'www.florestaljr.ufv.br', 2, 202, 'http://www.404notfound.fr/assets/images/pages/img/androiddev101.jpg', '0000-00-00 00:00:00', '0000-00-00 00:00:00'),
(50, 'No Bugs', 'No Bugs', 'contato@nobugs.com.br', '(31)3899-1792', 'http://nobugs.com.br/site/', 2, 2409, 'http://goo.gl/aMqy3f', '0000-00-00 00:00:00', '0000-00-00 00:00:00'),
(51, 'UFMG Informática Jr.', 'Ijúnior', 'contato@ijunior.com.br', '(31)3409-5593', 'http://ijunior.com.br/site/', 1, 1630, 'http://ijunior.com.br/site/img/faixa/logo.png', '0000-00-00 00:00:00', '0000-00-00 00:00:00');

-- --------------------------------------------------------

--
-- Table structure for table `migrations`
--

CREATE TABLE IF NOT EXISTS `migrations` (
  `migration` varchar(255) COLLATE utf8_unicode_ci NOT NULL,
  `batch` int(11) NOT NULL
) ENGINE=InnoDB DEFAULT CHARSET=utf8 COLLATE=utf8_unicode_ci;

--
-- Dumping data for table `migrations`
--

INSERT INTO `migrations` (`migration`, `batch`) VALUES
('2014_10_12_000000_create_users_table', 1),
('2014_10_12_100000_create_password_resets_table', 1),
('2015_05_20_073649_create_university_table', 1),
('2015_05_21_025717_create_localization_tables', 1),
('2015_05_21_030201_create_fields_tables', 1),
('2015_05_21_030417_create_junior_enterprises_tables', 1),
('2015_05_21_032616_create_services_tables', 1),
('2015_05_21_032729_create_service_je_tables', 1),
('2015_06_23_030759_create_cities_table', 1);

-- --------------------------------------------------------

--
-- Table structure for table `services`
--

CREATE TABLE IF NOT EXISTS `services` (
  `id` int(10) unsigned NOT NULL AUTO_INCREMENT,
  `name` varchar(100) COLLATE utf8_unicode_ci NOT NULL,
  `field_id` int(10) unsigned NOT NULL,
  PRIMARY KEY (`id`),
  KEY `services_field_id_foreign` (`field_id`)
) ENGINE=InnoDB  DEFAULT CHARSET=utf8 COLLATE=utf8_unicode_ci AUTO_INCREMENT=125 ;

--
-- Dumping data for table `services`
--

INSERT INTO `services` (`id`, `name`, `field_id`) VALUES
(1, 'Desenvolvimento de Website', 1),
(2, 'Desenvolvimento de Sistemas Web', 1),
(3, 'Instalações Elétricas', 3),
(4, 'Desenvolvimento de Dispositivos Personalizados', 4),
(5, 'Consultoria em Eficiência Energética', 3),
(6, 'Desenvolvimento de Aplicativos Mobile', 1),
(7, 'Criação Publicitária', 5),
(8, 'Jornalismo e Redação Publicitária', 5),
(9, 'Planejamento em Comunicação', 5),
(10, 'Consultoria para Montagem de Drogarias', 6),
(11, 'Análise de Formulações Farmacêuticas, Cosméticos e Fitoterápicos', 6),
(12, 'Análise de Perigos e Pontos Críticos de Controle (APPCC) de Alimentos', 8),
(13, 'Rotulagem Nutricional de Alimentos', 8),
(14, 'Consultoria para Atualização de Equipamentos Laboratoriais', 6),
(15, 'Consultoria em Ferramentas de Gestão de Sistemas de Qualidade', 6),
(16, 'Plano de Negócios', 8),
(17, 'Planejamento Estratégico', 8),
(18, 'Plano de Marketing', 9),
(19, 'Plano de Endomarketing', 9),
(20, 'Mapeamento de Processos', 8),
(21, 'Reestruturação Organizacional', 8),
(22, 'Consultoria Financeira', 2),
(23, 'Consultoria em Administração Pública', 8),
(24, 'Otimização de Processos', 8),
(25, 'Reforma Administrativa', 8),
(26, 'Plano de Cargos e Salários', 10),
(27, 'Pesquisa de Clima Organizacional', 10),
(28, 'Desenvolvimento, avaliação e otimização de processos industriais', 11),
(29, 'Análise de Processos de Transferência de Calor e Massa em Linha de Produção', 11),
(30, 'Estudo de Rejeitos Industriais', 11),
(31, 'Engenharia de Alimentos', 11),
(32, 'Adequação das Atividades à Legislação Ambiental Pertinente', 11),
(33, 'Neutralização de Carbono', 11),
(34, 'Síntese e Aplicação de Materiais', 11),
(35, 'Desenvolvimento de Equipamento Automatizado', 11),
(36, 'Sistemas Mecânicos', 11),
(37, 'Análise de Viabilidade', 11),
(38, 'Planejamento do Desenvolvimento de Produto', 11),
(39, 'Análise Estrutural', 11),
(41, 'Análise de capacidade produtiva', 11),
(42, 'Implantação do Programa 5S', 8),
(43, 'Planejamento de Layout', 12),
(44, 'Sistema de Gestão da Qualidade', 8),
(45, 'Desenho Técnico', 11),
(46, 'Análise Ergonômica do Trabalho', 13),
(47, 'Pesquisa de Mercado', 9),
(48, 'Plano de Branding', 9),
(49, 'Curso de Gestão e Liderança de Pessoas', 14),
(50, 'Planilha de Precificação de Produtos', 8),
(51, 'Planejamento Financeiro', 2),
(52, 'Processo Seletivo', 10),
(53, 'Diagnóstico Organizacional', 10),
(54, 'Consultorias em Estratégia Empresarial', 14),
(55, 'Consultorias em Marketing Empresarial', 9),
(56, 'Estudo de Viabilidade Econômica', 2),
(57, 'Reestruturação Organizacional', 10),
(58, 'Arborização Urbana', 15),
(59, 'Autorização para Intervenção Ambiental - AIA', 15),
(60, 'Delimitação de Áreas de Preservação Permanente', 15),
(61, 'Serviços de Geoprocessamento', 15),
(62, 'Análise para Adubação e Correção do Solo', 15),
(63, 'Educação Ambiental', 15),
(64, 'Consultoria para Realização de Eventos', 9),
(65, 'Implatação do Sistema de Gestão de Qualidade (SGQ)', 8),
(66, 'Desenvolvimento de Software', 1),
(67, 'Automatização Residencial', 11),
(68, 'Projetos Elétricos', 11),
(69, 'Artes Gráficas', 9),
(70, 'Produção de Textos', 5),
(71, 'Layout para Web', 5),
(72, 'Análise de Saneantes', 6),
(73, 'Projeto Arquitetônico', 12),
(74, 'Design de Interiores', 12),
(75, 'Gerenciamento de Resíduos Sólidos', 11),
(76, 'Licenciamento Ambiental', 11),
(77, 'Processamento de Biomassa', 11),
(78, 'Controle de Poluição', 15),
(79, 'Produção biotecnológica de fármacos e vacinas', 6),
(80, 'Produção de cosméticos', 6),
(81, 'Implantação/manutenção de plantações, florestas e pastagens', 16),
(82, 'Assistência técnica em bovinocultura', 16),
(83, 'Treinamento para operação e manutenção de ETE’s', 11),
(84, 'Sistema de Gestão Ambiental', 15),
(85, 'Pesquisa de Opinião e Satisfação', 15),
(86, 'Controle de Estoque', 15),
(87, 'Levantamento de Fauna e Flora', 15),
(88, 'Coleta e Destinação do Óleo', 15),
(89, 'Desenvolvimento, Otimização e Simulação de Processos', 11),
(90, 'Regulamentação, segurança e boas práticas laboratoriais', 13),
(91, 'Análises químicas e microbiológicas', 6),
(92, 'Engenharia Econômica', 11),
(93, 'Automatização de sistemas através de circuitos hidráulicos e pneumáticos', 11),
(94, 'Planejamento Logístico', 17),
(95, 'Análise de estabilidade e contenção de taludes e encostas', 15),
(96, 'Recuperação de Áreas Degradadas', 15),
(97, 'Aquisição de outorgas para uso de recursos hídricos', 15),
(98, 'Reuso e recirculação das águas', 15),
(99, 'Plano de Coleta Seletiva', 15),
(100, 'Análise de Custo e Preço de Venda', 2),
(101, 'Organização de Eventos', 8),
(102, 'Levantamento Patrimonial', 8),
(103, 'Viabilidade de Negócios', 2),
(104, 'Planejamento e Controle da Produção', 11),
(105, 'Assessoria Contábil', 2),
(106, 'Sistemas Mecânicos', 11),
(107, 'Sistemas Mecatrônicos', 11),
(108, 'Projetos Aeronáuticos', 11),
(109, 'Desenvolvimento e Aperfeiçoamento das Formulações de Produtos', 7),
(110, 'Indicação e Utilização de Métodos de Conservação de Alimentos Industrializados', 7),
(111, 'Testes de Vida de Prateleira', 7),
(112, 'Indicação e Estudo de Embalagens', 7),
(113, 'Implantação do Programa de Boas Práticas de Fabricação (BPF)', 7),
(114, 'Consultoria e assessoria em Eventos Esportivos', 18),
(115, 'Consultoria em Ginástica Laboral', 18),
(116, 'Serviços de arbitragem', 18),
(117, 'Projeto relacionado a academia', 18),
(118, 'Tradução, revisão e formatação de textos', 5),
(119, 'Capacitação em Gestão do Tempo', 14),
(120, 'Capacitação em Português para Negócios', 14),
(121, 'Capacitação em Apresentações', 14),
(122, 'Consultoria Florestal', 16),
(123, 'Produção Florestal', 16),
(124, 'Consultoria em Estratégica Empresarial', 14);

-- --------------------------------------------------------

--
-- Table structure for table `service_je`
--

CREATE TABLE IF NOT EXISTS `service_je` (
  `service_id` int(10) unsigned NOT NULL,
  `je_id` int(10) unsigned NOT NULL,
  KEY `service_je_service_id_foreign` (`service_id`),
  KEY `service_je_je_id_foreign` (`je_id`)
) ENGINE=InnoDB DEFAULT CHARSET=utf8 COLLATE=utf8_unicode_ci;

--
-- Dumping data for table `service_je`
--

INSERT INTO `service_je` (`service_id`, `je_id`) VALUES
(1, 51),
(2, 51),
(6, 51),
(3, 2),
(4, 2),
(5, 2),
(7, 3),
(8, 3),
(9, 3),
(10, 4),
(11, 4),
(12, 4),
(13, 4),
(14, 4),
(15, 4),
(16, 5),
(17, 5),
(18, 5),
(19, 5),
(20, 5),
(21, 5),
(22, 5),
(23, 6),
(24, 6),
(17, 6),
(25, 6),
(26, 6),
(27, 6),
(28, 7),
(29, 7),
(30, 7),
(31, 7),
(32, 7),
(33, 7),
(34, 7),
(20, 8),
(35, 8),
(36, 8),
(37, 8),
(38, 8),
(39, 8),
(41, 8),
(42, 8),
(43, 8),
(44, 8),
(45, 8),
(16, 9),
(26, 9),
(47, 9),
(48, 9),
(49, 9),
(50, 9),
(51, 9),
(10, 10),
(26, 10),
(52, 10),
(53, 10),
(23, 11),
(42, 11),
(20, 11),
(24, 11),
(17, 11),
(50, 11),
(57, 11),
(44, 11),
(56, 11),
(57, 11),
(51, 11),
(124, 11),
(41, 11),
(37, 11),
(39, 11),
(19, 11),
(18, 11),
(53, 11),
(27, 11),
(26, 11),
(52, 11),
(57, 11),
(58, 12),
(59, 12),
(60, 12),
(61, 12),
(62, 12),
(25, 13),
(63, 13),
(45, 13),
(42, 13),
(22, 13),
(1, 14),
(64, 14),
(42, 14),
(20, 14),
(22, 14),
(47, 14),
(65, 14),
(42, 15),
(22, 15),
(47, 15),
(19, 15),
(17, 15),
(52, 15),
(27, 15),
(52, 16),
(26, 16),
(27, 16),
(17, 17),
(16, 17),
(27, 17),
(52, 17),
(26, 17),
(18, 17),
(47, 17),
(66, 18),
(67, 18),
(1, 18),
(68, 18),
(1, 19),
(2, 19),
(66, 19),
(69, 20),
(70, 20),
(71, 20),
(72, 21),
(13, 21),
(42, 21),
(22, 22),
(47, 22),
(16, 22),
(73, 23),
(74, 23),
(75, 23),
(76, 23),
(63, 23),
(77, 24),
(78, 24),
(79, 24),
(80, 24),
(81, 25),
(62, 25),
(82, 25),
(42, 25),
(83, 26),
(75, 26),
(63, 26),
(76, 26),
(84, 26),
(33, 26),
(47, 27),
(18, 27),
(85, 27),
(56, 27),
(51, 27),
(43, 27),
(16, 27),
(17, 27),
(26, 27),
(27, 27),
(86, 27),
(87, 28),
(88, 28),
(63, 28),
(89, 29),
(75, 29),
(90, 29),
(91, 29),
(42, 30),
(92, 30),
(17, 30),
(93, 30),
(17, 31),
(16, 31),
(47, 31),
(94, 31),
(18, 31),
(42, 31),
(20, 31),
(85, 31),
(43, 31),
(56, 31),
(85, 32),
(95, 32),
(96, 32),
(76, 32),
(97, 32),
(98, 32),
(63, 32),
(85, 33),
(18, 33),
(26, 33),
(27, 33),
(100, 33),
(22, 33),
(17, 33),
(21, 33),
(20, 33),
(16, 34),
(101, 34),
(102, 34),
(103, 34),
(47, 34),
(18, 34),
(85, 34),
(52, 34),
(27, 34),
(1, 34),
(2, 34),
(17, 35),
(43, 35),
(104, 35),
(100, 35),
(42, 35),
(20, 35),
(17, 36),
(105, 36),
(56, 36),
(51, 36),
(26, 36),
(27, 36),
(71, 36),
(47, 36),
(18, 36),
(101, 36),
(65, 36),
(12, 37),
(100, 37),
(42, 37),
(46, 37),
(17, 37),
(10, 38),
(26, 38),
(52, 38),
(53, 38),
(68, 39),
(16, 40),
(47, 40),
(18, 40),
(51, 40),
(22, 40),
(51, 40),
(27, 40),
(16, 41),
(18, 41),
(47, 41),
(53, 41),
(17, 41),
(68, 42),
(3, 42),
(66, 42),
(66, 43),
(106, 43),
(107, 43),
(108, 43),
(47, 43),
(13, 44),
(109, 44),
(24, 44),
(110, 44),
(111, 44),
(47, 44),
(112, 44),
(13, 44),
(91, 44),
(43, 44),
(113, 44),
(114, 45),
(115, 45),
(116, 45),
(117, 45),
(64, 46),
(118, 46),
(119, 46),
(120, 46),
(121, 46),
(122, 47),
(123, 47),
(76, 47);

-- --------------------------------------------------------

--
-- Table structure for table `states`
--

CREATE TABLE IF NOT EXISTS `states` (
  `id` int(10) unsigned NOT NULL AUTO_INCREMENT,
  `name` varchar(75) COLLATE utf8_unicode_ci NOT NULL,
  `uf` varchar(5) COLLATE utf8_unicode_ci NOT NULL,
  `country_id` int(10) unsigned NOT NULL,
  PRIMARY KEY (`id`),
  KEY `states_country_id_foreign` (`country_id`)
) ENGINE=InnoDB  DEFAULT CHARSET=utf8 COLLATE=utf8_unicode_ci AUTO_INCREMENT=28 ;

--
-- Dumping data for table `states`
--

INSERT INTO `states` (`id`, `name`, `uf`, `country_id`) VALUES
(1, 'Acre', 'AC', 1),
(2, 'Alagoas', 'AL', 1),
(3, 'Amazonas', 'AM', 1),
(4, 'Amapá', 'AP', 1),
(5, 'Bahia', 'BA', 1),
(6, 'Ceará', 'CE', 1),
(7, 'Distrito Federal', 'DF', 1),
(8, 'Espírito Santo', 'ES', 1),
(9, 'Goiás', 'GO', 1),
(10, 'Maranhão', 'MA', 1),
(11, 'Minas Gerais', 'MG', 1),
(12, 'Mato Grosso do Sul', 'MS', 1),
(13, 'Mato Grosso', 'MT', 1),
(14, 'Pará', 'PA', 1),
(15, 'Paraíba', 'PB', 1),
(16, 'Pernambuco', 'PE', 1),
(17, 'Piauí', 'PI', 1),
(18, 'Paraná', 'PR', 1),
(19, 'Rio de Janeiro', 'RJ', 1),
(20, 'Rio Grande do Norte', 'RN', 1),
(21, 'Rondônia', 'RO', 1),
(22, 'Roraima', 'RR', 1),
(23, 'Rio Grande do Sul', 'RS', 1),
(24, 'Santa Catarina', 'SC', 1),
(25, 'Sergipe', 'SE', 1),
(26, 'São Paulo', 'SP', 1),
(27, 'Tocantins', 'TO', 1);

-- --------------------------------------------------------

--
-- Table structure for table `universities`
--

CREATE TABLE IF NOT EXISTS `universities` (
  `id` int(10) unsigned NOT NULL AUTO_INCREMENT,
  `name` varchar(100) COLLATE utf8_unicode_ci NOT NULL,
  PRIMARY KEY (`id`)
) ENGINE=InnoDB  DEFAULT CHARSET=utf8 COLLATE=utf8_unicode_ci AUTO_INCREMENT=14 ;

--
-- Dumping data for table `universities`
--

INSERT INTO `universities` (`id`, `name`) VALUES
(1, 'Universidade Federal de Minas Gerais'),
(2, 'Universidade Federal de Viçosa'),
(3, 'Ibmex'),
(4, 'Fundação João Pinheiro'),
(5, 'PUC Minas'),
(6, 'Universidade Federal dos Vales do Jequitinhonha e Mucuri'),
(7, 'Universidade Federal de Itajubá'),
(8, 'Universidade Federal de Ouro Preto'),
(9, 'Universidade Federal de Juiz de Fora'),
(10, 'Universidade Federal de Lavras'),
(11, 'Universidade Federal de Ouro Branco'),
(12, 'Universidade Federal de São João Del Rey'),
(13, 'Universidade Federal de Uberlândia');

-- --------------------------------------------------------

--
-- Table structure for table `users`
--

CREATE TABLE IF NOT EXISTS `users` (
  `id` int(10) unsigned NOT NULL AUTO_INCREMENT,
  `name` varchar(100) COLLATE utf8_unicode_ci NOT NULL,
  `email` varchar(100) COLLATE utf8_unicode_ci NOT NULL,
  `password` varchar(60) COLLATE utf8_unicode_ci NOT NULL,
  `phone` varchar(20) COLLATE utf8_unicode_ci NOT NULL,
  `administrator` tinyint(1) NOT NULL DEFAULT '0',
  `status` tinyint(1) NOT NULL DEFAULT '0',
  `remember_token` varchar(100) COLLATE utf8_unicode_ci DEFAULT NULL,
  `created_at` timestamp NOT NULL DEFAULT '0000-00-00 00:00:00',
  `updated_at` timestamp NOT NULL DEFAULT '0000-00-00 00:00:00',
  PRIMARY KEY (`id`),
  UNIQUE KEY `users_email_unique` (`email`)
) ENGINE=InnoDB  DEFAULT CHARSET=utf8 COLLATE=utf8_unicode_ci AUTO_INCREMENT=2 ;

--
-- Dumping data for table `users`
--

INSERT INTO `users` (`id`, `name`, `email`, `password`, `phone`, `administrator`, `status`, `remember_token`, `created_at`, `updated_at`) VALUES
(1, 'Marcelo Pereira Rodrigues', 'marcelo.rodrigues@ijunior.com.br', '', '(31)98650197', 1, 1, NULL, '0000-00-00 00:00:00', '0000-00-00 00:00:00');

-- --------------------------------------------------------

--
-- Table structure for table `usuarios`
--

CREATE TABLE IF NOT EXISTS `usuarios` (
  `codUsuario` int(11) NOT NULL AUTO_INCREMENT,
  `nomeCompleto` varchar(45) DEFAULT NULL,
  `email` varchar(45) NOT NULL,
  `senha` varchar(45) DEFAULT NULL,
  `ej` varchar(45) DEFAULT NULL,
  `federacao` varchar(45) DEFAULT NULL,
  `dataNascimento` varchar(45) DEFAULT NULL,
  `cargoMej` varchar(45) DEFAULT NULL,
  `evento` varchar(45) DEFAULT NULL,
  `areaInteresse` varchar(500) DEFAULT NULL,
  `tempoMej` int(11) DEFAULT NULL,
  PRIMARY KEY (`codUsuario`)
) ENGINE=InnoDB  DEFAULT CHARSET=latin1 AUTO_INCREMENT=1145 ;

--
-- Dumping data for table `usuarios`
--

INSERT INTO `usuarios` (`codUsuario`, `nomeCompleto`, `email`, `senha`, `ej`, `federacao`, `dataNascimento`, `cargoMej`, `evento`, `areaInteresse`, `tempoMej`) VALUES
(1, 'João Paulo Peixoto de Amorim', 'joao.amorim@nobugs.com.br', 'cd4fe66f369b87e9d7afeb0b852e9053', 'No Bugs', 'FEJEMG', '13/05/1992', 'Conselheiro Consultivo', 'InternEJ', 'Tecnologia, inovação e empreendedorismo.', 3),
(2, 'Anna Luísa Noto Rabelo', 'anna.luisa.rabelo@gmail.com', '254485f5096f3ff1a178c3a1590aada5', 'CAMPE Consultoria Jr.', 'FEJEMG', '15/04/1991', 'Pós-júnior', 'Prêmio FEJEMG 2013', 'Comunicação, Estratégia, Liderança, Federações', 32),
(3, 'Daniel Ferreira Aguiar', 'danielferreiraaguiarz@gmail.com', 'e85437b108273b6695d1fdf03ed81d48', 'Acesso Comunicação Jr.', 'FEJEMG', '14/06/1992', 'Gerente de Relações Públicas - FEJEMG', 'EMEJ 2013', 'Qualidade', 3),
(4, 'Gustavo Lemos', 'gustavo.conselt@gmail.com', '47d4019c8f37a657891d487e972590ae', 'Conselt', 'FEJEMG', '21/08/1992', 'Assessor de Mídias Sociais FEJEMG', 'EMEJ 2012', 'Marketing e Comunicação.', 28),
(5, 'Renan Tiburcio Borges', 'renan@campe.com.br', '0f77df89e2960b389a3897b980ba29b6', 'CAMPE Consultoria Jr.', 'FEJEMG', '11/02/1992', 'Embaixador da Brasil Júnior', 'Summer JADE Meeting ''13', 'Estratégia, empreendedorismo e relações públicas.', 3),
(6, 'Carolina Garcia', 'carolinafgarciap@gmail.com', '6c7edb8d3abd39d9057f7e457cb680c2', 'Doisnovemeia Publicidade', 'Concentro', '01/05/1994', 'Pós Júnior', 'Concentra DF', 'Comunicação e Gestão de Pessoas', 1),
(7, 'IGOR DIAS CANGUSSU', 'igordias@cpejr.com.br', 'b38cc7f928fb4942ae321fe47b1fa1e0', 'CPEJr.', 'Nenhuma', '03/07/1992', 'Acessor de Marketing', 'VIII Internej', '.', 6),
(8, 'Ícaro Bolotari', 'icaro.bolotari@campe.com.br', '4c16e46a248e327592ef42ad880b555e', 'CAMPE Consultoria Jr.', 'FEJEMG', '20/11/1992', 'Presidente', 'EFEJ', 'Finanças, estratégia e marketing', 2),
(9, 'Lucas Coelho Sardenberg Lima', 'lucassardenberg@hotmail.com', 'a32e87087786bcd75e1a616de231e914', 'CPEJr.', 'FEJEMG', '29/07/1994', 'Gerente Comercial', 'ENEJ', 'Marketing, Comercial, Parcerias.', 1),
(10, 'Fabricio Andrade', 'fabricioandrade@acessojr.com', '54883d7fe197d8e3f1546d2b7bcb773b', 'Acesso Comunicação Júnior', 'FEJEMG', '09/11/1991', 'Vice-Presidente', 'EFEJ 2013', 'Comunicação, gestão e gerenciamento de projetos', 18),
(11, 'Giulia Berbel', 'giuliarberbel@gmail.com', 'f3440578e52fca2c53106065852682d0', 'UCJ', 'FEJEMG', '16/11/1991', 'Sempre UCJ', 'InternEJ', 'Fomento & Orientação - Expansão', 30),
(12, 'Gleyce Maria de Carvalho', 'gleycecarvalho08@gmail.com', '9d926af56a0724d27f7a9aaf825baa0e', 'Arbórea Florestal', 'FEJEMG', '08/08/1993', 'Gerente ADM-FIN', 'RP BH', 'Administração\nDesenvolvimento', 6),
(13, 'Luís Eduardo Guimarães', 'luisguimaraes@multjr.com.br', '38043bad3b09f2ac3225ce51ee5cb7dd', 'Mult Jr', 'FEJEMG', '09/09/1993', 'Assessor de Desenvolviemento da FEJEMG', 'Dia D - FEJEMG', 'Engenharia, Engenharia Química, Modelo de Excelência em Gestão', 1),
(14, 'Augusto Henrique Pighini Silva', 'pighinisilva@yahoo.com.br', '08c5b0a425183e9b88c53ff12e1054e0', 'CPEJr', 'FEJEMG', '08/11/1992', 'Gerente de TI', 'Internej', 'Me interesso pela área de TI como um todo, desenvolvimento web, administração de sites, manutenção de softwares e hardwares bem como no desenvolvimento de produtos utilizando sistemas embarcados e micro-processadores.', 1),
(15, 'Camila Pimentel', 'camiilapimentel@hotmail.com', 'florestaufvjm ', 'Arbórea Florestal', 'FEJEMG', '14/01/1992', 'Diretora Presidente, Assessora de Conteúdo e ', 'Dia D', 'Negócios', 13),
(16, 'Juan Enrique Mares Ribeiro', 'juanenriquemares@gmail.com', 'baa307716796ee77d0969157acdb22e3', 'Sinergia - Soluções em Tecnologia Química', 'FEJEMG', '09/10/1992', 'Gerente de Relaçoes Públicas da Sinergia e Vi', 'InternEJ', 'Desenvolvimento Humano', 18),
(17, 'Daniele Pastoreli Blattner', 'danieleblattner@gmail.com', '3b001b3e744b51fa99cf2483e2fe1aef', 'ECONOMICA', 'FEJESP', '31/03/1994', 'Diretora de Marketing ECONOMICA', 'InterAção Núcleo Unicamp', 'Marketing\nComunicação\nMercado\nNegócios', 20),
(18, 'Ana Paula de Castro', 'paulacastro.contabilidade@gmail.com', '53d26ee8c0d182ea21e142ca477427f4', 'Dinâmica', 'FEJEMG', '27/10/1994', 'Vice-Presidente', 'ENEJ', 'Gestão, Estratégia.', 21),
(19, 'Cibele Lima', 'cibelels@hotmail.com', '2b1f644a75fa8d7317d9f77badd4c370', 'PUC Consultoria Jr.', 'FEJEMG', '20/12/1994', 'Vice-Presidente na minha EJ e Assessora de Im', 'Dia D', 'Vice-Presidência e Comunicação', 7),
(20, 'Túlio Nascimento Valério', 'tuliovalerio@hotmail.com', '072a6d5c3bb7cd93ee6c7a224b5d9a28', 'Ejel', 'FEJEMG', '16/03/1993', 'Diretor de Projetos (Ejel) - Diretor de Comun', 'Prêmio FEJEMG', 'Projetos e Comunicação', 1),
(21, 'Guilherme Tsuzuki de Souza', 'guitsuzuki@yahoo.com.br', '0c74ac34d6652b2da30488d4f38496d8', 'Projet', 'FEJEMG', '27/03/1990', 'Coordenador de Conteúdo e Programação do EMEJ', 'Prêmio FEJEMG', 'Comunicação, Parcerias, Comercial', 39),
(22, 'Felipe Gilmar Cardoso', 'felipegilmar@gmail.com', '53339c372a13fa8c94e688f068262e9c', 'Máxima Consultoria Jr', 'Nenhuma', '20/12/1991', 'Diretor de Projetos', 'ENEGEP', 'Planejamento de Projetos\nLean Six Sigma\nCiclo PDCA\nControle Estatísstico de Processo', 0),
(23, 'Guilherme Vasconcelos e Gonçalves', 'nieow@hotmail.com', 'a959ad23297eedf988ab64b94c3b855e', 'Dinâmica Consultoria Jr.', 'FEJEMG', '08/01/1990', 'Consultor', 'IX Prêmio FEJEMG', 'Administrativa, financeira, projetos', 5),
(24, 'Nayara Gonçalves Lauriano', 'nayara.lauriano@campe.com.br', 'bcd0a78775110baf05a14d36523dcc99', 'CAMPE Consultoria Jr.', 'FEJEMG', '26/04/1993', 'Diretora de Marketing', 'EFEJ 2013', 'Marketing e Gestão', 1),
(25, 'José Eduardo Albano', 'joseeduardoalbano@gmail.com', '58ed12eb7b3590c1ca7870759354f888', 'Unifei Projetos e Consultoria Júnior (UP)', 'FEJEMG', '15/04/1991', 'Diretor deProjetos', 'EREJ', 'Projetos; Gestão de Pessoas; Marketing', 4),
(26, 'Thalita de Carvalho', 'thalitadecarvalho@hotmail.com', '9ef6d9f51b9632d6f0df5be960cb4cac', 'Dinâmica Consultoria Júnior', 'FEJEMG', '04/02/1994', 'Diretora de Marketing', 'IX Prêmio FEJEMG', 'Gestão, estratégia e liderança.', 2),
(27, 'Taíza de Fátima Sousa', 'taizasousa@yahoo.com.br', 'a3ea8a374fd88e0ba2af08dac2edd924', 'Dinâmica Consultoria Júnior', 'FEJEMG', '05/05/1992', 'Consultora de Gestão de Pessoas', 'IX Prêmio FEJEMG', '.', 4),
(28, 'Leonardo Gonçalves Rigueto', 'leonardorigueto@gmail.com', '3c1b3d790e3320bd76eb04b83737e3b4', 'Propeq', 'FEJESP', '17/01/1993', 'Conselheiro Consultivo', 'Núcleo Destaque - Unicamp', 'Estratégia, Gestão de Equipes, Gestão de Pessoas, Governança coorporativa', 32),
(29, 'Ian Weiss de Souza', 'ian.weiss@me.com', '3323557478a87739149f1da716d37733', 'Campe Consultoria Jr.', 'FEJEMG', '30/07/1994', 'Diretor de Marketing', 'Prêmio FEJEMG 2014', 'Marketing, gestão, negócios.', 2),
(30, 'Lucas  Fonseca', 'lucas.fonseca@nobugs.com.br', 'd91caa2f9e611f62d8430c6a8db25c09', 'No Bugs', 'FEJEMG', '08/05/1991', 'Diretor de Qualidade', 'VIII Internej', 'Qualidade(Processos, PEG(MEG),Metodologias de Testes,Ferramentas Administrativas (GUT, Ishikawa, Fluxogramas, POP,5w2h),5s,MPS.BR), Desenvolvimento, Gestão do Conhecimento.', 1),
(31, 'Luan Noé Paes', 'luan.noe@gmail.com', 'bdfe85f7b563822c25fd7d4a752d0a36', 'No Bugs', 'FEJEMG', '06/06/1992', 'Conselheiro Consultivo', 'VIII InternEJ', 'Comunicação', 1),
(32, 'Lucas Pereira Marques', 'lucas.marques@nobugs.com.br', 'b00af5569ced768a643ced1e653af219', 'No Bugs', 'FEJEMG', '20/11/1993', 'Assessor de Presidência', 'VII InternEJ', 'Presidência, Parcerias, MEJ, RSE, Qualidade, Projetos, Comercial', 10),
(33, 'Guilherme Penna Carvalho', 'guipennacarvalho@gmail.com', 'bff23476a33b6bfe3b0353826940edd3', 'UCJ', 'FEJEMG', '14/05/1991', 'Diretor Adm/FIn FEJEMG', 'Prêmio FEJEMG', '.', 2),
(34, 'Guilherme Henrique Belo Lima', 'guilherme.lima@ucj.com.br', '49debd1a877670cf736b2cc5b7eeb61f', 'UCJ', 'FEJEMG', '14/09/1994', 'Consultor Líder', 'Paraná Júnior', 'Projetos, Estratégia, Qualidade e Finanças.', 9),
(35, 'Jean Carrara Tavares de Souza', 'jean.ctsouza@gmail.com', '5d41a964ec1eb28e8e6dddf3bbc340d3', 'Alimentos Júnior', 'FEJEMG', '04/06/1993', 'Assessor de Suporte', 'VIII InternEj', 'Gestão de Pessoas e Estratégia.', 1),
(36, 'Shirley Canabrava', 'shirleycanabrava@gmail.com', '1ab8e3d1faba63296ca1ec87ada9b18c', 'Apsi Consultoria Jr.', 'FEJEMG', '29/07/1991', 'Assessora de Fomento e Orientação', 'Prêmio FEJEMG', 'Gestão de Pessoas e Administrativo-financeiro', 2),
(37, 'Raquel Nunes Silva', 'raquelnutnunes@gmail.com', '8036a51bc7665a2533d16fee7ab4efe6', 'EmpNut', 'FEJEMG', '04/03/1991', 'Presidente da EmpNut e Assessora de Regulamen', 'ENEJ', 'Presidência, Regulamentação, Liderança, MEJ, Responsabilidade Social.', 27),
(38, 'Isabella Alves Peçanha', 'isabellaapecanha@gmail.com', '6561b8a78e07e6d3c9ecd7641fde05f6', 'SEC Jr. Consultoria', 'FEJEMG', '13/12/1991', 'Diretora de Projetos', 'VIII InternEJ', 'Projetos, Comercial, Branding, Clientes, MEG.', 1),
(39, 'Gabriel Orneles de Moraes', 'gabrielorneles@gmail.com', 'ca9c5b6fce5eea203b5966ce9c89a2a6', 'Dinâmica Consultoria Júnior', 'FEJEMG', '31/01/1993', 'Consultor de Marketing', 'IX Prêmio FEJEMG', 'Áreas que envolvam Marketing.', 2),
(40, 'Camila Cabral Pinheiro', 'camila.pinheiro@nobugs.com.br', 'd797695c1d855cf95dde06a4a145f30b', 'No Bugs', 'FEJEMG', '25/01/1989', 'Diretora de Comunicação', 'InternEJ', 'Comunicação, Relações Públicas, Marketing, Comercial', 3),
(41, 'Douglas dos Santos Souza', 'douglas.santsouza@gmail.com', 'c6ed86063a5256dfd4181ff2e9ec1ff6', 'UNIFEI JUNIOR', 'FEJEMG', '27/08/1993', 'Diretor Presidente', 'Prêmio FEJEMG', 'Empreendedorismo Social\nTrabalho sistêmico\nCultura Empreendedora\nPolítica', 19),
(43, 'Maria Tereza Figueroa de Camargos', 'mariaterezafigueroa@gmail.com', 'e2c73ddd7087854a5e239de70fa450e4', 'UP Consultoria Jr.', 'FEJEMG', '28/05/1992', 'Diretora de Gestão de Pessoas', 'II EREJ', 'Recursos Humanos (Gestão de Pessoas) e Eventos', 2),
(44, 'Brenno Flávio de Almeida', 'brenno.flavio412@gmail.com', '2818f22c825c02ea1a73822685b41593', 'UP', 'FEJEMG', '27/04/1995', 'Diretor de Marketing', 'RP Viçosa', 'Comunicação, Marketing, Vendas', 10),
(45, 'Gabriel Carvalho Zulato', 'gabrielzulato@multjr.com.br', '97c2d7e144a6bd93b3ce57e44d86897d', 'Mult Jr - Consultoria e Projetos', 'FEJEMG', '22/01/1993', 'Diretor Administrativo-Financeiro', 'IX Prêmio FEJEMG', 'Finanças, gestão.', 8),
(47, 'Ramon Pimentel Sala', 'ramon.sala@nobugs.com.br', '08c7ce61c7ff6bce210baf3db7838b8d', 'No Bugs - Empresa Júnior de Informática', 'FEJEMG', '19/08/1994', 'XXX', 'VIII Internej', 'Marketing, Gerenciamento de Projetos, Captação Ativa de Projetos.', 8),
(48, 'Natália Pinheiro de Andrade', 'nataliaandrade@acessojr.com', '769feed08d2c94e7d8e0a7ee1071b742', 'Acesso Comunicação Jr', 'FEJEMG', '13/06/1994', 'Presidente', 'EFEJ 2013', 'Inovação', 1),
(49, 'Antonio Marcos de Oliveira Pereira Junior', 'amarcospjunior@gmail.com', '642195bb25b5beb86d9c68f33f22769d', 'UNIFEI JR', 'FEJEMG', '30/06/1993', 'Diretor da Qualidade', 'ENEJ 2013', 'Qualidade, ISO 9001, 5s, Mapeamento de Processos', 1),
(50, 'Fernando Almeida', 'fd-almeida@uol.com.br', '5782463c1360407859253fbed1bdc2b9', 'META-CONSULTORIA', 'FEJEMG', '10/08/1989', 'Membro', 'Reunião Presencial Viçosa', 'Qualidade, Administrativo/Financeiro e Marketing.', 4),
(51, 'Gabriel Correa de Oliveira', 'gabriel.co93@gmail.com', '9ec81f2d4533c66724cd246d87d77799', 'UCJ', 'FEJEMG', '19/11/1993', 'Presidente', 'EFEJ', 'Estratégia', 1),
(52, 'Marcelo Vilela Caivano', 'marcelocaivano.meta@gmail.com', '617220520924ed8854807d4172fc2ded', 'Meta Conssultoria', 'FEJEMG', '05/08/1994', 'Diretor de Qualidade', 'Prêmio FEJEMG', 'Gestão da Qualidade, Marketing, Propaganda, Empreendedorismo e Administração.', 2),
(53, 'Felipe Batista Coelho', 'felipe@techmob.org', '603eb9b59528611dc1b4a13c00e10fee', 'TechMob', 'FEJEMG', '19/05/1992', 'Presidente', 'Nenhum', 'Gestão de Projetos', 8),
(54, 'Giovane Fonseca Zago', 'giovanezago@gmail.com', '7f21eb55be287ef6ab73f2c896f7d692', 'SINERGIA', 'FEJEMG', '11/12/1991', 'Diretor Presidente', 'Dia D - FEJEMG', 'Empreendedorismo', 18),
(55, 'Saulo Lamha Rocha', 'saulolrocha93@gmail.com', 'baa962e645eb19780df54e8ae650cb38', 'MASCI', 'FEJEMG', '05/12/1993', 'Diretor de Qualidade', 'II EREJ', 'Administrativo Financeiro, Dsenvolvimento', 9),
(56, 'Giovanni Borges', 'giovanniborges.meta@gmail.com', '1f496a6bd3715b1a76f17b78f1b181aa', 'Meta Consultoria', 'FEJEMG', '26/10/1992', 'Consultor de Marketing', 'Prêmio FEJEMG', 'Marketing', 4),
(57, 'Andre resende souza paula', 'Resende30@gmail.com', 'f0e75f4b7b621c22778a9e3b12780b82', 'MASCI Consultoria Jr.', 'FEJEMG', '12/12/1991', 'Gerente de integração', 'Dia D', 'Projetos, marketing e financeira', 4),
(58, 'Valerrilson Santos Araujo', 'valerrilson@hotmail.com', 'a50111241c965a759ab89ca4309330bc', 'ABC Consultoria', 'Nenhuma', '03/01/1993', 'Presidente - Conselho Fiscal Administrativo', 'ENEJ 2013', 'Engenharia Civil; Marketing; Processos;', 2),
(59, 'Jenniffer Carolina Silva', 'jenniffercarolinasilva@gmail.com', '68cf01e122e5a57baec2f8c45e65fc8c', 'Simbiosis', 'FEJESC', '08/12/1990', 'Diretora de Marketing', 'Paraná Júnior 2013', 'Marketing, Comunicação', 9),
(60, 'Fabricio Barbosa de Lima', 'lima.fabriciobarbosa@gmail.com', 'd3d4fce8bdcc327ad51d9acc4790bedd', 'Alimentos Júnior Consultoria', 'FEJEMG', '02/12/1989', 'Presidente da Alimentos Júnior', 'VIII internEJ', 'Empreendedorismo\nEngenharia de Alimentos\nGestão Empresarial\nInovação\nEconomia\nNegócios Sociais\nMovimentos estudantis\nInterncâmbio', 2),
(61, 'Paula Beatriz Resende de Cerqueira', 'paula.cerqueira.enq@gmail.com', '6afbd147e4867674a7296ff555e92d95', 'Sinergia', 'FEJEMG', '12/02/1992', 'Gerente de Projetos', 'Nunca participei.', 'Projetos, Empreendedorismo, Gestão de negócios.', 6),
(62, 'Anderson Benevenuto Dias', 'anderson.dias@nobugs.com.br', '722a80025bf479b5370be2db77ab0a08', 'No Bugs', 'FEJEMG', '17/11/1986', 'Vice Presidente No Bugs', 'IX Prêmio Fejemg', 'estratégia', 34),
(63, 'Pedro Henrique França Oliveira', 'pedrofranca511@gmail.com', '9822c514fe476cd5708f379ccd3af3dc', 'Arbórea Florestal', 'FEJEMG', '05/11/1989', 'Assessor de Fomento e Orientação', 'Prêmio FEJEMG', 'Marketing', 3),
(64, 'Andreza Carvalho de Souza', 'carvalhos.andreza@gmail.com', 'f799a9acef9fa6a68cad4d8af48b3c60', 'Apsi Consultoria Jr.', 'FEJEMG', '06/05/1993', 'Diretora de Marketing', 'EFEJ 2013', 'Psicologia Organizacional e do Trabalho, Marketing e Relações Públicas.', 1),
(65, 'Marina Florence', 'marinaflorence@rhjr.com.br', '75fb895d91e4418fba8a2e43ff304b02', 'RH Consultoria Júnior - UFMG', 'FEJEMG', '19/08/1992', 'Diretora MEJ', 'Dia D em João Monlevade', 'Abrange todo o MEJ. Como minha diretoria está ligada a ele como um todo, me interesso não somente por mim, mas por toda a empresa na qual eu trabalho em diversas áreas.', 0),
(66, 'Lívia Campolina Araújo', 'liviaaraujo@criaufmg.com.br', '6cb381afac443db3b89c24ab554b5774', 'Cria UFMG Jr.', 'FEJEMG', '29/05/1994', 'Conselheira', 'Reunião Presencial', 'Comunicação', 1),
(67, 'Marcos Vinícius de Oliveira Costa', 'marcos.vinicius@maisconsultoria.com.br', '2f5bf474e90c995bdcd5006024edeb4f', 'MAIS Consultoria Jr', 'FEJEMG', '29/07/2013', 'Assessor de Suporte da FEJEMG e Diretor de Pr', 'Dia D da FEJEMG de dezembro', 'Gerenciamento de Projetos, Liderança, Gestão, Empreendedorismo', 0),
(68, 'Jéssica Carvalho Montes', 'jessicacarvalho@apoioconsultoria.adm.br', '8173a239a4bf793facc441df2e8482eb', 'Apoio Consultoria', 'FEJEMG', '23/06/1992', 'Diretora de Desenvolvimento de Projetos', 'ENEJ 2013', 'Estratégia\nGestão\nOperações \nFinanças', 14),
(69, 'Mariana Maciel Aguiar', 'mari.maciel.aguiar@gmail.com', '70764a29b3c997ababb24f4628034ae5', 'Ambiental Jr', 'FEJEMG', '02/06/1992', 'Diretora de Captação', 'InternEJ', 'Negociação, captação, gestão', 1),
(70, 'Marcos Vinícius Martins da Fonseca', 'marcos.fonseca@engenharia.ufjf.br', '21a567eb224481d3c792561a44be3196', 'Mais Consultoria Jr.', 'FEJEMG', '22/06/1992', 'Assessor de Gestão da FEJEMG', 'RP de João Monlevade', 'Gestão de Pessoas e Projetos.', 1),
(71, 'Gabriel Borda Attie Vieira', 'g.attie@hotmail.com', '61ee0b36222fecb993e64f2c1380ca3d', 'Ambiental Jr.', 'FEJEMG', '05/02/1993', 'Diretor Administrativo/Financeiro', 'VIII InternEJ', 'Ampliar rede de contatos', 17),
(72, 'Rafhael de Paula Oliveira', 'rafhaeldepaula91@gmail.com', 'd37a62cf7d33e6187972b5dbe00c799a', 'MASCI consultoria', 'FEJEMG', '30/04/1991', 'Conselheiro', 'RP de João Monlevade', 'Comissão de Rede', 2),
(73, 'Márcia Oliveira Terra Rocha', 'marciaterrarocha@gmail.com', 'e28988dcfc8f642613d876408c7c28b8', 'MASCI Consultoria Jr', 'FEJEMG', '26/07/1994', 'Conselheira Administrativo', 'Prêmio FEJEMG', 'Assessora de desenvolvimento', 2),
(74, 'Lorrana Moraes Marques', 'lorranamoraes13@hotmail.com', 'bbfedf74ed04d94004d99bae081492d5', 'Ambiental Jr.', 'FEJEMG', '13/07/1994', 'Gerente de Gestão de Pessoas', 'VIII Internej', 'Recursos Humanos', 21),
(75, 'Débora Nunes', 'deboranunes@cpejr.com.br', '2297c54256a97b463a9dc0f84e829466', 'CPEJr', 'FEJEMG', '24/02/1994', 'Presidente', 'InternEJ', 'Presidência, parcerias, estratégia.', 12),
(76, 'Filipe Almeida Vilas Boas', 'filipealmeida@cpejr.com.br', '9a0dea654a4b8b2b0c241189408ebaf0', 'CPEJr.', 'FEJEMG', '02/07/1994', 'Assessor de Gestão', 'InternEJ', 'Gestão em geral (empresarial e pessoal), empreendedorismo social, liderança, inovação, oratória e motivação.', 12),
(77, 'Guilherme Ximenes Coutinho Dias', 'ximenes312@gmail.com', '6fe646310e8905dcfe46f932a838b8e2', 'Consultoria e Projetos Elétricos Junior', 'FEJEMG', '25/09/1992', 'Gerente de Projetos', 'Sábado Júnior UFMG', 'RH, Marketing e Projetos.', 1),
(78, 'Sara Regina Ferreira de Faria', 'saraferreira@cpejr.com.br', 'e10adc3949ba59abbe56e057f20f883e', 'Consultoria e Projetos Elétricos Júnior', 'FEJEMG', '31/03/1994', 'Diretora de Recursos Humanos', 'InternEJ', 'Recursos Humanos, Estratégia, Desenvolvimento, Pessoas, Time, Engenharia', 18),
(79, 'Túlio Santana Lopes de Souza', 'tulio.santana94@hotmail.com', '665d7c312aefc6d77dc245b73e06f7e0', 'Ambiental Jr.', 'FEJEMG', '09/11/1994', 'Gerente de Captação', 'InternEJ', 'Me interesso, principalmente, pela área de projetos e negociações', 3),
(80, 'Danilo Machado Fulgêncio', 'danilo.fulgencio@gmail.com', '1968e3c01183c3b918998f84811ad462', 'Sinergia', 'FEJEMG', '22/08/1991', 'Conselheiro Administrativo', 'InternEJ', 'Ecossistemas empreendedores, inovação, pesquisa aplicada e novas tecnologias educacionais', 3),
(81, 'Bianca Ruy Giacomin', 'biancagiacomin@hotmail.com', '83f3fc68ddf5c5cbc17b3287ab11c287', 'Sinergia', 'FEJEMG', '08/06/1994', 'Gerente de Administrativo-Financeiro', 'ENEJ 2013', 'Liderança', 1),
(82, 'Luiz Gustavo dos Santos', 'gustavosantoseal@gmail.com', '9496c0e07db92907230bdc287bb90e7e', 'Alimentos Júnior Consultoria', 'FEJEMG', '05/11/1991', 'Gerente de Relações Institucionais (FEJEMG), ', 'VIII InternEJ', 'Negócios, Relações Institucionais, Marketing, Gestão', 2),
(83, 'Gabriela Fernandes', 'gabiifernandes.c@gmail.com', '106da0616e054eee0ea1776f8808c571', 'Apsi Consultoria Jr.', 'FEJEMG', '18/06/1995', 'Consultora de Qualidade', 'RP DE Viçosa', 'Qualidade e Gestão de Pessoas', 6),
(84, 'Wagner Monteiro de Barros Neto', 'wagner.neto@ucj.com.br', '66b786a7c350e5f504839fa2cdd965ee', 'UFMG Consultoria Júnior', 'FEJEMG', '06/11/1992', 'Consultor Líder / Assessor SAEJ (FEJEMG)', 'EMEJ 2013', 'Gerente de Integração (FEJEMG)\nConsultor Master (Gerente de Projetos - UCJ)', 6),
(85, 'Patrícia de Paiva Nunes', 'patricia.nunes@ucj.com.br', '568d272275bde6a528466313df5d953b', 'UFMG Consultoria Júnior', 'FEJEMG', '19/10/1993', 'Diretora de Marketing', 'Paraná Júnior', 'Marketing', 1),
(86, 'Rafael Bianchini Rios Alves', 'rafael.alves@ucj.com.br', '37dea19f9b95bdbddf16f5c9b29d4582', 'UCJ', 'FEJEMG', '07/01/1994', 'Assessor de Negócios', 'IX Prêmio FEJEMG', 'Negócios', 6),
(87, 'Júlia Salgado Chagas', 'julia@ucj.com.br', '767e63fa879bdc3bbfbbbfecef1c8e6d', 'UCJ', 'FEJEMG', '18/06/1993', 'SempreUCJ', 'EMEJ 2012', 'Finanças e estratégia', 2),
(88, 'Amanda Caldeira', 'amandacaldeira.sec@gmail.com', 'f0e911b605367d53395e73b90cb69838', 'SEC Jr. Consultoria', 'FEJEMG', '07/10/1993', 'Vice-Presidente', 'InternEJ', 'Estratégia', 1),
(89, 'Ryoichi Penna', 'ryoichi.penna@gmail.com', 'd35fca311ea005344992006626f2aa07', 'CAMPE', 'FEJEMG', '14/12/1990', 'Presidente da FEJEMG', 'EFEJ 2013', 'Todas', 4),
(90, 'Rondinelli Moulin Lima', 'rondinelli_ml@hotmail.com', 'fea0e135925bd2faa7d8d7fcb0f1d60f', 'Equacione Jr. - Engenharia e Soluções', 'JuniorES', '28/03/1991', 'Vice-Presidente', 'I Fórum de empreendedorismo e empresas junior', 'Áreas voltadas as Engenharia Química, otimização, controle, modelagem de processos e análises de materiais.', 9),
(91, 'Daniela Marotta da Silva', 'daniela@maisconsultoria.com.br', 'd60c7e3912946fe0ab1498b622b9c597', 'Mais Consultoria Jr.', 'FEJEMG', '21/09/1993', 'Gerente da Qualidade', 'RP Viçosa', 'Projetos; Estratégia; MEG; ISO 9001:2008;', 8),
(92, 'Eduardo Aguiar', 'eduardodinamicajr@gmail.com', '98f35ed882499f43ef51b62c6ee549cd', 'Dinâmica Consultoria Júnior', 'FEJEMG', '08/03/1994', 'Consultor Administrativo-Financeiro', 'IX Prêmio FEJEMG', 'Administrativa, Financeira e Contábil.', 6),
(93, 'LUCCA RODRIGUES DE ALENCASTRO GRAÇA', 'lucca@maisconsultoria.com.br', '4a9be237453673eac1ab5f3a4283fdf0', 'Mais Consultoria Jr.', 'FEJEMG', '05/01/1993', 'Gerente de Suporte', 'Prêmio FEJEMG 2013', 'Estratégia, Qualidade e Marketing.', 18),
(94, 'Guilherme Salustino Silva', 'guilhermesalustino@admconsult.com.br', 'a9316dc89d7885adedda5b06babc284b', 'ADM Consult', 'RN Júnior', '13/12/1993', 'Presidente Executivo / Diretor de Desenvolvim', 'Trainee-me Se For Capaz 2013.2', 'Recursos Humanos: motivação e indicadores de desempenho;\nEstratégia: liderança e maturidade organizacional;\nMarketing: T.I.', 22),
(95, 'Luana Serafim Aragão', 'luana.serafim29@hotmail.com', 'cea687a573bb0198d13c7eb124a7a9d8', 'ADM Consult', 'RN Júnior', '29/11/1995', 'Analista Administrativo-Financeiro', 'Trainee-me se for capaz', 'Financeira; Marketing; Empreendedorismo.', 6),
(96, 'Rafiza Fernanda Moreira de Oliveira', 'rafizafernanda@hotmail.com', 'b547ef2283e51ce0f9506a205a8c2550', 'CONSECON', 'FEJEMG', '29/10/1991', 'Assessora de Projetos', 'Ainda não participei de nenhum', 'Economia', 3),
(97, 'Jamile Santos de Souza', 'jamile.apoio@gmail.com', '16e7c297da2e7c49f73f6ad37ec18310', 'Apoio Consultoria', 'FEJEMG', '12/12/93', 'Assessora de marketing', 'RP de são joão del rei, 22 de fev', 'marketing', 6),
(98, 'Welerson Carvalho Coelho', 'welersoncarvalho@hotmail.com', 'b7769b200d2e185cce192c723919d0df', 'Ejel - Consultoria e Projetos Elétricos Jr.', 'FEJEMG', '11/01/1991', 'Presidente do Conselho', 'IX Prêmio FEJEMG', 'Gerenciamento de Projetos.', 3),
(99, 'Ciro Geraldo Brito Limão', 'cirolimao@hotmail.com.br', 'fc8f5dbdb251bf5ccb33c05e1df7d3a3', 'Mec Jr', 'FEJEMG', '31/05/1989', 'Assessor de Gestão de Pessoas', 'RP em Ouro Preto', 'Área de RH e Planejamento Estratégico,Treinamento e Desenvolvimento.', 9),
(100, 'Filippe Brito Venâncio', 'filippebrito.meta@gmail.com', '8711806b7f7691ffbdd5fc773859c56c', 'Meta Consultoria', 'FEJEMG', '29/12/1994', 'Diretor de Marketing', 'IX Premio FEJEMG', 'Marketing e recursos humanos', 1),
(101, 'Keyse Machado da Veiga', 'keyseveiga@gmail.com', '270fe7561eb7865e8fb9f3dc7b3c7784', 'Cace Consultoria Jr.', 'FEJEMG', '08/07/1994', 'Diretora de Gestão de Pessoas', 'InternEJ', 'GP', 1),
(102, 'Mateus Arruda da Costa', 'arruda.empec@gmail.com', '1ff279d75cb2cb7180ea22603d12e47b', 'EMPEC', 'FEJEPAR', '10/11/1994', 'Diretor de Marketing', 'Paraná Júnior 2013', 'Comunicação, Design, Vendas, Negociação e Gestão', 13),
(103, 'Caio Soares de Almeida', 'caio.almeida@ijunior.com.br', 'b5b6490f8ab2318ca7ee048bbf653af0', 'UFMG Informática Jr.', 'FEJEMG', '22/01/1995', 'Assessor da Presidência', 'RP Ouro Preto', 'Gestão Estratégica\nParcerias\nPlanejamento Estratégico', 8),
(104, 'Rúbia Gonçalves', 'rubiaasg@hotmail.com', '75fbb95dd77616127bc9fe65198e5ad2', 'Perfil Consultoria Jr.', 'FEJEMG', '08/09/1993', 'Assessora de Projetos', 'RP Fejemg Ouro Preto', 'Planejamento e elaboração de projetos; \nDesenvolvimento interpessoal;\nComunicação;\nLiderança.', 4),
(105, 'Gabriela Fernandes', 'gabrielafernandes@apsiconsultoriajr.com.br', '716017e4a40268e901323b882cce764e', 'Apsi Consultoria Jr.', 'FEJEMG', '18/06/1995', 'Diretora de Qualidade', 'RP Ouro Preto', 'Gestão de Pessoas, Qualidade, Desenvolvimento', 1),
(106, 'Érika Simões', 'erikasimoes22@gmail.com', '5708d313fcaedc2005ad29743c7f0350', 'Acesso Comunicação Jr.', 'FEJEMG', '10/08/1992', 'Gerente de Publicidade', 'EMEJ 2013', 'Design e Publicidade', 1),
(108, 'Igor Dias Cangussu', 'igor.dias@fejemg.org.br', 'd05d8434a8f7d5b5ddf9e2f940f96a44', 'CPEJr.', 'FEJEMG', '03/07/1992', 'Assessor de Fomento e Orientação', 'RP de Ouro Preto', 'Marketing\nComunicação\nGestão de Pessoas', 1),
(109, 'Natália Andrade', 'natalia.andrade@brasiljunior.org.br', '769feed08d2c94e7d8e0a7ee1071b742', 'Acesso Comunicação Jr', 'FEJEMG', '13/06/1994', 'Coordenadora de Conteúdo BJ - Coordenadora de', 'EFEJ 2013', '-', 23),
(110, 'Leandro Fuzaro', 'leandro.fuzaro@hotmail.com', '19b3146e297506fac88d4df4dcf4d1cb', 'MinasBio Consultoria Ambiental', 'FEJEMG', '14/11/1991', 'Diretor Presidente', 'Reunião Presencial em Ouro Preto, MG.', 'Consultoria Ambiental, Gestão empresarial', 0),
(111, 'Karoline Cabral Faria', 'karol.c.faria@hotmail.com', 'c669859cdd06939a24499740917eed63', 'MinasBio Consultoria Ambiental', 'Nenhuma', '03/08/1993', 'Diretora de Gestão de Pessoas', 'Reunião Presencial', 'Gestão Ambiental, Recursos Humanos, Capacitação Profissional', 6),
(112, 'Ana Luiza Santos Tizzo', 'analuizatizzo@hotmail.com', '479ee4cdea291b369c48de8d6944ad6a', 'MinasBio Consultoria Ambiental', 'FEJEMG', '28/03/1993', 'Diretora', 'RP Ouro Preto', 'Gestão Ambiental, Capacitação, Projetos, Administrativo, Marketing.', 1),
(113, 'Juliano José Ramos Moreira', 'jrm.juliano@gmail.com', 'cca88867d1528d37a495661f7bc5acb1', 'Perfil Consultoria Júnior em Psicologia', 'FEJEMG', '23/11/1986', 'Presidente', 'IX Prêmio FEJEMG', 'Empreendedorismo; Gestão de tempo, conhecimento e finanças; Planejamento Estratégico; Gestão de Pessoas.', 15),
(114, 'NICOLAS COUTO GIFFONI DOS SANTOS', 'desenvolvimento@fejemg.org.br', '396a4d6348dfa05badde9ae872670d7d', 'Mais Consultoria Jr', 'FEJEMG', '14/10/1992', 'Diretor de Desenvolvimento', 'Prêmio FEJEMG 2013', 'Me interesso na FEJEMG.', 28),
(115, 'Glenda Fernanda Ambühl de Castro', 'glendananda@gmail.com', '2e805491b4d0c0ee2321fa68c81ba5de', 'Minasbio Consultoria Ambiental', 'FEJEMG', '28/04/1991', 'Pós junior', 'RP de Ouro |Preto', 'gestão e consultoria ambiental\nempreendedorismo\ngestão de pessoas', 2),
(116, 'Jéssica Amaral de Faria', 'jessica_a_faria@hotmail.com', '6381aa09f9c42fcc928362caad0b543e', 'PQ Júnior Projetos e Consultoria em Química', 'FEJEMG', '17/01/1991', 'Conselho Consultivo', 'Nenhum', 'Conselho, Marketing, Presidencia', 50),
(117, 'Raíssa Ferreira', 'raissafaraujo@gmail.com', 'f2e38c30073b2251ee508478af63738c', 'Acesso Comunicação Jr.', 'FEJEMG', '26/07/1990', 'Gerente de Relações Públicas', 'Prêmio Fejemg', 'Marketing e Relações Públicas, Jornalismo e Geração de Conteúdo.', 17),
(118, 'Liliana Batista P. Silveira', 'liliana.silveira@outlook.com', 'f94e243432d1478a32984b9a0f685d35', 'MinasBio', 'FEJEMG', '29/04/1992', 'Diretoria', 'Reunião', 'Interesse em áreas de gestão ambiental, em cursos, eventos que evolve questões ambientais.', 1),
(119, 'Patrícia de Paiva Nunes', 'paty_pn@hotmail.com', '568d272275bde6a528466313df5d953b', 'UFMG Consultoria Júnior', 'FEJEMG', '19/10/1993', 'Diretora de Marketing', 'Paraná Júnior', 'Novidades em Marketing; Marketing Digital; Inbound Marketing; Relacionamento com o cliente; Endomarketing; Planejamento Estratégico', 1),
(120, 'Douglas dos Santos Souza', 'douglas.souza9@yahoo.com.br', 'd06a1a893eae83b6f75e99f2ab9e3744', 'UNIFEI JR', 'FEJEMG', '27/08/1993', 'Embaixador da BJ', 'JEWC 2014', 'Ecossistema Empreendedor\nEmpreendedorismo Social\nDesign de Negócios\nGestão Empresarial\nEstratégia', 2),
(121, 'Luis Henrique Magalhães Miguel', 'luishmagalhaes.sk8@gmail.com', '4c60f071beaa3819054d9bb4c568183e', 'EmpNut', 'Nenhuma', '25/07/1991', 'Diretor Administrativo Financeiro', 'Internej', 'Adm-FIn, Mkt, Projetos, Comunicação, TI', 8),
(122, 'Luis Fernando Martins dos Anjos', 'luis.fernando.anjos@hotmail.com', '353fae6e4b5b103f15ff9e82feb65957', 'Projet', 'FEJEMG', '12/05/1993', 'Assessor de Relacionamento Institucional', 'IX Prêmio FEJEMG', 'Gerenciamento de Projetos, Recursos Humanos, Estratégia e Negócios', 33),
(123, 'Ronnan del Rey', 'ronnan@aceleradoradeempresa.com.br', 'e10adc3949ba59abbe56e057f20f883e', 'No Bugs', 'FEJEMG', '17/12/1984', 'Pós-júnior', 'EMEJ', 'Novos negócios', 3),
(124, 'Jéssica Silva Cypriano', 'jessicascypriano@gmail.com', 'd7905ae6bac9c6fd80d91c64cfe363a7', 'Apsi Consultoria Jr', 'FEJEMG', '27/01/1995', 'Consultora DAF', 'RP BH', 'DAF, Prospecção.', 5),
(125, 'Humberto Henrique N. Monteiro', 'humbertoh.apoio@gmail.com', '5740ec4375c4ad096060737decb6e271', 'Apoio Consultoria', 'FEJEMG', '21/02/1992', 'Assessor de TI', 'Rp FEJEMG BH', 'Todas, absolutamente todas.', 4),
(126, 'Vitor Eiji Kernbichler', 'ti@unifeijr.com.br', '48132b8f0b96ec411df169f9af13baa6', 'UNIFEI JR', 'FEJEMG', '02/12/94', 'Gerente de TI', 'RP Viçosa', 'Áreas de TI e de Engenharia', 1),
(127, 'Felipe Romera Villar', 'felipe.romera@unifeijr.com.br', '5d31767bd05c5def44f5c10c160deeed', 'UNIFEI JUNIOR', 'FEJEMG', '08/12/1992', 'Assessor de Tecnologia da Informação', 'Nenhum', 'Projetos e TI', 9),
(128, 'Edilene do Nascimento Nunes', 'edilenenn14@gmail.com', 'b189d145547b16579b3d3cb5a05d36fa', 'EmpNut', 'Nenhuma', '14/01/1991', 'Diretora de Desenvolvimento e Qualidade', 'RP Ouro Preto', 'Qualidade, Projetos e Presidência', 8),
(129, 'Gibran Brumano', 'gibranbrumano@gmail.com', 'b4a92d9460de0a7ab8f05322c8db8023', 'SEC Jr. Consultoria', 'FEJEMG', '15/11/1993', 'Diretor de Marketing', 'VIII InternEJ', 'Marketing', 1),
(130, 'Pablo Monteiro Andrades', 'pmandrades@gmail.com', 'fc3145f74cf68ef22232f9601dbf241a', 'AgroPlan-UFV', 'FEJEMG', '07/03/1992', 'Assessor de Marketing', 'RP de Ouro Preto', 'Atualizo em outro momento', 6),
(131, 'Igor Augusto Januzzi Ferreira Soares', 'igor.jfsoares@gmail.com', '6eb5b97d6e67853d4eef964fea1dd330', 'MASCI Consultoria Junior', 'FEJEMG', '15/06/1995', 'Consultor de Qualidade', 'EMEJ 2013, Premio FEJENG 2013', 'Qualidade, Planejento Estratégico, Gestão, Projetos, Comercial', 1),
(132, 'Marcos Fonseca', 'marcos.fonseca@fejemg.org.br', '396a4d6348dfa05badde9ae872670d7d', 'Mais Consultoria Jr.', 'FEJEMG', '22/06/1992', 'Assessor de Gestão da FEJEMG', 'RP de Ouro Pretp', 'Qualidade, Gerenciamento de Projetos e Gestão de Pessoas', 1),
(133, 'Hugo Martins Gonçalves', 'hugo.martins@fejemg.org.br', '7bc78a00d2936623ed685bb618f93cc0', 'CPEJr.', 'FEJEMG', '15/04/1994', 'Assessor de TI', 'RP FEJEMG', 'TI, Comercial e Projetos', 1),
(134, 'Tiago Barros', 'tiagobarros.apoio@gmail.com', '3280f8726038679ce782a13f89a9611d', 'Apoio Consultoria', 'FEJEMG', '24/06/1993', 'Coordenador de Marketing', 'RP de Uber', 'Finanças, Marketing e Estratégia', 10),
(135, 'Eduardo Mendes Martins da Costa', 'du.mendesphn@hotmail.com', '2d39d556a954dff21fd8b51256896f2c', 'Perfil Consultoria Jr.', 'FEJEMG', '11/04/1994', 'Trainee', 'RP Uberlândia', 'Marketing; Gestão de Projetos; Psicologia; Coaching; Liderança; Futuro.', 1),
(136, 'Cecília Araújo Santos', 'cecilia-bd@hotmail.com', '2b2b551c079fd75555de7c009faef53e', 'Ômega Júnior', 'FEJEMG', '23/06/1993', 'Empresário Júnior', 'RP de Uberlândia', 'Marketing, Projetos, Presidência', 7),
(137, 'Felipe', 'felipe@live.in', '603eb9b59528611dc1b4a13c00e10fee', 'TechMob', 'FEJEMG', '19/05/1992', 'Presidente', 'RPy - Uberlândia', 'Gestão de Pessoas', 1),
(138, 'João Victor Teberga Gonçalves', 'joao.victor.teberga@gmail.com', 'f6b304d79bb3eed19363f61992e16fce', 'AgroPlan-UFV', 'FEJEMG', '04/01/1989', 'Gerente de Qualidade e Conselheiro Administra', 'EMEJ 2014', 'Qualidade e Gestão de Pessoas.', 12),
(139, 'Matheus André Santos', 'matheus.asanttos@gmail.com', '69b907df840526d41f2dd2c3b9448416', 'AgroPlan-UFV', 'FEJEMG', '09/09/1993', 'Assessor de Qualidade', 'RP de Uberlândia', 'Todo conhecimento adquirido é válido. Gosto muito de trabalhar com Gestão da Qualidade e Gestão de Pessoas.', 8),
(140, 'Sara Melo Nacarate', 'sara.nacarate@gmail.com', '971da501074542492e0e34ec8c0537c7', 'AgroPlan-UFV', 'FEJEMG', '05/03/1996', 'Assessora de Qualidade', 'RP de Uberlândia', 'Qualidade', 8),
(141, 'Rodrigo Altoé', 'rodrigoaltoe2195@gmail.com', 'e151c37fdc2fb5366ad2886321ab21d2', 'AgroPlan-UFV', 'FEJEMG', '21/01/1995', 'Diretor Presidente', '9 InternEJ', 'Finanças, administrativa, projetos, planejamento estratégico, gerenciamento por diretrizes.', 2),
(142, 'IGOR LIMA ANDRADE', 'andrade.igorlima@gmail.com', '3f4d35494ab39757630d633b32377345', 'PRODUZA CONSULTORIA', 'FEJEMG', '02/08/1991', 'DIRETOR PRESIDENTE', 'RP Uberlândia', 'Gestão estratégica, planejamento estratégico, entre outros.', 1),
(143, 'Augusto Velozo Gonçalves', 'agvelozo@gmail.com', 'e44f8a2a0ede9c0172fcb02074e7a079', 'In Bio', 'FEJEMG', '03/04/1992', 'Diretor de Gestão de Pessoas', 'RP de Uberlândia', 'Ferramentas e práticas de Gestão de Pessoas, Marketing e Estratégia', 3),
(144, 'Luana Tavares', 'lu.ftavares21@gmail.com', 'f966904bb9bc01cdfa1b81631f277c66', 'AgroPlan-UFV', 'FEJEMG', '21/08/1991', 'trainee', 'RP de Uberlândia', 'Gestão de Pessoas, Responsabilidade Sócio Empresarial e Qualidade', 1),
(145, 'Angeline Guimarães Nunes', 'angeline.apoio@gmail.com', '1d89e9d60218d882b7ad053e78c9da37', 'Apoio Consultoria', 'FEJEMG', '05/06/1992', '-', 'RP Uber', 'ADM/FIN; Marketing.', 1),
(146, 'Letícia Freitas Pereira', 'leticia-freitaspereira@hotmail.com', '4d499004301f8487a3518fd91acd0bd1', 'Ômega Júnior', 'FEJEMG', '07/10/1993', 'Assessora de Relacionamento Institucional', 'Prêmio CENJE', 'Presidência\nGestão de Pessoas\nQualidade', 18),
(147, 'Hugo Gonçalves', 'hugomg2500@hotmail.com', '79df9dc8068f5d190c94bf062f0265e5', 'CPEJr.', 'FEJEMG', '15/04/1994', 'Representante Comercial', 'RP FEJEMG', 'TI, Comercial', 1),
(148, 'Muryllo Albuquerque Louzano', 'muryllo.uftm@gmail.con', '9ec81f2d4533c66724cd246d87d77799', 'MecTRIA Jr.', 'FEJEMG', '06/03/1992', 'Diretor de projetos', 'VIII INTERNEJ', 'Projetos\nQualidade\nMarketing \nPresidência', 8),
(149, 'Gabriela Felisberto dos Santos', 'gabrielasantos.ufv@gmail.com', 'ef8842113a5e8dc37ac00e74c3fa0e1a', 'Sinergia', 'FEJEMG', '14/03/1994', 'Diretora de Relações Públicas', 'InternEJ', 'Comunicação, divulgações, relações públicas, intejs, cases, eventos', 1),
(150, 'Gustavo Alves', 'gustavo.acelso@gmail.com', '4eb9e508c7cc3a4a055427f23230553d', 'UFV Jr. Florestal', 'FEJEMG', '04/01/1991', 'Conselheiro Multiplicador', 'IX Prêmio FEJEMG', 'Agrárias, Geoprocessamento.', 2),
(151, 'Lucas Silva Delgado', 'lucas@maisconsultoria.com.br', 'fcbd12bf9a3887b09d81d6c3e6484502', 'Mais Consultoria Jr.', 'FEJEMG', '21/11/1992', 'Assessor de Negócios BJ', 'ENEJ 2014', 'Gestão em geral e engenharia de produção', 19),
(152, 'Poliana Celeste Vieira Barbosa', 'poli.barbosa@hotmail.com', '61e1c1a702d3165f139b54c6704840bb', 'Perfil Consultoria Júnior em Psicologia', 'FEJEMG', '20/04/1993', 'Diretora Presidente', 'Reunião Presencial - FEJEMG - Uberlândia', 'Administrativo-Financeiro\nGestão de Pessoas', 6),
(153, 'Amanda Costa Picelo', 'amandapicheli@gmail.com', '3688794a43556b4c54e7aa0890f11940', 'UFLA Júnior Consultoria Administrativa', 'FEJEMG', '09/07/1994', 'Diretora do Administrativo-Financeira', 'RP de Ouro Preto', 'Finanças\nGestão estratégica', 2),
(154, 'Talitha Agostini de Matos Pinto', 'talithaagostini@gmail.com', 'bf93c1ad595add2068898c30849e1467', 'Alimentos Júnior', 'FEJEMG', '07/02/1991', 'Assessora Estratégica', 'RP Ouro Preto', 'Estratégia, Projetos.', 8),
(155, 'Raissa Guerra Resende', 'raissaguerraresende@gmail.com', '75de2f6df473faa156f87bf70ffe68e9', 'PJ', 'FEJEMG', '25/07/1992', 'Presidente PJ', 'RPs', 'Gestão de pessoas e da organização.', 10),
(156, 'Jéssica Carvalho Montes', 'jessicac.apoio@gmail.com', '8173a239a4bf793facc441df2e8482eb', 'Apoio Consultoria', 'FEJEMG', '23/06/1992', 'Diretoria de Projetos', 'ENEJ', 'Empreendedorismo Jovem;\nProjetos;\nGestão', 20),
(157, 'Hugo Martins Gonçalves', 'hugomartins@cpejr.com.br', '79df9dc8068f5d190c94bf062f0265e5', 'CPEJr.', 'FEJEMG', '15/04/1994', 'Assessor de TI', 'RP FEJEMG', 'Tecnologia e Projetos', 1),
(158, 'Heittor Simões Moreira', 'heittor_sm@hotmail.com', 'dea56e47f1c62c30b83b70eb281a6c39', 'Avanço Projetos & Consultoria', 'Nenhuma', '21/03/1992', 'Diretor Administrativo-Financeiro', 'RP João Monlevade', 'Área administrativa, financeira, planejamento e gestão.', 10),
(159, 'Victor Valadão Pires', 'Valadaovictor@gmail.com', '449ad3ba99aa804f944bdd14ede07dda', 'CECCO Consultoria Contábil', 'FEJEMG', '26/04/1995', 'Trainee', 'RP João Monlevade', '..', 1),
(160, 'Erivelton Viana', 'assisviana22@gmail.com', '3e75acd2f20b99191306b474e7fb8bfe', 'Avanço Projetos e Consultoria', 'Nenhuma', '22/03/1995', 'Gerente de Marketing', 'RP João Monlevade', 'Marketing', 2),
(161, 'Christiane Oliveira Moraes de Andrade', 'christianedeandrade@gmail.com', '45894acfc8fc02329077b49a4a223a97', 'Projet', 'FEJEMG', '12/02/1988', 'Coordenadora de MEJ', 'ESEJ', 'eventos, gestão, marketing, consultoria', 1),
(162, 'Nathália Torres', 'nathaliatorres.cco@gmail.com', '31fbbf9716bc1c3022c084df611208ae', 'CECCO Consultoria Contábil', 'FEJEMG', '26/04/1993', 'Pós Júnior', 'Dia D - João Monlevade', 'Comunicação', 2),
(163, 'Pâmella Maria Gouvêia de Sousa', 'pamella.gsousa@gmail.com', '68f74bf677b829d68cbf1ab7159ed670', 'Alimentos Júnior Consultoria', 'FEJEMG', '19/04/1993', 'Assessora de Gestão do Conhecimento', 'RP Uberlândia', 'gestão do conhecimento, gerenciamento de projetos, ferramentas da qualidade.', 4),
(164, 'Fernanda Nascimento', 'fers_n@hotmail.com', 'c71165335067e4868bd4e4fa38a5eb80', 'Sim', 'FEJEMG', '21/12/1991', 'Diretora de Qualidade na Dinâmica Consultoria', 'IX Prêmio FEJEMG', 'Qualidade; Projetos; Marketing; Desenvolvimento', 1),
(165, 'Ingrid Cecilia da Silva', 'ingrid.cecilia@yahoo.com.br', '52262db48736cc12ebdd76872419bdc7', 'Perfil Consultoria Jr. em Psicologia', 'FEJEMG', '02/05/1995', 'Assessora de Gestão de Pessoas', 'RP FEJEMG em Belo Horizonte', 'Psicologia; Gestão de pessoas; empreendedorismo', 0),
(166, 'Ernani Gibrim Mendes', 'gmendes.ernani@gmail.com', '87a0dbd565912b795ff71a1558a97cc1', 'Cace Consultoria Jr.', 'FEJEMG', '22/09/1990', 'Diretor de Qualidade', 'RP de João Monlevade', 'Dados estratégicos da federação, me informar mais sobre a maré etc', 10),
(167, 'Pedro Henrique Macedo Rodrigues', 'pehmro@gmail.com', '3b709369aca26e78030a98615cf68269', 'UP Consultoria Jr', 'FEJEMG', '03/03/1994', 'Diretor Presidente', 'Rp de João Monlevade', 'Gestão, estratégia, liderança, motivação e representatividade.', 14),
(168, 'Caio Veloso de Mello Garcia', 'caioveloso@cpejr.com.br', 'c7e65d8940c0e39cb1ab2e4575e9df9e', 'CPEJr.', 'FEJEMG', '04/02/1992', 'Conselheiro Administrativo', 'EMEJ 2013', 'Qualidade, Vice Presidência, Conselho, MEJ, Tecnologia da Informação, Projetos.', 2),
(169, 'Roger Tadeu Barrreto Santos', 'roger.tadeu@gmail.com', '8b510e51f2a571e19ec762c1f4b6ae7a', 'CEFET Jr.', 'RioJúnior', '06/06/1991', 'Coordenador de Gestão', 'Lidera', 'Modelo de Excelência em Gestão (MEG), Gestão da Qualidade, Tecnologia da Informação (TI)', 10),
(170, 'Muryllo Albuquerque Louzano', 'muryllo.uftm@gmail.com', '667cea011cc643599dbb234c3485328f', 'MecTRIA', 'FEJEMG', '06/03/1992', 'Vice-presidência', 'Rpy-Uberlândia', 'Projetos, marketing,qualidade, presidência', 1),
(171, 'Gustavo Rodrigues Hachul', 'grhachull@hotmail.com', 'e931a00376e7dee1a4d9e3467f0e28d5', 'MecTRIA Jr.', 'Nenhuma', '30/08/1991', 'Diretor Administrativo e Financeiro', 'RP - Uberlandia', 'Administrativa e Financeira', 0),
(173, 'Lorrana Moraes Marques', 'lorranamoraesm@gmail.com', 'c0df4c84c9333a9a238496a93e41a19d', 'Ambiental Jr', 'FEJEMG', '13/07/1994', 'Pós Júnior', 'XIII InternEJ', 'Gestão de Pessoas', 2),
(174, 'Alinne Couto Batista', 'alinnecb@gmail.com', '41c9ec24ce28af059c55085f189f269c', 'SEC Jr. Consultoria', 'FEJEMG', '02/09/1989', 'Gerente de Responsabilidade Social Empresaria', 'Grupo de Trabalho da Junina Jr. da CEEMPRE - ', 'RSE\nGestão de Pessoas', 8),
(175, 'Mauri Miguel', 'mauri.costa@ijunior.com.br', 'f882240468e86190080d719f6e86dafc', 'UFMG Informática Jr.', 'FEJEMG', '28/06/1991', 'Diretor de Projetos', 'Prêmio Fejemg', 'TI', 8),
(176, 'Rodrigo Altoé', 'rodrigo@agroplanufv.com.br', 'e151c37fdc2fb5366ad2886321ab21d2', 'AgroPlan-UFV', 'FEJEMG', '21/01/1995', 'Diretor Administrativo-Financeiro', 'XIII InternEJ', 'Finanças; Jurídico, Administrativo; Projetos; presidência.', 13),
(177, 'Guilherme Gouveia Simões', 'guilherme.apeti@gmail.com', 'c1b505fa553ec7d02fd3a5a54fb8d433', 'AgroPlan-UFV', 'FEJEMG', '14/09/1991', 'assessor de marketing', 'campanha do agasalho', 'Marketing e projetos', 6),
(178, 'Jefferson Maia', 'jefferson.alvesmaia@gmail.com', '0d8309538fe57a4e1259ccc8f5b2e20e', 'Linked Empresa Júnior', 'FEJEMG', '21/08/1990', 'Pós Júnior', 'Prêmio FEJEMG', 'Gestão', 4),
(179, 'iris madalena feijo braga', 'irisbraga64@yahoo.com.br', '95b5dbbeefe8497a7d49bbbaead6728d', 'Projet', 'FEJEMG', '25/09/1991', 'assessora de marketing', 'RP Ouro Preto', 'todas', 1),
(180, 'Rafaela Gonçalves da Silva', 'presidenciagoiasjr@gmail.com', 'ad1f3484f431a3fd4427cda27da2e30d', 'CIPPAL Empresa Júnior', 'Goiás Júnior', '05/11/1993', 'Presidente Executiva da Goiás Júnior', 'GO Jr 2013', 'Gestão e Empreendedorismo', 26),
(181, 'Natasha Galvão Pirchiner', 'natashagalvao@ecofarmajr.com.br', '500b8d6db88b35e9fbe3a307afc731e9', 'Ecofarma', 'FEJEMG', '07/02/1995', 'Gerente', 'RP São João Del Rei', 'Finanças e responsabilidade social', 9),
(182, 'Isabella de Sousa Gonçalves', 'isabellagoncalves@acessojr.com', '5c4801f1dab1ddb34719ff8f24f3ed3e', 'Acesso', 'FEJEMG', '04/03/1995', 'Assessora de Mídias Sociais', 'ESEJ', 'Comunicação.', 1),
(184, 'Barbara Carolina de Oliveira', 'barbarac.eng@gmail.com', '5bb99d47d85e8ce3d0086bf3bbe6b826', 'MASCI', 'FEJEMG', '06/07/1993', 'ex membro', 'EMEJ2013', 'marketing', 1),
(185, 'João Vitor Fazolato Saraiva', 'jvfsfazolato@gmail.com', '3c0855b189d8d38ba9c235bdbb6b30ab', 'Ace Jr.', 'FEJEMG', '08/07/1994', 'Vice Presidente Ace', 'RP Ouro Preto', 'Esporte,', 6),
(186, 'Cristina Brito', 'cristinabrito92@gmail.com', '59ccc377d175af5b04d0c03dea8a1b9c', 'ECOSIN Soluções Ambientais', 'RN Júnior', '21/04/1992', 'Presidente', 'ESEJ', 'Benchmarking, network.', 36),
(187, 'Yuri Bolognani de Oliveira', 'ybolognani@gmail.com', '6348733ac8326025adba21ba04fcbff8', 'ATP Jr.', 'FEJEMG', '02/03/1990', 'Conselheiro', 'IX Prêmio FEJEMG', 'Planejamento Estratégico\nEcossistemas Empreendedores\nStartup''s\nIncubadora de Empresas de Base Tecnológica\nGestão da Inovação\nNegócios Sociais\nTecnologias para o Desenvolvimento Sustentável\nISO''s\nEscopos de Projeto\nFerramentas de Engenharia', 2),
(188, 'José Reinaldo Silva Rezende', 'josereinaldo.meta@gmail.com', 'e0fa5618c948f9e61f28256cde98098e', 'Meta Consultoria', 'FEJEMG', '02/08/1990', 'Diretor Adm-Fin', 'RP Ouro Preto', 'Planejamento financeiro, planejamento estrategico, gestao de tempo, Liderança emprendedora, gestao inteligente de pessoas, Planejamento de carreira', 1),
(189, 'Wesley Cirino dos Santos', 'wesley.santos@ucj.com.br', 'f8fea285c80567edbdb91098332d3a5b', 'UFMG Consultoria Junior', 'FEJEMG', '18/10/1993', 'Consultor', 'Nenhum', 'Finanças', 6),
(190, 'Ana Paula Araujo', 'anapaula_ufsj@hotmail.com', '37a57f3569c7c37fd73373765d1f81f0', 'Alimsete', 'Nenhuma', '26/06/1991', 'Presidente', 'Só participei de eventos do meu núcleo', 'Todas', 1),
(191, 'Agostinho Gomes Ferreira Júnior', 'agostinho@terrajr.com.br', 'f5491d72610965dd0a287c1ab1025c0f', 'Terra Júnior Consultoria Agropecuária', 'FEJEMG', '29/07/1993', 'Diretor Financeiro', 'Dia D em João Monlevade', 'Administrativa, Financeira e Juridica', 1),
(192, 'Fernanda Carolina Cota Caldeira', 'fernandaccc.inova@gmail.com', '1330d191429b91ef15f8808484e61747', 'Inova Consultoria Júnior', 'FEJEMG', '15/02/1990', 'pós-júnior', 'Dia D Fejemg', 'GP reuniões projetos', 1),
(193, 'Isabela Miranda Silva', 'isabelams.inova@gmail.com', 'cdafae227698adc51abe31a941d0721b', 'Inova Consultoria Jr.', 'FEJEMG', '06/02/1995', 'Diretora de Mercado', 'Dia D FEJEMG', 'Mercado, Projetos, Marketing', 1),
(194, 'Alan Ferreira Garcia', 'alangvix@gmail.com', 'e276f671f9ddce44618414f6ca1dff6b', 'Projet', 'FEJEMG', '29/08/1990', '-', '-', 'Projetos; Engenharia de Produção.', 0),
(195, 'Kenepher Tavares', 'kenepher.conselt@gmail.com', '163c033fd5c74ba47d7983cf4e84db66', 'Conselt', 'FEJEMG', '02/11/1993', 'Assessor de Gestão', 'EMEJ 2014', 'Engenharia Elétrica\nQualidade\nAssessoria de Gestão\n8S\nNucleo MEJ\nGestão de Comercio', 10),
(196, 'Humberto Monteiro Fialho', 'humberto_fialho_1702@hotmail.com', '410d430d7dda43ce39c715e3be768f30', 'Consultoria e Projetos Elétricos Júnior', 'FEJEMG', '17/02/1993', 'Diretor Vice-Presidente', 'RP de Ouro Preto', 'Gestão interna, parcerias, execução de projetos', 1),
(197, 'Cristian Silva Magalhães', 'crstian_0071@Hotmail.com', '64ffbb7656cce6d5b350d3531c335ceb', 'Jurídica Júnior', 'Nenhuma', '27/12/1993', 'Trainee do Marketing', 'Rp da Fejemg em Itajubá', 'Marketing', 10),
(198, 'Silas Tadeu de Castro Martins', 'silasmartins99@gmail.com', '8715f83a37549162f7ea378ffd4c647c', 'Jurídica Júnior', 'FEJEMG', '30/03/1996', 'Nenhum ainda', 'Ainda não participei', 'Administrativo Financeiro', 2),
(199, 'Daniel de Paula Lanziotti', 'daniel.lanziotti@campe.com.br', '4bd5221c1879ade85edecdf983680de4', 'CAMPE Consultoria Jr', 'FEJEMG', '19/09/1992', 'Diretor Presidente', 'EFEJ', 'Recursos Humanos', 1),
(200, 'Jean Carrara Tavares de Souza', 'jean_cts@hotmail.com', '5d41a964ec1eb28e8e6dddf3bbc340d3', 'Alimentos Júnior', 'FEJEMG', '04/06/1993', 'Pós-Júnior', 'VIII InternEJ', 'Pessoas, processos e estratégia.', 1),
(201, 'Rafaela Guimarães Leão Ribeiro', 'rafaelaleao2@gmail.com', 'b9ebdce2d219195d885645039cfbecfd', 'UNIFEI JUNIOR', 'FEJEMG', '21/05/1993', 'Presidente', 'RP Itabira', 'Tenho interesse na área de finanças, gestão e estratégia.', 1),
(202, 'BadJapa', 'badjapahz@hotmail.com', '829ee934e27cec0198521b603285da59', 'Japa Jr', 'FEJEMG', '10/10/1991', 'Japones', 'RP', 'Todas', 1),
(203, 'Luisa Silva Guimarães', 'luisa.guimaraes@jpjunior.com.br', 'b7ed8a5c6b20b8fc7ff5c64a054d3de3', 'João Pinheiro Jr.', 'FEJEMG', '27/11/1992', 'Diretora de Projetos', 'RP de Itabira', 'Gerenciamento de Projetos', 1),
(204, 'Laís Vieira de sousa Silva', 'laisvieira.apoio@gmail.cm', '13c77dd880b1704039cc19d952d4272f', 'Apoio Consultoria', 'FEJEMG', '08/10/1993', 'Conselheira da fejemg', 'Rp de Itabira', 'Negócios', 0),
(205, 'Gabriel Silva Araújo', 'gabrielaraujo.apoio@gmail.com', 'a4902dfc9cf2f45ec3b74a13ae896d35', 'Apoio Consultoria', 'FEJEMG', '15/05/1995', 'Nenhum', 'Nenhum', 'Administrativo, Financeiro, Marketing, Negócios e Gestão de Pessoas', 0),
(206, 'Amélia Machado', 'amesmachado@gmail.com', 'e11bb41b9f4d35834519432ff68c0236', 'PJ', 'FEJEMG', '14/04/1994', 'Gerente de RI', 'ENEJ', '-', 1),
(207, 'Lais Harsányi de Aguiar Pinto', 'lais.aguiar@fejemg.org.br', '7f1cc931c70fefe80a77b9ec391a3a9c', 'UCJ', 'FEJEMG', '07/09/1995', 'Assessora de Negócios', 'ENEJ', 'Consultoria em Gestão', 6),
(208, 'Allan Kardec Medeiros da Silva', 'akardec.m@gmail.com', 'f1942cb0b96297ad1bc5a9add596fe7a', 'ACE Jr. - Assessoria e Consultoria Esportiva', 'Nenhuma', '23/01/1995', 'Consultor de Marketing', 'Ainda não participei', 'Marketing\nInfraestrutura', 3),
(209, 'Débora Mota Gimenez', 'debora.verus@gmail.com', '1b694d2a224db36b4de1ae8ca6d428ae', 'Verus - EJ de Consultoria Jurídica', 'Nenhuma', '03/03/1997', 'Assessora de Execução de Projetos', 'Nenhum', 'Empreendedorismo, Direito aplicado e as influências sociais do MEJ (nos membros e nos mercados-alvo).', 1),
(210, 'Júlia Fracetti', 'julia.fracetti@fejemg.org.br', '8f4b78752c4b2a085aef364d6b4cce71', 'Acesso Comunicação Jr', 'FEJEMG', '10/05/1993', 'Assessora de Publicidade', 'Imersão FEJEMG', 'Comunicação\nMarketing\nQualidade\nMídias', 3),
(211, 'Guilherme Chamon', 'guilhermechamon1@gmail.com', 'e2c73ddd7087854a5e239de70fa450e4', 'UP Consultoria Jr', 'FEJEMG', '11/10/1993', 'Coordenador Geral EMEJ 2014', 'ESEJ 2014', 'Presidência', 2),
(212, 'Karoline Morais D'' Assunção', 'karoline.assuncacco@gmail.com', '24c630c5439f9c33e17c0a03d25ff0b3', 'CECCO Consultoria Contábil', 'FEJEMG', '03/05/1993', 'Conselheira Consultiva', 'ENEJ', 'Tudo.', 3),
(213, 'Guilherme de Avelar', 'gavelaroliveira@gmail.com', '131881576e615adc1ffcc15b3c434512', 'CECCO Consultoria Contábil', 'FEJEMG', '20/05/95', 'Diretor Presidente', 'InternEJ', 'Diretorias, conselhos e eventos.', 1),
(214, 'Daniel Sousa', 'danielsousa.otimizajr@gmail.com', 'b31ea2a905bfed665dd51fd368ed226b', 'Otimiza Consultoria Jr', 'UNIJrBA', '01/06/1994', 'Presidente, Assessor de Expansão', 'ENEJ 2014', 'Desenvolvimento, Expansão, Gestão', 1),
(215, 'Gustavo Lopes Pedroso', 'gustavopedrosofjp@gmail.com', '78eaa9f2126eb9310e553840e43bc3d8', 'João Pinheiro Júnior', 'FEJEMG', '19/05/1993', 'Coordenador de Relacionamento Institucional', 'ENEJ 2014', 'Empreendedorismo, empreendedorismo no setor público e programas de desenvolvimento para as empresas juniores.', 1);
INSERT INTO `usuarios` (`codUsuario`, `nomeCompleto`, `email`, `senha`, `ej`, `federacao`, `dataNascimento`, `cargoMej`, `evento`, `areaInteresse`, `tempoMej`) VALUES
(216, 'Igor Silva Gomes', 'isgomes649@gmail.com', 'f4ea36f6bbbe77396b087123d15fe5c4', 'AgroPlan-UFV', 'FEJEMG', '25/01/1996', 'Assessor de Marketing', 'CT', 'Marketing, Comunicação, Divulgação.', 5),
(217, 'Ana Luíza Ribeiro da Silva', 'analuiza-ribeiro@hotmail.com', '210818dcbd9b29b2950af647583d61ac', 'Cade Jr', 'FEJEMG', '20/06/1994', 'Trainee', 'RP Itajubá', 'Estratégia.', 3),
(218, 'felipe santos teixeira', 'felipe9085@yahoo.com.br', '8a7960b032cf1448af5d735b79297d63', 'masci consultoria junior', 'FEJEMG', '15/09/1995', 'trainee', 'primeiro evento', 'financias,negocio,projetos', 1),
(219, 'Ivili Gonzaga Silva', 'iviligonzaga@gmail.com', '629705fd29d25069d719e67e2be98be3', 'Brasil Junior', 'FEJEMG', '12/12/1991', 'Assessora de rede', 'Emej 2014', 'Gestão de pessoas', 2),
(220, 'João Lima', 'joao.lima@campe.com.br', '114fdfefd3d69799f0b6f73ef764d405', 'Campe Consultoria Jr.', 'FEJEMG', '12/04/1994', 'Consultor de Marketing', 'EMEJ', 'Marketing, Estratégia, Modelo de Negócios, Empreender', 4),
(221, 'Ana Luiza Tizzo', 'analuizatizzoo@gmail.com', 'f6ed70e3b7359a64b4ece1fd64ca5368', 'MinasBio Consultoria Ambiental', 'Nenhuma', '28/03/1993', 'Diretora Presidente', 'ENEJ 2014', 'Consultoria Ambiental', 1),
(222, 'Marina Florence', 'marinaflorence@gmail.com', '75fb895d91e4418fba8a2e43ff304b02', 'RH Consultoria Junior - UFMG', 'FEJEMG', '19/08/1992', 'Vice Presidente', 'EMEJ', 'Psicologia, gestão.', 0),
(223, 'Tainá Voltas', 'tainavoltas@acessojr.com', 'cafd549341cf837c7c6dfd958c00c44a', 'Acesso Comunicação Jr', 'FEJEMG', '18/07/1994', 'Diretora de Projetos', 'EMEJ', 'Gestão e processos, MKT, comunicação.', 0),
(224, 'Lucas Pinheiro', 'lucas.oinheiro@campe.com.br', '90c64d3673490aaa030010f2df68518b', 'Campe Consultoria Jr.', 'FEJEMG', '01/08/92', 'Consultor de Marketing', 'EMEJ 2014', 'Marketing, Design Thinkin, Modelo de Negócios, Canvas, Motivação, Startups, Estratégia, Marketing Digital, de Atitude, de Vendas e 3.0, Orientação de organizações para o mercado...', 5),
(225, 'Lucas Pinheiro', 'lucas.pinheiro@campe.com.br', '90c64d3673490aaa030010f2df68518b', 'Campe Consultoria Jr.', 'FEJEMG', '01/08/92', 'Consultor de Marketing', 'EMEJ 2014', 'Marketing, Design Thinkin, Modelo de Negócios, Canvas, Motivação, Startups, Estratégia, Marketing Digital, de Atitude, de Vendas e 3.0, Orientação de organizações para o mercado...', 5),
(226, 'Paula Spagnol da Cunha', 'paulaspagnol@ecofarmajr.com.br', '9ec80af9161e31e7baae257de7d24919', 'UFJF', 'FEJEMG', '30/03/1994', 'Gerente', 'RP- Itabira', 'MEJ', 1),
(227, 'Elisa Nogueira Martins', 'elisamartins@acessojr.com', '129a134eb1e57e2876acefd312506661', 'Acesso Comunicação Jr', 'FEJEMG', '10/07/1993', 'Consultora', 'Emej', 'Publicidade, marketing, mídias digitais.', 1),
(228, 'Carolina Leonel dos Santos Silva', 'carolinaleonel@acessojr.com', 'd733809bd9e8d06d3ecd4dad47587002', 'Acesso Comunicação Jr', 'FEJEMG', '12/04/95', 'Diretora de RH da Acesso Comunicação Jr', 'RP BH', 'Comunicação', 10),
(229, 'Anna Carolina Sodré Evangelista', 'annacarolinasodre@ecofarmajr.com.br', '5fe979b048da0cb11a86a3d07c2c0503', 'Ecofarma Júnior', 'FEJEMG', '26/04/1994', 'Diretora de Projetos', 'EMEJ', 'Projetos, eventos do MEJ.', 0),
(230, 'Naiara Neves de Andrade', 'naiaraneves@acessojr.com', 'd89fa9e1d439cf1dd75f58156b533073', 'Acesso Comunicação Jr', 'FEJEMG', '13/10/1993', 'Consultora', 'RP', 'Jornalismo, Publicidade e Propaganda, Linguas, Pisicologia.', 1),
(231, 'Ana Luísa de Araujo Oliveira', 'analuisa_araujo_@hotmail.com', '77734cec28b3e211d5883fa9e7ac201d', 'Ecofarma Jr.', 'FEJEMG', '10/01/1993', 'Gerente de Marketing Interno', 'Ainda não participei de nenhum evento da FEJE', 'Farmácia, Saúde, Empreendedorismo, Marketing, Finanças e outros', 6),
(232, 'Cynthya Marangon', 'cynthyamarangon@acessojr.com', '51101d65a558448ac712d6990c7b70ab', 'Acesso Comunicação Jr.', 'FEJEMG', '10/06/1996', 'Consultora de RH', 'EMEJ', 'Comunicação', 5),
(233, 'Isabella Paiva e Silva', 'isabella.paiva@live.com', '7a773280c4ad1f34ddedd09a97336367', 'Acesso Comunicação Jr.', 'FEJEMG', '16/08/1994', 'Conselheira Multiplicadora', '-', 'Publicidade e Propaganda, Marketing', 6),
(234, 'Eduardo Junqueira', 'eduardo.junqueira@campe.com.br', '1627e38d0d591bdc84aa23fd2302f531', 'Campe Consultoria Jr.', 'FEJEMG', '13/07/1993', 'Gerente de Projetos', 'EMEJ', 'Finanças, Operações, Empreendedorismo', 1),
(235, 'Pedro Henrique Flores de Barros', 'pedrosaveus@gmail.com', '6679f5eabfdc4e856291067b9533ab45', 'EFICAP', 'FEJEMG', '27/04/1993', 'Conselheiro Multiplicador', 'RP Itabira', 'Todas.', 2),
(236, 'Lígia de Melo Lopes', 'lopesmligia@gmail.com', '0ec620201a195ddcd821d88bb590d0b9', 'MASCI', 'FEJEMG', '25/04/1994', 'consultora', 'EMEJ', 'financeiro e gestão de pessoas', 6),
(237, 'Lucas de Melo da Costa', 'costa.lucasmelo@gmail.com', 'a3afbe1a7dd8d9508b66c1b80a826c52', 'Alimentos Júnior Consultoria', 'FEJEMG', '14/07/1994', 'Diretor Presidente', 'EMEJ 2014', 'Marketing e Presidência', 2),
(238, 'Júlia do Vale Horta', 'juliahorta@acessojr.com', '27d37d4f9bfd3a60aeb22cfc30574706', 'Acesso Comunicação Jr.', 'FEJEMG', '31/03/1994', 'Consultora', 'Dia Mej', 'Publicidade,  marketing, comercial, vendas', 3),
(239, 'Camila Ribeiro Costa', 'camila.ribcosta@gmail.com', 'a182833e2629559bf9794b462352c474', 'UFV Jr. Florestal', 'FEJEMG', '16/02/1994', 'Vice-Presidente', 'ENEJ', 'Presidência;\nEstratégia;\nLiderança', 1),
(240, 'Rodrigo Carneiro de Oliveira', 'rodrigo1044@hotmail.com', 'c26a5fda8fa765e72c90b87f0f97c3bc', 'Ômega Júnior', 'FEJEMG', '02/06/1993', 'Diretor de Projetos', 'RP de Ouro Preto', 'Gerenciamento de Projetos, metodologias de projeto e NBR ISO 9001', 16),
(241, 'Thalita Paula dos Santos', 'thalitasantospp@hotmail.com', '4740a0b5154e3261d18ce300f012d472', 'Ômega Júnior', 'FEJEMG', '11/02/1994', 'Gerente de Qualidade', 'Ainda não participei de nenhum', 'Engenharia Mecânica, Tecnologia, Projetos, Qualidade, Automobilística.', 4),
(242, 'Juliana Siqueira Bueno', 'julianabueno.acpe@gmail.com', '9348ff9456ae42ccebae9157a2c871ed', 'ACPE', 'FEJEMG', '06/01/1995', 'Diretora administrativo financeira', 'EMEJ', 'Áreas econômicas, financeiras, gestão.', 8),
(243, 'Glaucia Soldati Dias', 'glaucia-sd@hotmail.com', '7d5aae1e7921b72dda048de0182d1b69', 'Aspecto Empreendimento Cultural', 'Nenhuma', '27/05/1991', 'Diretora de Projeto', 'Espaço Consultoria do NEJ - Juiz de Fora', 'Gestão de pessoas e empreendedorismo no design', 5),
(244, 'Cheyenne Azevedo Barros', 'chayazevedo91@gmail.com', 'a9a0218a0bf6cc70dd9af381d4a83d91', 'Aspecto Empreendimento Cultural', 'Nenhuma', '04/07/1991', 'Diretora de Marketing', 'Espaço Consultoria', 'Marketing, Comunicação (Publicidade e Propaganda, Jornalismo), Design, Moda.', 5),
(245, 'Higor Fiorino Tolomelli', 'hfio@hotmail.com', 'b81d1b19d6729d4335c226ed2a8e0543', 'ACE Jr. - Acessoria e Consultoria Esportiva', 'FEJEMG', '08/11/1993', 'Consultor de Gestão de Pessoas', 'Não fui em nenhum ainda', 'Gestão de pessoas, Administração e formulação de processo seletivo, Meios de formular ferramentas para dinâmicas em grupo, sistema de ma conduta e advertência, Meios de passar feedback de desempenho, Gestão de negócios, direção de gestão de pessoas e recursos humanos.', 3),
(246, 'Ana Helena Côrtes', 'anahelenacortes96@gmail.com', '0d4b75fcb0ca3e46268fcf37231207d5', 'Masci Consultoria Jr.', 'FEJEMG', '01/01/1996', 'Consultora', 'EMEJ', 'Gestão de Pessoas e Financeiro', 1),
(247, 'Carlos Henrique Junqueira', 'carlos.hjunqueira@gmail.com', '83e08366861c3a098d203bbc2b68a68b', 'Alimentos Júnior Consultoria', 'FEJEMG', '20/10/1994', 'Diretor Vice-Presidente', 'IX InternEJ', 'Todas as áreas.', 12),
(248, 'Marcelo Grandi Lascala', 'Marcelo_lascala4@hotmail.com', '48a4a2f9cf30d44b942e981f0e1e4788', 'Preserva Jr.', 'FEJEMG', '29/07/1992', 'Coordenador Núcleo MEJ', 'EMEJ', 'Todas.', 6),
(249, 'Thalena Oliveira Lopes', 'thalenaoliveira@acessojr.com', '3de1831244ba6b25e54b1ad6eeea708c', 'Acesso Comunicação Jr.', 'FEJEMG', '12/04/1993', 'Coordenadora de Atendimento', 'EMEJ', 'Atendimento e qualidade', 0),
(250, 'Rachel SABIONI', 'rachelcamposabioni@gmail.com', '0d3b33c9cdf789ba9134b64bfb31c2e4', 'Alimentos Júnior Consultoria', 'FEJEMG', '10/08/1991', 'Gerente de Projetos', 'EMEJ 2014', 'Projetos e marketing', 0),
(251, 'Geilson Oliveira Soares Júnior', 'geilson.jr1@gmail.com', 'a841b51ad3a66410c07cf9e8c563e608', 'AgroPlan-UFV', 'FEJEMG', '04/02/1996', 'Assesor de Qualidade', 'IX InterEJ', 'Conselho Multiplicador, Assessor de Alinhamento e Excelência, Diretor de Desenvolvimento.', 8),
(252, 'Mariana Pereira Fonseca', 'maripefonseca@gmail.com', '11ea1cf4f9ed1fd9e94f451963c90365', 'Masci Consultoria Jr.', 'FEJEMG', '17/10/1992', 'Consultora', 'RP', 'Projetos', 1),
(253, 'Gilmara Flávia Araújo', 'gilmaramasci@gmail.com', 'e316bb21c6500c491cd7e60ec00df2cf', 'Masci Consultoria Jr.', 'FEJEMG', '15/06/1989', 'Consultora', 'RP', 'Qualidade', 6),
(254, 'Tiffany Gonçalves', 'rg.tiffany@hotmail.com', '93bafa227464733e7147e7701fd9b038', 'Acesso Comunicação Júnior', 'FEJEMG', '15/02/1993', 'Coordenador', 'EMEJ 2014', 'Comunicação; Publicidade; Marketing; Relações Públicas; Artes; Música; Cinema.', 10),
(255, 'Thiago Quintão Silva', 'thiagoquintao.s@gmail.com', '218964310d1556280da3854dae498a4f', 'Alimentos Júnior Consultoria', 'FEJEMG', '09/09/1992', 'Conselheiro de Orientação', 'EMEJ 2014', 'Minha casa é o marketing, mas meu interesse mesmo é ver como toda a Empresa se integra em torno de um objetivo comum, que é o sucesso dos projetos.', 22),
(256, 'Felippe Nogueira Simões', 'felippesimoes@cpejr.com.br', '5e08539d0a2a1caeaf0a4064d310afff', 'Consultoria e Projetos Elétricos Júnior', 'FEJEMG', '10/01/1995', 'nenhum', 'EMEJ 2014', 'Gestão de projetos, Administrativo Financeiro, Comercial, Marketing, Áreas de Tecnologia', 6),
(257, 'Marcos Paulo de Souza Mattos', 'marcospaulomattos@bol.com.br', '03ff4ce18fd2ddfd9138ff023b62e68c', 'ACE Jr', 'Nenhuma', '07/10/1995', 'Consultor de EJ', 'RP de Itajubá', 'Empreendedorismo, esporte, inovação, etc.', 4),
(258, 'Chrystian Trindade', 'chrystian.conselt@gmail.com', '54a66c8622fa47355bab0e4e65c67fcc', 'CONSELT', 'FEJEMG', '28/01/1994', 'Diretor Jurídico-Financeiro', 'EMEJ 2014', 'Finanças e Jurídico/Administrativa', 10),
(259, 'Alvaro Mares Ribeiro', 'alvaromares@cpejr.com.br', '30900864188f45fe688b792b029263a3', 'CPEJr.', 'FEJEMG', '19/02/1995', 'Representante Cormecial', 'nenhum', 'Negociação e gestão de projetos', 6),
(260, 'Denise de Kásisa Matos', 'denisekassia_matos@hotmail.com', '089d3511fbe594ecfb56fedc1cd12951', 'Consecon Jr.', 'Nenhuma', '16/09/1992', 'Diretora de Projetos', 'EMEJ', 'Projetos, Administrativo e Financeiro', 2),
(261, 'Marcelo Dionisio Ferreira', 'marceloferreira@cpejr.com.br', '040aba2c867404e75da8310d90abe9b2', 'CPE', 'FEJEMG', '23/05/1996', 'Representante Comercial', 'RP Ouro Preto', 'Desenvolvimento de pessoas', 2),
(262, 'Lucas Costa Pinto Fiuza', 'lucasfiuza@cpejr.com.br', '79c31a894dae67443a3c0969dd917ea9', 'CPEJr', 'FEJEMG', '22/04/1996', 'Representante Comercial', 'EMEJ 2014', 'Benchmarking, desenvolvimento de pessoas.', 2),
(263, 'Julia Luisa da Mata', 'juliamata@cpejr.com.br', '554b9cc408ad105eaf2a720a8541715c', 'CPEJr.', 'FEJEMG', '06/03/1996', 'Gerente de Recrutamento e Seleção', 'EMEJ 2014', 'Envolvimento no MEJ.', 2),
(264, 'Henrique Leão da Silveira Rocha', 'henriqueleao@cpejr.com.br', '67b31049dab33999812c8f0bc3be0a67', 'CPEJr.', 'FEJEMG', '05/07/1993', 'Conselheiro Consultivo', 'EMEJ', 'Networking e desenvolvimento de pessoas', 1),
(265, 'Carolina de Araújo Tosetti', 'carolinaatosetti@gmail.com', '406b26300a5e84cafe3c0b6d86ab8fcd', 'Acesso Comunicação Jr', 'FEJEMG', '24/08/1995', 'Diretora de Qualidade', 'EMEJ', 'Comunicação, jornalismo, publicidade e propaganda, design, gestão.', 1),
(266, 'Tatiane de Paula Rodrigues', 'tatyaluap@yahoo.com.br', '46021bd808c39339c9212274d4fe0808', 'ACE Jr', 'Nenhuma', '05/09/1989', 'Diretora de Projetos e Qualidade da ACE', 'RP de BH', 'Qualidade', 9),
(267, 'Vinicius Rocha Lopes', 'darochalopesv@hotmail.com', '1d3e7a633e8a7cdb759ac169d703964c', 'ACE Jr - Assessoria e Consultoria Esportiva', 'Nenhuma', '19/04/1993', 'Presidente', 'ENEJ', 'Liderança, Marketing para eventos.', 8),
(268, 'Horácio Júnior Dias Gomes', 'horaciojr10@hotmail.com', '3e792e8bed5953dde4c350f0cf144c80', 'ACE Jr.', 'Nenhuma', '17/05/1995', 'Consultor de Marketing', 'EMEJ 2014', 'Marketing Esportivo e Gestão de Carreira de jogadores de futebol', 8),
(269, 'Luana Moratori Pires', 'moratori.luana@hotmail.com', '498612f1facb4e30540fca698c359d06', 'Ecofarma', 'FEJEMG', '19/06/1994', 'Gerente juridica', ',', 'Jurídica, administrativa e finaceira.', 6),
(270, 'Aline de Castro Lima', 'alinedclima@hotmail.com', 'ee5b4e5c3b7df3c517540f1751231ac4', 'Arq Jr Projetos e Consultorias', 'Nenhuma', '08/08/1994', 'Diretora Presidente', 'RP em Ouro Preto', 'Arquitetura e Urbanismo', 1),
(271, 'Tales da Silva Mendes', 'taleseco@icloud.com', '6f4c3a68e2c09ba0415405c1eba5d8a5', 'EJ de Biologia - In Bio', 'FEJEMG', '24/12/1991', 'Gerente de Marketing', 'Ainda nenhum', 'Marketing', 3),
(272, 'Eloá Lemos', 'eloalemos@acessojr.com', '691196060b2722be7d8d54bb26b3d862', 'Acesso Comunicação Jr', 'FEJEMG', '31/05/1993', 'Conselheira', 'EMEJ', 'Comunicação, Marketing e Eventos', 1),
(273, 'José Barbosa', 'j.h.barbosa@hotmail.com', 'e2559322855a86df1fb591f88fec2d13', 'Ejel', 'FEJEMG', '27/11/1990', 'Diretor da Qualidade', 'UFSJr', '--', 2),
(274, 'Luís Felipe Veloso de Lima', 'luisveloso@cpejr.com.br', '8d6dffe6fb5fb63ca2db9bd1092022db', 'CPEJr.', 'FEJEMG', '18/07/1995', 'Representante comercial', 'Nenhum', 'Networking, aprendizado, gestão de projetos, administração de empresas.', 6),
(275, 'Bianca Damasceno de Oliveira', 'bianca.damasceno.bd@gmail.com', '60c4b9b656448fb157a3fc02b1cef2a0', 'ACE Jr.', 'Nenhuma', '11/09/1995', 'Diretora de Gestão de Pessoas da ACE Jr', 'Nenhum', 'Gestão de Pessoas e empreendedorismo na área da Educação Física', 8),
(276, 'Livia Araujo Rohr', 'liviarohr@gmail.com', '17641f015d9ff6094c9e613cd2008e5e', 'AgroPlan-UFV', 'FEJEMG', '28/01/1995', 'Assessora de Gestão de Pessoas', 'Nenhum', 'Interesse em participar efetivamente dos eventos do MEJ', 6),
(277, 'Palloma Machado de Matos', 'palloma.machado.matos@gmail.com', '8ffc7e7ccfec71b270eab58387461c43', 'AgroPlan-UFV', 'FEJEMG', '15/04/1993', 'Diretora de Gestão de Pessoas', 'RP Uberlandia', 'Participação nos eventos do MEJ', 2),
(278, 'Amanda Horta Novaes', 'amandanovaes@acessojr.com', '0b31edbe0b077c4418dce7106fc23daa', 'Acesso', 'FEJEMG', '14/11/1993', 'Diretora na EJ', 'EMEJ', 'Comunicação e jornalismo', 11),
(279, 'Natalia Kelmer da Silva', 'nataliakelmer@ecofarmajr.com', 'b6b7cdb0f2082fc5fa0ae64a347fbc08', 'Ecofarma Jr.', 'FEJEMG', '07/04/1992', 'Diretora presidente', 'ENEJ', 'Farmacêuticas, planejamento estrtégico', 1),
(280, 'Gabriella Weiss de Resende', 'gabriellaweiss@acessojr.com', '7224cef9482d34fd7eaf478cfe532b55', 'Acesso Comunicação Jr', 'FEJEMG', '21/10/1996', 'Consultora', '--', 'Comunicação,Marketing, Artes, Empresarial', 3),
(281, 'Rayssa Rodrigues Vitorio', 'rayssarv.inova@gmail.com', 'dbe456da6ca035bc99db0f92c3f8aff3', 'Inova Consultoria Jr', 'FEJEMG', '04/04/1993', 'Diretora de Qualidade', 'emej', 'Qualidade, Relações Públicas', 1),
(282, 'Lívia Honorio', 'liviahonorio@acessojr.com', 'ad57133c7ff0c0a393d3b35d56f5adb2', 'Acesso Comunicação Jr.', 'FEJEMG', '28/05/1992', 'Consultora de Projetos e atendimento', 'EMEJ 2014', 'Comunicação, vendas e projetos', 9),
(283, 'Nathalia Nascimento Pereira', 'nathalianascimento@acessojr.com', '36795ddc1d941a3701d1a444a76cad53', 'Acesso Comunicação Jr.', 'FEJEMG', '15/02/1993', 'Diretora de Marketing e Relações Públicas na ', 'ENEJ 2014', 'Marketing e Relações Públicas', 0),
(284, 'Carla Patrícia da Silva Andrade', 'carlapatricia02@hotmail.com', 'd7bb86195c551db710a2dd6c2e202078', 'Arq Jr Projetos e Consultorias', 'Nenhuma', '02/09/1992', 'Assessora de Projetos', 'RP Core - Ouro Preto', 'Projetos, Núcleo Social', 1),
(285, 'Luíza Bernardes de Matos Marcolino', 'luiza.marcolino@hotmail.com', '9796d951e637fb2ee1862472251dc613', 'CPEJr.', 'FEJEMG', '23/12/1990', 'Diretora de Recursos Humanos', 'ENEJ', 'Empreendedorismo, gestão de pessoas e inovação.', 1),
(286, 'Alexia Saleme Aona de Paula Pereira', 'alexia_aona@hotmail.com', '6131ff14fa3a4b1049206f5396324c6c', 'Ambiental jr.', 'FEJEMG', '31/05/1994', 'Diretora de Qualidade', 'Nunca participei', 'MEG, PEG, Selos de Qualidade e Mapeamento de Processos', 8),
(287, 'Cristiane Melo Alves', 'cris_alves15@hotmail.com', '1cb88c1d88a59452aa28df0b6878fe25', 'Dinâmica Consultoria Júnior', 'FEJEMG', '08/10/1994', 'Consultora de Qualidade', 'UFSJr', 'Qualidade e Gestão de Pessoas', 6),
(288, 'Izabela Eleonora Silva', 'belaeleonora@gmail.com', 'b6e6defd30b9ffd91328eb3ab481439b', 'Projet', 'FEJEMG', '25/02/1992', 'Coordenadora de Inovação e Estratégia', 'EMEJ 2014', 'Troca de informações sobre todas as áreas do MEJ.', 3),
(289, 'Júlia Benzaquen Ferreira', 'juh.benzaquen@gmail.com', '30461f67ba63e8005562a1a7d49fc426', 'Projet', 'FEJEMG', '14/04/1994', 'Diretora de Gestão de Pessoas', 'ENEJ 2014', 'Conhecimento e desenvolvimento nas áreas de Recursos Humanos e consultoria de Engenharia de Produção e', 2),
(290, 'Felippe A. O. B. Patutti', 'felippe.patutti@gmail.com', 'c17086cbbfdfaea565f262c7bb310e6a', 'Projet', 'FEJEMG', '05/07/1995', 'Consultor de Marketing', 'EMEJ', 'Marketing, Inovação, Economia, Segurança.', 8),
(291, 'Matheus Henrique Rodrigues dos Santos', 'matheus.rodrigues@pucconsultoriajr.com.br', '7fc28e8e666f665b7a52b8737ca235da', 'PUC Consultoria Jr', 'FEJEMG', '27/08/1994', 'Conselheiro Multiplicador', 'Reunião Presencial - Itajubá', 'Comercial, Gestão Empresarial', 7),
(292, 'Mirela Rezende Silva', 'mirela.rezende@yahoo.com.br', '8a72054804d2567ac3946fe439ce33ea', 'Granbery Consultoria', 'FEJEMG', '21/07/1993', 'Diretora de Marketing', 'RP de agosto', 'Treinamentos.', 1),
(293, 'Carlos Eduardo silva', 'cadu4005@hotmail.com', 'd14d07b2b4239615460be89ed6ce47bf', 'ACE jr', 'FEJEMG', '10/05/1991', 'Diretor Marketing', 'EMEJ', 'Gestão, Planejamento estratégico e formas de conseguir patrocínios.', 9),
(294, 'Robson Simões Costa', 'costarobson20@gmail.com', 'b7b8035f0d472ab1e3f06a679daf925d', 'Ômega Júnior', 'FEJEMG', '25/06/1995', 'Gerente de Gestão de PEssoas', 'RP de Itabira', 'Gestão de pessoas, desenvolver pessoas, qualidade, gerenciamento de projetos, estágio', 2),
(295, 'Heitor Henrique Lopes Prucoli', 'heitorlopess@hotmail.com', '2cfed9e64a9b6a4d8572455b5c2a1a1a', 'ArqJr', 'Nenhuma', '11/06/1994', 'Diretor de Marketing', 'RP de Ouro Preto', 'Marketing,', 1),
(296, 'Gabriel Pereira Gonçalves', 'gabrielpereiragoncalves@gmail.com', '2b258292c48744c47fe8d0abb4c4070f', 'PUC ADM', 'FEJEMG', '15/03/1988', 'Consultor de Recursos Humanos', 'RP Itabira', 'Recursos Humanos', 7),
(297, 'Paulo Felipe Filardi Mendonça', 'paulofilardi@cpejr.com.br', '001e9f327ba693b37d6e2d74ec460afc', 'CPEJr.', 'FEJEMG', '28/10/1995', 'Assessor de Marketing', 'EMEJ 2014', 'Todas', 6),
(298, 'Fernanda Neves', 'fernandaneves@ecofarmajr.com.br', 'a0bcb6079e6d9b5c165b89aecf508f1b', 'Ecofarma', 'FEJEMG', '17/04/1993', 'Vice', 'RP', '...', 2),
(299, 'Felipe Prates da Costa', 'frejatcosta@hotmail.com', 'f77f50468f37f37b0a2157352046a540', 'CPE Jr.', 'FEJEMG', '25/07/1992', 'Assessor de Projetos', 'ENEJ', 'Tenho interesse na área de Projetos e na área Comercial', 6),
(300, 'André Luiz Novelino', 'andrenovelino@gmail.com', '29c5398aaddf69bb5dcfa344e9e02077', 'Acesso Comunicação Jr', 'FEJEMG', '07/03/1993', 'Consultor', 'EMEJ', 'Comunicação, marketing e estratégia.', 3),
(301, 'Rafhaela Tostes Fernandes', 'rafhaelatostes@ecofarmajr.com.br', '052a984c400b122ef567d3f352e3b2af', 'Ecofarma Júnior', 'FEJEMG', '26/07/1995', 'Gerente Financeira', 'RP', 'Planejamento Financeiro, Negócios e Motivação', 6),
(302, 'ALESSANDRA BARBOSA OLIVEIRA DOS SANTOS PASSOS', 'alessandrapassos@cpejr.com.br', 'd0627cd30628ca1b9a4683a7573031cd', 'CPEJr.', 'FEJEMG', '28/02/1994', 'Diretora Comercial', 'ENEJ', 'Marketing, vendas, liderança', 1),
(303, 'Vinícius Antônio Soares Ferreira', 'viniciussoares@cpejr.com.br', '22505c945ba0d4c64b63af1900437177', 'CPEJr', 'FEJEMG', '28/01/1994', 'Representante Comercial', 'ENEJ', 'Marketing, Negociação, Projetos, Liderança.', 1),
(304, 'Filipe Almeida Vilas Boas', 'filipeavb@gmail.com', 'd8a47c38debabded7df50f24324b7abd', 'CPEJr.', 'FEJEMG', '02/07/1994', 'conselheiro', 'EMEJ 2014', 'Empreendedorismo, Negócios Sociais, Leis de Incentivo, Gestão da Inovação, PNL, Retórica, Oratória, Relações Internacionais, Liderança e Criatividade.', 2),
(305, 'Gustavo Henriques Neto Salgado', 'gustavohenriques@cpejr.com.br', '667f7f0a5178de27054d77c28a88cb12', 'Consultoria e Projetos Elétricos Júnior', 'FEJEMG', '15/05/1995', 'Assessor de Qualidade', 'Nenhum', 'Engenharias\nGestão\nTI', 1),
(306, 'Lilia Maria Teixeira da Rocha', 'gprumos@gmail.com', '35eb8561b61b25eee9cb0b431f4ed173', 'Rumos Empresa Junior de Turismo', 'Nenhuma', '23/09/1994', 'membro', 'RP de Itabira', 'Marketing e Gestão de Pessoas', 8),
(307, 'Camila Guedes Novelino', 'camilinhanovelino@hotmail.com', '50bb493c5cc9f218b6e24662c73aac8b', 'Rumos', 'Nenhuma', '16/10/1992', 'Membro', 'RP Itabira', 'Administrativo- financeiro', 5),
(308, 'Welton de Abreu Henriques', 'weltonah@hotmail.com', '7a713ae50f74015cd5c7a84fdba15325', 'Code', 'FEJEMG', '24/06/1994', 'diretor de projeto', '0', 'conhecimento do movimento e aprendizado', 5),
(309, 'João Pedro Carvalho dos Reis', 'joaopedro@codejr.com.br', '0af73f7000da1148161e7b2be6255a4f', 'Code', 'FEJEMG', '25/07/1994', 'Empresário Junior', 'RP Itajubá', 'Empreendedorismo, inovação, MEJ.', 10),
(310, 'Bruno Mateus Peres e Silva', 'brunomateuspsilva@ig.com.br', 'f9c2223644aeeb491626f2327612355d', 'Rumos Empresa júnior de Turismo', 'Nenhuma', '28/06/1995', 'Empresário júnior', 'nenhum', 'Gestão de pessoas, marketing e departamento financeiro.', 1),
(311, 'Willder Thales Ramalho Canabrava', 'willderthales_10@hotmail.com', '27764a1089be741dad89131dc2c22d99', 'Rumos Empresa Júnior de Turismo', 'Nenhuma', '15/11/1993', 'diretor de Projetos e Qualidade', 'RP de Itajubá', 'Gestão', 8),
(312, 'Luciana Das Neves Alves', 'lulunevesalves@yahoo.com.br', '0585023eb6a7c2909231d97787f9ff6f', 'Rumos Empresa Júnior de Turismo', 'Nenhuma', '17/11/1992', 'Membro', 'Não participei de nenhum ainda', 'Gestão', 1),
(313, 'Augusto Gomes Nogueira', 'augustognogueira@gmail.com', '4458f20c700b2f717255d865df0e358f', 'Acesso Comunicação Jr', 'FEJEMG', '14/06/1993', 'Pós-Júnior', 'RP Viçosa', 'Comunicação, Qualidade, Marketing, Processos, RH.', 1),
(314, 'Alessandra Fernandes de Miranda', 'alessandrafmiranda07@gmail.com', 'a92cec1b603cab32bb7b1c98a0dcdc4b', 'CECCO Consultoria Contábil', 'FEJEMG', '07/04/1992', 'Conselheira Consultiva', 'ENEJ 2014', 'Finanças; Administrativo; Projetos.', 20),
(315, 'Igor Magalhães Marcelino', 'magalhaess.igor@gmail.com', '114038cff88f904a3ad5b5b1fdeb6ed4', 'Cace Consultoria Jr.', 'FEJEMG', '01/05/1993', 'Gerente de RI', 'ENEJ', 'Reunião Presencial', 10),
(316, 'Amanda Cássia Soares Ferreira', 'amandaferreira@farmaciajr.com.br', '089406e288fa796185495263d0aefa6e', 'Farmácia Jr. Consultoria UFMG', 'FEJEMG', '28/10/1990', 'Diretora de Marketing', 'EMEJ 2014', '-', 24),
(317, 'Diego Peres Lourenço', 'diegogconsultoria@yahoo.com.br', '7e4f805a47ab33b5778d0d2837515485', 'Granbery Consultoria', 'FEJEMG', '29/11/1991', 'Diretor de Recursos Humanos', 'RP de João Monlevade', 'Várias', 1),
(318, 'Simara Laura Salgado', 'simara_laura@hotmail.com', '5beaf2f113792334173d7010bc8714ba', 'Granbery Consultoria', 'FEJEMG', '25/05/1996', 'Trainee', 'Não participei', 'Sistemas de Informação', 0),
(319, 'Giovanni Souza do Carmo', 'giovannicarmo96@gmail.com', '7aafde56cd58e66213aed18891a6b323', 'Granbery Consultoria', 'FEJEMG', '12/03/1996', 'Colaborador', 'Não participei', 'Sistemas de Informação', 0),
(320, 'Jéssica de Souza', 'jehh_sg@hotmail.com', '88bed811314e608b97f261ef6e8aaf68', 'Granbery Consultoria', 'FEJEMG', '14/11/1990', 'Treinee', 'nenhum', 'Sistema de Informação', 0),
(321, 'ALLAN.HENRIQUE MOREIRA BRANDL', 'ALLAN.BRANDL@YAHOO.COM.BR', '977328a8b38f8dda61f60060a14e7e4b', 'GRANBERY CONSULTORIA', 'FEJEMG', '28/11/1981', 'DIRETOR PRESIDENTE', 'JUIZ DE FORA _ UFJF', 'SISTEMA DE INFORMAÇÃO E PROJETOS DE SISTEMAS DE INFORMAÇÃO', 0),
(322, 'Denis Faria Matos', 'denisfariamatos@yahoo.com.br', '3c9e94a261e0130ebfe403e1640da011', 'Granbery Consultoria', 'FEJEMG', '13/05/1991', 'Diretor Financeiro', 'Nenhum', 'Finanças.', 0),
(323, 'antonio mata', 'toninjf1@gmail.com', '6d12f01e16845132df6cd9ca51867b5b', 'granbery consultoria', 'FEJEMG', '15/09/1993', 'direto sistemas de informaçoes', 'nenhum', 'sistemas de informações', 0),
(324, 'Laura Lage', 'lauraguimaraeslage@hotmail.com', '4a9852c911a494a87e29a45deeffdb0f', 'UP Consultoria Jr.', 'FEJEMG', '22/09/1990', 'Pós Junior', 'EMEJ', 'Gestão de Pessoas', 1),
(325, 'wellington da silva gomes', 'wellington.sgomes@yahoo.com.br', 'aca4c096d539eff5e965bdfd47a9af4b', 'Granbery Consultoria', 'FEJEMG', '29/03/1978', 'Trainee', 'Nenhum', 'Área de sistema de informação desenvolvimento de software', 0),
(326, 'Loren Giffoni Borges Fontes', 'loren.conselt@gmail.com', '29d33539da0ce9d5bb0fc507ce06ef71', 'Conselt', 'FEJEMG', '24/10/1993', 'Membro da Diretoria de Marketing', 'EMEJ 2014', 'Comunicação, Marketing, Gestão.', 7),
(327, 'Aline Pires de Carvalho', 'alinecarvalho300@gmail.com', '20dcbfd7aa3669baa830bde4c28bb1b9', 'Granbery Consultoria', 'FEJEMG', '29/11/1995', 'Treinee', 'nenhum', 'Finanças, Recursos Humanos, marketing', 0),
(328, 'Jose Adonai Arruda dos Santos Junior', 'joseadonai@cpejr.com.br', '85284dcd16e99cac10fd6f83d995715b', 'CPEJr', 'FEJEMG', '13/05/1994', 'Diretor de EJ e assessor da BJ', 'ENEJ', 'Administrativo financeiro, Comercial, Qualidade e Institucional.', 1),
(329, 'Talita Vieira Delgado', 'Litavdjf@gmail.com', 'f2bcd8600a768354802a779b6cf82329', 'Solução Consultoria', 'Nenhuma', '15/08/1987', 'Vice-presidente', 'EMEJ', 'Será a minha primeira participação, a minha preferência seria para área financeira e para a gestão de Vice presidente, acredito que qualquer atividade será muito bem aproveitada.', 1),
(330, 'Pedro Henriques Costa Ramos', 'pedrohenriques@cpejr.com.br', 'ef28fafe0aef1bbc9c52dcd72e424f5a', 'CPEJr.', 'FEJEMG', '22/07/1994', 'Presidente', 'ENEJ', 'Benchmarking, socialização.', 9),
(331, 'Robert William Rodrigues de Souza', 'robert.rodriguesjf@gmail.com', '606857aa530d52f4180934ca6e064d89', 'Solução Consultoria', 'Nenhuma', '28/01/1991', 'Diretor de Qualidade', 'SEMEX', 'Gestão de Pessoas; Marketing; Qualidade; Projetos; Financeiro.', 1),
(332, 'Bruna Brum', 'brunabrumadm@gmail.com', '36033583a41a2856ac28edde1cb72961', 'Granbery Consultoria', 'FEJEMG', '05/02/1992', 'Diretora de Projetos', 'nenhum', 'Projetos e Financeiro', 0),
(333, 'Thais de Paula Rezende', 'thaisdepaularezende@yahoo.com.br', 'd3bea725d401cb03b913e0971616a9ee', 'Granbery consultoria', 'FEJEMG', '01/09/2014', 'Trainee', 'Nenhum', 'Marketing,financeiro', 0),
(334, 'Gracilene Xavier de Paula', 'gracilene_metal@hotmail.com', '4906d77fbc07bf67bfad870b0d384da9', 'Arq Jr', 'Nenhuma', '30/07/1994', 'Trainee', 'não participei de nenhum ainda', 'Projetos sustentáveis, patologias das construções, arquitetura e urbanismo.', 1),
(335, 'Nayara Fontes', 'nayara.fontesb@gmail.com', '3c3fafa50deb0a41c8b7bfb055ca8dea', 'Alimentos Júnior Consultoria', 'FEJEMG', '22/10/1991', 'Diretora de Qualidade', 'EMEJ', 'Gestão por processos, Qualidade total, Gestão de pessoas e Projetos Externos', 1),
(336, 'Pâmela Gonçalves de Carvalho', 'pamela.carvalho@engenharia.ufjf.br', 'bb23d83507d0c0f0da4740009b63ee50', 'Solução Consultoria', 'Nenhuma', '20/05/1987', 'consultor', 'curso de conversação', 'Gestão de qualidade, administração, controle de produção,...', 7),
(337, 'Caio Gustavo Tremolet Bracarense Alves de Car', 'caio.tremolet@gmail.com', '669ffc150d1f875819183addfc842cab', 'Solução Consultoria', 'Nenhuma', '02/04/1991', 'consultor', 'curso de conversação', 'Gestão em geral, projeções, projetos, controle de produção,...', 7),
(338, 'Thais Tiso Lobato', 'thaistiso@yahoo.com.br', 'e10adc3949ba59abbe56e057f20f883e', 'Projet', 'FEJEMG', '01/03/1994', 'Assessora de qualidade', 'RP em Ouro Preto', 'Áreas relacionadas a qualidade como mapeamento de processos, Meg,peg..', 1),
(339, 'Suélen de Oliveira Rezende', 'suelenrezende95@hotmail.com', 'aed4b5a5b3f29013aade40aac1ce1770', 'Ecofarma Jr.', 'FEJEMG', '21/02/1995', 'Trainee', 'Nenhum', 'Saúde; Empreendedorismo.', 2),
(340, 'Lyssane Karla Dutra Lopes', 'lyssane.lopes@gmail.com', 'e7198c3090d0d5a28974942cbda7d300', 'Ecofarma Jr.', 'FEJEMG', '05/08/1992', 'conselheira da EJ', 'RP- Ouro Preto', 'FEJEMG', 1),
(341, 'Renan Rezende Mathias', 'renanrezendemathias@hotmail.com', '5c03049e2440f47400ad467664339170', 'Masci Consultoria Jr.', 'FEJEMG', '21/08/1996', 'Trainee', 'RP', 'Financeira', 6),
(342, 'Geovana Cássia Mendes de Oliveira', 'geovanamendescassia@gmail.com', '1146842869f25e09e6b503b7d1ad74b9', 'Masci Consultoria Jr.', 'FEJEMG', '30/05/1988', 'Trainee', 'RP', 'Financeira e Qualidade', 6),
(343, 'Thomás Santos Farage do Nascimento', 'thomasfarage@hotmail.com', '8ce385891442aafcc84e0cf96686219e', 'Masci Consultoria Jr.', 'FEJEMG', '11/02/1994', 'Consultor', 'RP', 'Marketing', 1),
(344, 'Bruno Carvalho de Arruda', 'brunoejel@gmail.com', 'ec36a600c21fe6bf8f15f9c6bba6ced0', 'Ejel', 'FEJEMG', '13/09/1990', 'Diretor de Gestão de Pessoas', 'UFSJr.', 'Gestão de Pessoas', 1),
(345, 'Júlia do Vale Horta', 'juliavhorta@hotmail.com', '27d37d4f9bfd3a60aeb22cfc30574706', 'Acesso Comunicação Jr.', 'FEJEMG', '31/03/1994', 'Coordenadora', 'Dia MEJ', 'Comunicação empresarial, marketing, comercial', 0),
(346, 'Pâmalla Jéssika Gonçalves', 'pamallagoncalves@gmail.com', 'e4431783fe16b8c2e33af3e3cad381f7', 'MinasBio', 'Nenhuma', '07/07/1993', 'Diretora Adm-Fin', 'ENEJ', 'Consultoria Ambiental', 6),
(347, 'Clarissa Caldeira de Aguiar', 'clarissa_caldeira@hotmail.com', '9bea08b9834d4ea14b83eb31a19fcf45', 'Arqjr Projetos e Consultorias', 'Nenhuma', '06/05/1993', 'Assessora de Marketing', 'RP de Ouro Preto', 'Arquitetura e Urbanismo', 5),
(348, 'Marcela Silva Barbosa', 'marcela280297@hotmail.com', 'f13c58cd3a587d7995463375a528dd4b', 'MinasBio', 'Nenhuma', '28/02/1997', 'membro projetos internos', 'RP Itabira', 'Consultoria Ambiental', 6),
(349, 'Liliana Batista P. Silveira', 'liliana.sileira@outlook.com', '22113d5561c167c117d38d6a2fbacf0b', 'MinasBio Consultoria Ambiental', 'FEJEMG', '29/04/1992', 'Diretora de Recursos Humanos', 'RP Uber', 'Consultoria Ambiental', 1),
(350, 'Tamara Regina da Silva', 'thamarajf@hotmail.com', '0773a5886b61e78899bf58ca180e178d', 'Granbery Consultoria', 'FEJEMG', '24/08/1990', 'Colaboradora de Marketing', 'Viçiosa', 'Marketing', 2),
(351, 'Thaís de Fátima Cerqueira de Souza', 'thaiscerqueira05@gmail.com', '7d417d6cb25973aa2b71d1a374a2309c', 'Rumos Empresa Júnior de Turismo', 'Nenhuma', '10/05/1993', 'Diretora do Marketing', 'RP de Itabira', 'Marketing', 9),
(352, 'Samantha Xavier Alvim', 'samanthaxavier@ecofarmajr.com.br', '797128b78406478d40a6e680a2f3744d', 'Ecofarma Jr', 'FEJEMG', '07/06/1993', 'Gerente de Negócios', 'nenhum', 'Negócios e Projetos', 1),
(353, 'Márcia Lucas Araújo', 'marciaa_lucas@hotmail.com', '08dfbae1df1bc9f3c77a181d12158e56', 'Ecofarma Jr.', 'FEJEMG', '04/10/1990', 'Gerente de Projetos', 'RP Ouro Preto', 'Projetos, Qualidade, Negócios', 1),
(354, 'Vanessa do Vale Machado', 'vanessamachado@ecofarmajr.com.br', '1c7cd1c7138d844466fd02734e6bfec0', 'Ecofarma Jr.', 'FEJEMG', '26/10/1990', 'Diretora de Garantia de Qualidade', 'não participei de evento', 'Qualidade.', 1),
(355, 'Gabriela Gomes oliveira', 'bigomesoliveira@gmail.com', 'adaba8f26340ab47f5ceb58cf799fe21', 'Ejel Consultoria e Projetos Elétricos Jr.', 'FEJEMG', '29/04/1993', 'Assessora da Qualidade', 'ENEJ', 'Engenharia Elétrica, vice-presidência, qualidade', 1),
(356, 'Pamela Lorrana Barroso', 'pamelabarroso@ymail.com', '7403bc7ca85e13977e27b07ff82c38e2', 'Ejel', 'FEJEMG', '04/09/1994', 'trainne', '-', 'Administrativo financeiro e assessoria da qualidade.', 0),
(357, 'ANA PAULA FARIA CAMPOS', 'anapaulafariacampos275@gmail.com', 'e99a18c428cb38d5f260853678922e03', 'EJEL', 'FEJEMG', '01/09/1995', 'TRAINEE', '-', 'Assessoria de qualidade e administrativo financeiro.', 0),
(358, 'Marco Túlio Barros', 'marcotulio.mb@gmail.com', '2f5285d1d01c8b097aa3cd4a8a340fb0', 'UP Consultoria Jr.', 'FEJEMG', '10/11/1993', 'Diretor de Gestão de Pessoas', 'ENEJ 2014', 'Eventos.', 2),
(359, 'Jezrrel Toshio Imai', 'ijezrreltoshio@gmail.com', '105b74d7090b6cd2c29550004b9c645d', 'Ejel', 'FEJEMG', '10/12/1994', 'Assessor de P&D', 'UFSJr.', 'Projetos e Qualidade', 1),
(360, 'Gabriel Contini', 'gabrielcontini.senior@gmail.com', 'cbe8dda25dd428be41440e2e15c03310', 'Sênior Consultoria Ambiental', 'FEJEMG', '01/03/1995', 'Assessor de Marketing e Comunicação', '.', 'Marketing', 6),
(361, 'Tomaz Germini de Araujo Sad', 'tomaz.germini@campe.com.br', 'e10adc3949ba59abbe56e057f20f883e', 'Campe', 'FEJEMG', '05/05/1995', 'Gerente de Projetos', 'EMEJ', 'Gestão, meio empresarial e startups.', 5),
(362, 'Thais Medeiros Martins', 'thais.medeiros@campe.com.br', 'c26ee8ad5abce5e64392ffce54eb978d', 'Campe Consultoria Jr', 'FEJEMG', '18/09/1993', 'Gerente de Projetos', 'RP Ouro Preto', 'Qualidade, Projetos.', 1),
(363, 'Alexandre Avelar Santos', 'alexandrejf.avelar@gmail.com', '88accfe0bd07a30b08f4dea8f6db2f8c', 'MASCI Consultoria Júnior', 'FEJEMG', '07/02/1995', 'Nenhum', 'Nenhum', 'Financeira e projetos.', 1),
(364, 'Karoline Oliveira Castro', 'karoline.castro@campe.com.br', '823789b78b909110b9da5cfc5dc39bf0', 'Campe Consultoria Júnior', 'FEJEMG', '11/07/1994', 'Consultora da Marketing', 'Dia MEJ', 'Marketing, Gestão de Pessoas e Metodologia de Projetos.', 5),
(365, 'Ana Carolina D''Almeida Francisquini', 'ana.francisquini@campe.com.br', 'b7db784a041ad9e6b0a5598f1ba7f7c8', 'Campe', 'FEJEMG', '05/05/95', 'Consultora de Gestão de Pessoas', 'EMEJ', 'Gestão de pessoas, metodologia de projetos, marketing, desenvolvimento, MEJ', 5),
(366, 'Gicele Silva Duarte', 'giceleduarte.senior@gmail.com', '1aac6bdde6545f9be9af55610668c665', 'Sênior Consultoria Ambiental', 'FEJEMG', '26/01/1992', 'Conselheira', 'EmeJ', 'Departamento de Qualidade, curso de counting.', 1),
(367, 'Thaíza Carla de Almeida', 'thaizatur@gmail.com', '35e7e242bfb0494b3c7537d2c422230e', 'Rumos', 'FEJEMG', '03/04/1992', 'Pós Jr', 'Emej 2012', 'Marketing, Finanças', 3),
(368, 'Roberta Alvim Garcia', 'robertaalvim@ecofarmajr.com.br', '0af1eab261c45af62e796cda92f460eb', 'Ecofarma Jr.', 'FEJEMG', '05/08/1991', 'Diretora do Departamento de Gestão de Pessoas', 'nenhum', 'Recursos humanos', 1),
(369, 'Gabriela de Castro Almeida', 'gabriela.castro@engenharia.ufjf.br', '04f66d030e22b3820ef7ab7bc4d19f87', 'Impacto Jr', 'Nenhuma', '14/11/1992', '-', '-', 'Qualidade', 0),
(370, 'Marcos Vinicius Salomão Zanette', 'marcos.zanette@engenharia.ufjf.br', '8cfa32227c3d01e0b3b71c62446fb764', 'Impacto', 'FEJEMG', '11/11/1992', 'Gerente de Qualidade Impacto Jr', 'Nenhum', 'Gestão, Qualidade, Normas', 4),
(371, 'Carine Prá de Carvalho', 'carinepra@cpejr.com.br', 'c7f72ffe7608f47dbb16cd7fd40fc473', 'CPEJr.', 'FEJEMG', '06/08/1993', 'Representante Comercial', 'EMEJ', 'Comercial e Projetos', 10),
(372, 'Vitória Frango de Souza', 'vitoria@maisconsultoria.com.br', '978ab1f15503cad52cfc13e1c94afa73', 'Mais Consultoria Jr.', 'FEJEMG', '05/05/1994', 'Analista Administrativa Financeira', 'EMEJ', 'Financeiro', 4),
(373, 'Cinara Corrêa Cunha', 'cinara@maisconsultoria.com.br', '4b20f5dcfabe8d92fe6b75c275fb58a2', 'Mais Consultoria Jr', 'FEJEMG', '25/01/1992', 'Analista Gerência de Vendas', 'Nenhum', 'Projetos', 6),
(374, 'Lilia Maria Teixeira da Rocha', 'rumos.ufjf.tur@gmail.com', '8a933ff1caa3b4d8cbebb3f559585e77', 'Rumos Empresa Junior de Turismo', 'Nenhuma', '23/09/1994', 'Empresário Junior', 'RP de Itabira', 'Marketing e Gestão de Pessoas', 10),
(375, 'Isabela Carvalho Gouveia', 'isabela.gouveia@maisconsultoria.com.br', '2d9cf12f2bf392a7d849422183414997', 'Mais Consultoria Jr.', 'FEJEMG', '24/02/1995', 'Analista de Gestão de Pessoas', 'Nenhum', 'Engenharia de Produção', 6),
(376, 'Thiago de Oliveira Costa', 'thiagocosta.masci@gmail.com', 'e10adc3949ba59abbe56e057f20f883e', 'Masci Consultoria Jr.', 'FEJEMG', '02/01/1995', 'trainee', 'RP', 'Qualidade e Projetos', 6),
(377, 'Andressa de Andrade Vieira', 'aandradevieira@gmail.com', 'e2f209ed372da1b6adde73318b426ad5', 'SEC Jr. Consultoria', 'FEJEMG', '08/07/1993', 'Diretora de Desenvolvimento', 'EMEJ', 'Qualidade e estratégia.', 2),
(378, 'SABRINA OLIVEIRA LIMA', 'sabrina@maisconsultoria.com.br', '67eca91e4127bdbc268631ad948753e4', 'Mais Consultoria Jr.', 'FEJEMG', '15/10/1994', 'Gerente de Projetos', 'RP', 'Gerenciamento de Projetos, Administrativo-Financeiro.', 10),
(379, 'Talita Tomaz', 'talita@maisconsultoria.com.br', '2466cc1f4e5446effb7a9250de957141', 'Mais Consultoria Jr.', 'FEJEMG', '16/06/1992', 'Gerente de Conteúdo', 'RP De BH', 'Gosto muito do marketing e também de Gerenciamento de projetos.', 10),
(380, 'IAGO MAZOCHI ABREU CARVALHO', 'IAGO@MAISCONSULTORIA.COM.BR', '3889f71558b75a9bd1091e528018baa5', 'MAIS CONSULTORIA', 'FEJEMG', '24/02/1993', 'Analista', 'ENEJ', 'Vendas, Estratégia', 6),
(381, 'Vinícius Medeiros Gomes', 'vinicius@maisconsultoria.com.br', 'cc69fcae909aae7ad61ae519ede10369', 'Mais Consultoria Júnior', 'FEJEMG', '23/11/1993', 'Acessor', 'Encontra Nacional de Empresa Júnior', 'Gestão de Pessoas, Comercial,Financeiro e Marketing', 6),
(382, 'Gabriel Jabour Bellei', 'gabrie@maisconsultoria.com.br', 'be87e9e8f404661d5d0fb4266a2c747c', 'Mais Consultoria Jr', 'Nenhuma', '23/02/1995', 'Empresário Jr.', 'nenhum', 'produção', 4),
(383, 'Johnnatan Pessoa Carpanez David', 'johnnatan.carpanez@engenharia.ufjf.br', 'bda4c831c3019cce0d34ddcd8093513c', 'Impacto Jr', 'Nenhuma', '08/09/1993', 'Vice-presidente Impacto Jr.', 'Nenhum', 'Gestão de pessoas e projetos e planejamento estratégico', 1),
(384, 'Adriano Ansaloni Linhares Soares', 'adrianoansaloni@ig.com.br', '59d51cfe3517e6480952c021c237989f', 'PJ Consultoria & Assessoria', 'FEJEMG', '09/09/1992', 'n/a', 'EMEJ', 'Empreendedorismo', 3),
(385, 'Mariana Gonçalves Jales', 'mariana.jales03@gmail.com', 'e4a8c299c3cfe1095e31ec82e4d09498', 'Projet', 'FEJEMG', '03/09/1994', 'Consultora de Gestão de Pessoas', 'EMEJ', 'Ciências Exatas (Engenharia de Produção)', 6),
(386, 'Daiane Gomes Pereira', 'daiane@maisconsultoria.com.br', '5ad8590412c716125c16234f67479a27', 'Mais Consultoria Jr', 'FEJEMG', '09/08/1994', 'Gerente de Projetos', 'RP de Ouro Preto', 'Gerenciamento de Projetos', 1),
(387, 'Thalles Carvalho da Fonseca', 'thallescfonseca@gmail.com', '123b87ea7d4a47de58c7b8e0de64cd55', 'AgroPlan-UFV', 'FEJEMG', '16/12/1991', 'Assessor de RSE', 'Reunião Presencial Itajubá', 'Gestão de Pessoas; Responsabilidade Social Empresarial', 7),
(388, 'NÚBIA MENDES PARREIRAS', 'nubiamendes93@gmail.com', '05eb4e6e383bcf5f952aad0c2243eefe', 'MASCI', 'FEJEMG', '22/03/2014', 'Diretora de Qualidade na MASCI', 'RP Ouro Preto', 'QUALIDADE', 1),
(389, 'Fernanda Schmidt', 'fernandaschmidt11@gmail.com', '0c0873b52bf4655e5017bf6dfd09f67c', 'MASCI Consultoria Jr.', 'FEJEMG', '20/03/1995', 'Consultora', 'RP Ouro Preto', 'Recursos Humanos', 9),
(390, 'Luriani Vaz Ferreira', 'lurianiferreira@gmail.com', 'df2123d10aea5d1b7145853a1044ca1a', 'SEC Jr. Consultoria', 'FEJEMG', '28/06/1993', 'Diretora Presidente', 'ENEJ', 'Presidência e Gestão de Pessoas', 2),
(391, 'Jéssica Ferreira', 'jessica.f.ferreira@ufv.com.br', '44cd50a7374b3d4f2af9a1f5e2064e22', 'Ambiental Jr', 'FEJEMG', '03/05/1995', 'Gerente de Qualidade', '-', 'Interesses em geral, mas em maior força por MEG, planejamento estratégico e afins.', 0),
(392, 'Victor Trombini do Patrocinio', 'victor@maisconsultoria.com.br', '9a4df61e3af43db28cf928eb06bedd12', 'Mais Consultoria Jr', 'FEJEMG', '19/08/1994', 'Analista Administrativo Financeiro', 'Ainda não participei', 'Administrativa Financeira, Estratégica e  Desenvolvimento.', 3),
(393, 'Eduardo Avelar Santos', 'duds_avelar@hotmail.com', '1369a446ff2c9570991e4cc3398b4719', 'MASCI', 'FEJEMG', '12/12/1992', '-', '-', 'Negócios, Financeira', 13),
(394, 'Lucas de Barros Petrosino Menta', 'menta_jf@hotmail.com', 'd914a0f0df2bc0b9b653167c2a7a31fc', 'Machado Sobrinho Consultoria Integrada (MASCI', 'FEJEMG', '24/05/1994', 'Consultor de Negocios', 'Rp de Ouro Preto', 'Negócios, Marketing, Financeira', 7),
(395, 'Laura Chediak Trevisani', 'laurachediak@acessojr.com', '79e10c307a069a6e00d62eaa9fb80b3e', 'Acesso Comunicação Jr', 'FEJEMG', '26/07/1992', 'Coordenadora de Criação e Consultora Departam', 'EMEJ 2014', 'Comunicação', 10),
(396, 'ANNA CLARA FARIA CARNIVALI MANGANELLI', 'annaclaracarnivali@gmail.com', 'fd1ec800997490c43cf66e82831e6f6d', 'MASCI Consultoria Júnior', 'FEJEMG', '12/09/1995', 'Consultora de Gestão de Pessoas', 'Nenhum', 'Gestão de Pessoas e Projetos.', 7),
(397, 'THIAGO RODRIGUES DOS REIS', 'rodriguesrthiago@gmail.com', '28ef15031c561c0211aa2d5af125822e', 'MASCI Consultoria Júnior', 'FEJEMG', '27/03/1993', 'TRAINEE', 'NENHUM', 'NEGÓCIOS E FINANCEIRO', 1),
(398, 'Camila do Nascimento Nunes', 'camila.nunes72@gmail.com', '627dba84d4b444da8e1ccdeb5e62b7ad', 'Cace Consultoria Jr.', 'FEJEMG', '27/11/1992', 'Gerente de Treinamento e Desenvolvimento', 'EMEJ', 'Gestão de Pessoas\nGestão de Estrategia', 1),
(399, 'Marcus Vinícius Rodrigues Nepomuceno', 'marcusrnepomuceno@gmail.com', '6d652488c16a63c4822020a6bca2ec62', 'Cace Consultoria Jr.', 'FEJEMG', '04/12/1991', 'Gerente de Projetos', 'RP de Itajubá', 'RP de Juiz e Fora', 2),
(400, 'Andresa Braga Oliveira', 'andresabraga@gmail.com', '9749ab3a6944cbf3521dff9ccdaa0949', 'Ambiental Jr.', 'FEJEMG', '12/07/1994', 'Gerente de Gestão de Pessoas / Conselheira Mu', 'e', 'a', 9),
(401, 'Gracielly Tomaz Barbosa', 'graciellytomaz@gmail.com', 'df7e04f18a1b7f47a4b971cb6da77d90', 'Preserva Jr.', 'Nenhuma', '21/09/1992', 'Assessora', 'EMEJ', 'Comunicação, gestão de pessoas, projetos e presidencia (relacionado a ej)', 3),
(402, 'Ana Flávia Faria Vianna', 'anaffvianna@gmail.com', 'd7bbeb1f635a80bf9f3e0e10aed32da3', 'PJ Consultoria e Assessoria', 'FEJEMG', '26/05/1995', 'Assessora de Gestão', 'EMEJ', 'Estratégia, Gestão Interna, Qualidade, Parcerias, Gestão de Pessoas.', 1),
(403, 'Camila Pimentel', 'camiilaapimentel@gmail.com', '414e4f9f7b4bfc09684d58c3181f2d06', 'Arbórea Florestal', 'FEJEMG', '14/01/1992', 'Diretora Presidente', 'EMEJ', '.', 2),
(404, 'Luisa Lentini Candido Batista', 'luisalentinicb@gmail.com', '7c27d9cbc8855adca60ceb81d485f526', 'Cace Consultoria Jr', 'FEJEMG', '01/03/1995', 'Gerente de Operações', 'ENEJ', 'Qualidade', 7),
(405, 'Victor Barreto Da Cruz', 'v-barreto@outlook.com', 'bad007a56e17ee0576fc2c7481722ced', 'PUC Consultoria Jr.', 'FEJEMG', '28/11/1995', 'não possuo', 'Primeiro Evento', 'Gestão de Projetos', 0),
(406, 'Lucas Guzella Carvalho', 'lucas_guzella@yahoo.com.br', '725caebe9a320edf07ed4a620e6cea42', 'Ecofarma', 'FEJEMG', '25/09/1993', 'Trainee', 'Nenhum', 'Farmácia, Gestão de Projetos, Gestão de Pessoas', 1),
(407, 'Daniel Pimentel Neves', 'danielpimentel.colucci@gmail.com', 'fdee529c41fe8328e8727f187515198f', 'Colucci', 'Nenhuma', '18/09/1992', 'Diretor de Núcleo', 'ENEJ', 'Direito; Governança Corporativa; Gestão; Finanças.', 1),
(408, 'Rafael Vitoi', 'rafael@portejr.com.br', '6ba37650c4ebca3b1e74da84e444bc98', 'Porte Empresa Jr', 'FEJEMG', '16/09/1992', 'Diretor Presidente', 'EMEJ', 'Gestao', 1),
(409, 'Luthuli Akanni Paixão', 'luthuli.conselt@gmail.com', 'a55775b46bded77b6320d630bb538278', 'Conselt', 'FEJEMG', '03/09/1993', 'Conselheiro Consultivo Conselt, Presidente do', 'EMEJ 2014', 'Consultoria, Engenharia Elétrica, Engenharia, Gestão', 30),
(410, 'Matheus Abib Santos', 'matheusabibsantos@hotmail.com', '8968f7da657d2a91864c105042337781', 'Masci Consultoria', 'FEJEMG', '19/02/1994', 'Nenhum', 'Nenhum', 'Marketing e Financeiro', 1),
(411, 'Larissa Souza', 'larissasouza@criaufmg.com.br', 'fb8ecf887759e130c498d4feb57c923a', 'Cria UFMG', 'FEJEMG', '15/09/1994', 'Diretora Presidente', 'EMEJ', 'Comunicação Estratégica, Marketing Empresaria, Branding, Marketing Digital, Relação Institucionais', 1),
(412, 'Mayara Fassheber Coelho', 'mayara.coelho@ufv.br', '1a4c3c1fe0ad018c2b628c2e9e3a217c', 'EmpNut', 'FEJEMG', '24/10/1994', 'Gerente de eventos', 'RP Itabira', 'Relações publicas', 6),
(413, 'Jonas Tadeu Sotero Ferreira', 'sotero_jonas@yahoo.com', 'fa707ac22182620eb497311d347c57bd', 'Ascender Jr.', 'Nenhuma', '08/02/1992', 'Diretor', 'Nenhum', 'Qualidade e desenvolvimento.', 1),
(414, 'rafael peixoto santos de lima', 'rafael.lima@codejr.com.br', '68cd46a903245fbc69be27fc1cd4432d', 'Code', 'FEJEMG', '31/05/1994', 'Diretor', 'RP de Itajuba', 'Computacao', 4),
(415, 'CÉLIO REZENDE LARA JÚNIOR', 'celio.farmaciajr@gmail.com', '587238c200d72d0dc663d3d3770ac4d6', 'Farmácia Jr.', 'FEJEMG', '24/04/1990', 'Trainee', 'EMEJ', 'Empreendedorismo, Comunicação, Gestão, Liderança, Coaching', 2),
(416, 'GABRIELLA DIAS RODRIGUES', 'gabriella.diasr@yahoo.com', 'b00d2274eb83904f1d9c500b5b080f65', 'Ejel', 'FEJEMG', '10/02/1995', 'treinee', 'Rp da Cenje', 'Assessoria de pessoas e assessoria de qualidade!', 1),
(417, 'Jôzieli Goulart da Silveira', 'jozigoulart@gmail.com', 'f50ea24bcb5e68867e564e9b1d3b7cf7', 'CECCO Consultoria Contábil', 'FEJEMG', '17/12/1993', 'Diretora AFJ', 'RP de João Monlevade', 'Administrativo Financeiro, Qualidade e Desenvolvimento.', 1),
(418, 'Moacir Zambalde Prado Neto', 'moacirzpn@hotmail.com', '889f429a80c7aada8c4402d908a03241', 'Robótica Jr.', 'Nenhuma', '26/12/1992', 'Assessor', 'nenhuma', 'Engenharia de Controle e Automação', 6),
(419, 'Pedro Lanna Xavier', 'pedrolanna01@gmail.com', 'e698f267dfad1f41b01bc3df07227630', 'Alimentos Junior', 'FEJEMG', '03/12/1994', 'Assessor Estratégico', 'EMEJ', 'Qualidade', 1),
(420, 'Daniele Ferreira de Rezende', 'daniele@portejr.com.br', '3cf40fc5350c4e12cdc55249f25c22e3', 'PORTE Jr.', 'FEJEMG', '17/11/1993', 'Gestora de Pessoas da Porte Jr.', 'Primeira vez que participo', 'Empreendedorismo, sustentabilidade, arquitetura, construção civil, recursos humanos, economia, gestão de projetos, tecnologia, design, urbanismo, cidade, desenvolvimento sustentável, sociedade, direito, inovação.', 6),
(421, 'Pedro Augusto Fernandes', 'pedroaugustoqf@gmail.com', '49d79dfdd443541230a87349424be8e2', 'CAMPE- Consultoria e Assessoria a Médias e Pe', 'FEJEMG', '24/09/2014', 'Gerente de Projetos', 'ENEJ', 'Administração', 2),
(422, 'LEONARDO ARAÚJO SERAPIÃO', 'LEONARDO.SERAPIAO@ENGENHARIA.UFJF.BR', '7326d58f8d9ece11fed4dc3e8ca24d37', 'Impacto Jr', 'Nenhuma', '27/07/1994', 'Diretor de Projetos', 'Cobenge 2014', 'Projetos em CAD/CAM, impressão 3D, prototipagem.', 2),
(423, 'Alan Mariano da Silva', 'alan-mariano@live.com', '65d44190cb3bfac403db4a4a1f2ecd05', 'No Bugs', 'FEJEMG', '25/05/1996', 'Gerente Administrativo', 'Nenhum', 'Empreendedorismo', 6),
(424, 'Ítalo Magalhães da Silva', 'italo.ufsj@gmail.com', '20c94512c4ce0fb57c9df07440e73405', 'Linked Empresa Júnior', 'FEJEMG', '01/02/1995', 'Nenhum', 'RP Itajubá', 'Conselho Multiplicador', 6),
(425, 'Pedro Victor Moreira de Souza', 'pvictor.moreira@gmail.com', 'd54d3025fa30a10286d367d6d26aa9ed', 'João Pinheiro Júnior', 'FEJEMG', '10/10/1995', 'Diretor de Recursos Humanos', 'RP Belo Horizonte', 'Gestão de Pessoas, Desenvolvimento do Funcionário, Seleção e Recrutamento, Treinamentos e Capacitações, Inovação, Cultura Organizacional, Gestão de Projetos.', 3),
(426, 'Gabriel Benjamim de Carvalho', 'gabrielcarvalho306@gmail.com', '978cb758e1eff72386b2f6f0ab4d06f4', 'UFMG Informática Jr.', 'FEJEMG', '06/11/1989', 'Diretor Presidente', 'ENEJ 2014', 'T.I., Empreendedorismo, Investimentos', 1),
(427, 'Paula Mattos Cavalheiro', 'paula.cavalheiro@engenharia.ufjf.br', '080cda1dfb639bb3e0d34bd7b50a5c0c', 'Impacto Jr', 'Nenhuma', '09/03/1994', 'Diretor Presidente', 'Cobenge', 'Setor Administrativo Jurídico e Financeiro', 2),
(428, 'Ana Cláudia Silva e Souza', 'ana.claudia@portejr.com.br', 'c6ca50b89214cd5b06ef6fd6dd2c85b0', 'Porte Empresa Jr.', 'FEJEMG', '26/08/1992', 'Diretora do Marketing', 'RP em Ouro Pedro', 'Marketing', 1),
(429, 'Luiza Mota Campos', 'luiza.mota@campe.com.br', '122033570e2061b7d175ae89663adf9f', 'Campe Consultoria Jr', 'FEJEMG', '30/01/1995', 'Consultora', 'Nenhum', 'Marketing', 6),
(430, 'Matheus Moreira Marques', 'matheusmarqs@gmail.com', '59b9161f076c1c454ac8405025f47bf9', 'Inova Consultoria Junior', 'FEJEMG', '01/08/1993', 'Trainee', 'FUSE', 'Adm/Fin', 1),
(431, 'Nina Duarte Correa de Souza', 'ninaduarte@ecofarmajr.com.br', 'bd004858e14b74ef7b628aba60e51d39', 'Ecofarma Jr', 'FEJEMG', '17/02/1995', 'Gerente de Marketing Externo na Ecofarma Jr', 'Nenhum', 'Marketing', 6),
(432, 'Leonardo de Aquino Siqueira', 'leonardo.siqueira@engenharia.ufjf.br', 'a5bec13a10abde82107c44d4dea3eb94', 'Impacto Jr.', 'Nenhuma', '09/03/1995', 'Gerente de Marketing', 'Não participei', '-Engenharia Mecânica;\n-Marketing.', 6),
(433, 'Fernanda N. Gama de Menezes', 'fmenezes.masci@gmail.com', '5c1468479ed2059de5a0cafdd32384a0', 'MASCI Consultoria Júnior', 'FEJEMG', '27/08/1995', 'Consultora de Gestão de Pessoas', 'EMEJ', 'Processo seletivo( tudo relacionado a área de gestão de pessoas e motivação), planejamento estrátegico, estratégias de marketing...', 6),
(434, 'Matheus da Silva dos Santos Vivas', 'matheus.vivas@live.com', 'b75f9267984bd68e1625b0a491bc883f', 'MASCI', 'FEJEMG', '22/06/1994', 'trainee', 'nenhum', 'Projetos', 1),
(435, 'Romulo Magalhaes Fernandes', 'romulomaga4@gmail.com', '767f9be50b07bf419737090edd479c69', 'MASCI', 'FEJEMG', '10/10/1990', 'trainee', 'nenhum', 'negocios', 1);
INSERT INTO `usuarios` (`codUsuario`, `nomeCompleto`, `email`, `senha`, `ej`, `federacao`, `dataNascimento`, `cargoMej`, `evento`, `areaInteresse`, `tempoMej`) VALUES
(436, 'Laercio Gomes Eberle Junior', 'junior101jf@hotmail.com', 'dc3f9c7ca7f9a12999f694d0ff4975a6', 'MASCI', 'FEJEMG', '18/11/1991', 'Nenhum', 'Nenhum', 'Financeira', 1),
(437, 'Carlos Eduardo Cruz', 'c.eduardojf@gmail.com', 'fe26d608f7264474873f10a170480a8d', 'MASCI Consultoria Jr.', 'FEJEMG', '11/09/1995', 'Nenhum', 'Nenhum', 'Negócios', 1),
(438, 'Laercio Gomes Eberle Junior', 'laerciogejr@gmail.com', 'eadc002601ddd9aedadee662469e2c78', 'MASCI Consultoria Junior', 'FEJEMG', '18/11/1991', 'Nenhum', 'Nenhum', 'Financeira', 1),
(439, 'Luan Goulart Carvalho Feres', 'luankta@hotmail.com', '6c6225805a8715432967be95a243b85c', 'MASCI', 'FEJEMG', '17/05/94', 'trainee', 'nenhum', 'Financeiro,Qualidade,Negocio', 1),
(440, 'Túlio Tavares Amorim', 'tuliotamorim@hotmail.com', '27e1de39fc9142b33b10a9f5d6167b36', 'Up Consultoria Jr.', 'FEJEMG', '13/07/1996', 'Trainee', 'EMEJ 2014', 'Setor Administrativo e Financeiro', 1),
(441, 'Samuel Vasconcelos Gomes Pinheiro Martins', 'samuelvgpm@gmail.com', '396a4d6348dfa05badde9ae872670d7d', 'UP Consultoria Jr. UNIFEI Campus Itabira', 'FEJEMG', '30/01/1996', 'Trainee', 'Nenhum', 'Presidência e Projetos', 2),
(442, 'Luany Carvalho', 'luany@maisconsultoria.com.br', 'c7ef1ca8d404765a70247ca2f4d6fd7b', 'Mais Consultoria Jr.', 'FEJEMG', '30/09/1993', 'Vice Presidente', 'EMEJ 2014', 'Estratégia, financeira, gestão de pessoas e gestão de processos.', 2),
(443, 'Raquel Leite e Silva', 'raquel@maisconsultoria.com.br', '1cb12e80d942de2d5e7eec9df3c7618e', 'Mais Consultoria Jr.', 'FEJEMG', '19/06/1993', 'Diretora de Gestão de Pessoas', 'nenhum', 'Estratégia, Gestão de Pessoas, Gestão de Processos, Marketing, Financeiro e Responsabilidade Social.', 1),
(444, 'Adrielle Pereira Cordeiro', 'adrielle-cordeiro@hotmail.com', 'e1d1191e627764958f5f55c53e404163', 'Ecofarma', 'FEJEMG', '14/03/1994', 'trainee', 'Nunca participei de eventos relacionados', 'Conhecer um pouco mais sobre as empresas juniores', 3),
(445, 'Dyhogo Garcia Fonseca', 'garcia.fonseca@engenharia.ufjf.br', 'dd01fd9e6393effc90744db410eed94b', 'Imapacto Jr.', 'Nenhuma', '18/01/1993', 'Gerente de Projetos', '-', 'Aperfeiçoamento em ambiente empresarial, crescimento pessoal e profissional.', 3),
(446, 'Rafael Seixas', 'rafaellima@multjr.com.br', '3b1e5cabeb6da1ca27ba79a2974f7dc0', 'Mult Jr', 'FEJEMG', '14/02/1994', 'Diretor de RH', 'EMEJ 2014', 'RH; Qualidade', 13),
(447, 'Rômulo Silviano Ramos Pedrosa dos Prazeres', 'romulo.silviano@engenharia.ufjf.br', 'a213b5e602e29b0cba628beaa0ae1f2f', 'Mais Consultoria Jr.', 'FEJEMG', '20/05/1991', 'Trainee', 'nenhum', 'Financeira e Vendas.', 1),
(448, 'elisa reis fávero', 'elisa.favero@hotmail.com', '0d83fa83258fce5c4ca2b54bc7a55468', 'Projet', 'FEJEMG', '04/12/1994', 'Assessora de Gestão de Pessoas', 'EMEJ', 'Gestão de Pessoas;\nProjetos;\nCapacitações;', 1),
(449, 'Lígia Gomes Souto de Souza', 'ligiagomessouza@gmail.com', 'b5dd615cf83dcdf48512176e370da0c7', 'Mult Jr - Consultoria e Projetos', 'FEJEMG', '06/11/1992', 'Diretora Presidente', 'EMEJ', 'Engenharia Química, consultoria e gestão.', 1),
(450, 'Rodrigo Mesquita de Souza', 'gestaodepessoas@unifeijr.com.br', 'e99a1f1dcb7fcb742705f1f829ac2f53', 'Unifei Jr', 'FEJEMG', '03/12/1991', 'Diretor de Gestão de Pessoas', 'RP Itajubá', 'RH', 1),
(451, 'Leticia Araujo', 'leticia.araujo@unifeijr.com.br', 'cdc21e908c8119545b018e08c4c6f288', 'UNIFEI JR', 'FEJEMG', '19/04/1995', 'Gerente de Eventos', 'EMEJ 2014', 'Qualidade e projetos', 0),
(452, 'Débora Maria Ferreira Costa', 'dcosta_sjdr@hotmail.com', '129e0b2a2189cd27c4903ab1f5f1adbc', 'ATP Jr. Consultoria em Bioprocessos', 'FEJEMG', '22/08/1989', 'Assessor de Marketing', 'Ainda não participei de RP', '-', 0),
(453, 'Israel Pereira da Silva Júnior', 'israelpereira.meta@gmail.com', 'b95b4a2cecd5d62443ad4cc2a1981c61', 'Meta Consultoria', 'FEJEMG', '24/01/1994', 'Consultor de Gestão de Pessoas', 'RP Itajubá', 'Networking, Gestão de Pessoas, Comunicação.', 8),
(454, 'MATHEUS DE CASTRO SILVA', 'matheuss_castro@hotmail.com', 'ce5225d01c39d2567bc229501d9e610d', 'UNIFEI JR', 'FEJEMG', '23/02/1991', 'Vice-presidente', 'RP de Itaubá', 'Gestão', 1),
(455, 'Cinthia de Pinho Miranda', 'cinthiapinho1994@gmail.com', '231816b38203b65dcacb75ff4920c99b', 'UP Consultoria Jr', 'FEJEMG', '20/07/1994', 'Diretora da Qualidade', 'EMEJ', 'Qualidade, presidência', 1),
(456, 'Pedro Barreiros Silva de Souza Fagundes', 'pedro.fagundes@engenharia.ufjf.br', '841f6cea7dc038908b3eb3430fecbd13', 'Porte Empresa Jr.', 'FEJEMG', '08/02/1994', 'Diretor do Departamento de Qualidade', '-', 'Qualidade de gestão e projetos', 1),
(457, 'Michel Angelo de Melo', 'micheldemelo1@gmail.com', 'e10adc3949ba59abbe56e057f20f883e', 'Masci Consultoria Jr.', 'FEJEMG', '09/11/1990', 'Trainee', 'RP', 'Gestão de Pessoas e Projetos', 6),
(458, 'Lorena Gotelip Tostes Costalonga', 'lorena@portejr.com.br', '44a7e4c98afe4ca8dc950303f2b80060', 'Porte Jr', 'FEJEMG', '05/04/1994', 'Gestora do Departamento de Projetos', 'Rp Ouro Preto', 'Planejamento estratégico', 6),
(459, 'Milton Marques Brovini', 'milton@portejr.com.br', '94be64f5290312b4aea8f95305e3e0f6', 'Porte Empresa Jr.', 'FEJEMG', '03/08/1994', 'Projetista', 'Nenhum', 'Área ambiental, com ênfase para qualidade da água, outorga para uso das águas, captação de água das chuvas, licenciamento ambiental e gestão de resíduos sólidos.', 1),
(460, 'Verônica Correa Brilhante Felippe', 'veronicabrilhante.masci@gmail.com', 'e10adc3949ba59abbe56e057f20f883e', 'Masci Consultoria Jr.', 'FEJEMG', '05/05/1994', 'Trainee', 'RP', 'Projetos', 6),
(461, 'Eduardo Rezende Brunetto', 'erbrunetto@gmail.com', 'd60a6da96aa739e73818aa12fcef95a9', 'UP Consultoria Jr.', 'FEJEMG', '27/06/2986', 'Assessor da Presidência', 'RP Itabira', 'Presidência e Projetos', 1),
(462, 'Camila Oliveira Pereira', 'oliveirapcamila@gmail.com', 'ca489863a9b92a07232ee8c72c40cf9f', 'MASCI Consultoria Jr.', 'FEJEMG', '29/01/1995', 'Consultora', 'RP de Ouro Preto', 'Área de Negócios', 6),
(463, 'Pablo Camargo Andery Busatte', 'pabloandery@hotmail.com', '7100b0071245b39a6c6a10c4e9b88fd8', 'UNIFEI JR', 'FEJEMG', '26/01/1995', 'Diretor de Marketing da EJ', 'Reunião Presencial (Itabira)', 'Marketing e Presidência', 18),
(464, 'Aline Marques dos Santos', 'aline15marques@gmail.com', 'fa78691460b8c9c1ec111933d9cda691', 'Rumos Empresa Junior de Turismo', 'Nenhuma', '15/12/1991', 'Pós-junior', 'RP de Ouro Preto', 'Turismo, Geografia, Administração, Eventos, Comunicação', 1),
(465, 'Danilo Vaz Cardoso de Siqueira', 'vaz.danilosiqueira@gmail.com', '76a7378a2837282468478ddd23594c51', 'Ambiental Jr.', 'FEJEMG', '10/04/1990', 'Gerente de Projetos', 'Não lembro', 'Empreendedorismo, Gestão, Projetos, Ferramentas de Gerenciamento, Sistemas de  Gestão, Gestão Ambiental, Gestão da Qualidade, MEG.', 1),
(466, 'Guilherme Bernardo dos Reis', 'guilherme_bernardo@codejr.com.br', '5f364df4f9890393a4caf9c94bcf13dc', 'Code', 'Nenhuma', '22/01/1993', 'Nenhum', 'Participei de algumas RP''s', 'Computação, Finanças.', 4),
(467, 'Marcela Faria Carrada', 'carrada.marcela@gmail.com', '506a796068a45c7a5b70412cab0602b1', 'MASCI Consultoria Junior', 'FEJEMG', '05/08/1994', 'Diretora de Gestão de Pessoas', 'RP de Ouro Preto', 'Gestão de Pessoas', 2),
(468, 'Emily Nijenhuis', 'emily.nijenhuis@hotmail.com', '317ae9e71ed70ac164452f5654808934', 'Arq. Jr. Projetos e Consultorias', 'Nenhuma', '15/04/1994', 'assessora de projetos', 'nenhum', 'Área de coordenação de projetos', 4),
(469, 'Victor Henrique de Oliveira', 'victorh1705@gmail.com', 'e9980813e830698e8735d6144683c068', 'Code Empresa Junior', 'Nenhuma', '17/05/1993', 'nenhum', 'nenhum', 'computação e afins', 3),
(470, 'Gustavo Valverde Rezende', 'gustavovrezende@gmail.com', 'b5238e9dd1ba852c64a4782d1d74aa69', 'Campe', 'FEJEMG', '26/10/1989', 'Nenhum', 'Jeito BJ 2014', 'Gestão, processos, projetos, negócios.', 4),
(471, 'Mariana Monteiro', 'mrosamteiro@gmail.com', 'a0810c785d6b6fd66df0ce5132a2d1ce', 'Rumos Empresa Junior de Turismo', 'Nenhuma', '27/05/1993', 'Ex Empresário Junior', 'Dia MEJ', 'Marketing', 1),
(472, 'HUGO GOLFETO DIAS COELHO', 'hugo.golfeto@hotmail.com', '693406e2917d10e71702249d44049fae', 'Porte Empresa Jr.', 'FEJEMG', '12/06/1994', 'Conselheiro Multiplicador na FEJEMG e Projeti', 'RP de Itajubá', 'Engenharias, Admistração de empresas e algumas outras', 7),
(473, 'Bernardo Correa Gerheim Ferreira', 'bernardogerheim@gmail.com', '3667193c7492b2b71343bfee43782946', 'MASCI', 'FEJEMG', '20/04/1994', 'Consultor de Marketing', 'ENEJ', 'Marketing', 6),
(474, 'Vitor Eiji Kernbichler', 'vitor.eiji@unifeijr.com.br', '5b9ae7b69746a05f7bc1e56e17365b45', 'UNIFEI JR', 'FEJEMG', '02/12/94', 'Gerente', 'RP Itajubá', 'Projetos', 2),
(475, 'Gabriela Aparecida de Lima', 'gabriela-al@hotmail.com', '186dba382567e9aa43b41ecdd500d353', 'Up Consultoria Jr.', 'FEJEMG', '12/01/1994', 'Trainee', 'Seção Interativa  Planejamento Financeiro', 'Gestão de Pessoas, Consultoria e Projetos.', 2),
(476, 'Sulamita Cecília Pereira', 'sulamitacecilia@hotmail.com', '7164c683dce94509b469a8d0cebbb9ad', 'Ômega Júnior', 'FEJEMG', '11/03/1992', 'Coordenadora de Suporte - Cenje', 'ENEJ', 'Gestão de Pessoas, Operações, Qualidade, Projetos', 2),
(477, 'Bruno José Ribeiro Mendonça', 'brunomend.colucci@gmail.com', '2154227140dbd73ceb8809baa9bb1f0e', 'Colucci Consultoria Jurídica Jr.', 'Nenhuma', '06/05/1992', 'Diretor de Relações Públicas', 'EMEJ', 'Gestão de Marketing', 1),
(478, 'Leonardo Fernandes Coelho Lemos', 'leonardo.lemos@nobugs.com.br', 'cc2356a122244fcbf9442763bd689e83', 'No Bugs', 'FEJEMG', '21/05/1990', 'Diretor Presidente', 'EMEJ', 'GP, Comunicação, Marketing, Empreendedorismo, TI, Publicidade.', 3),
(479, 'Letícia Albuquerque Soares', 'leticia.soares@ufv.br', '5178fe8e9d5bc32ec85209777f3c3a01', 'EJED', 'Nenhuma', '16/02/1988', 'Gerente de Projetos', 'Este será o primeiro evento da FEJEMG que par', 'Conhecer mais a FEJEMG e suas propostas. Ter mais contato com empresários juniores de outros lugares além da UFV.', 7),
(480, 'Bryan Martin Nunes Barbosa Feliciano Sérgio', 'bryan.sergio@nobugs.com.br', 'e241abe64a92dbdb2d350c9020de7c5d', 'No Bugs', 'FEJEMG', '16/07/1996', 'Gerente de Projetos', 'EMEJ', 'Projetos, Marketing, Presidência, Comercial, Qualidade...', 6),
(481, 'Luiz Fernando de Carvalho', 'nando.ufsj@gmail.com', '4cc22e675dd2316e5835f08c2e9b6c76', 'Linked Empresa Júnior', 'FEJEMG', '16/11/1988', 'Conselheiro Multiplicador', 'ENEJ 2014', 'Projetos, Gestão de pessoas.', 2),
(482, 'Marthus Henrique Menezes Silva', 'marthus.silva@nobugs.com.br', '4c818684fd6e3c72c755ed466f3dceef', 'No Bugs', 'FEJEMG', '26/06/1995', 'Gerente de Gestão de Pessoas', 'EMEJ', 'Comunicação', 6),
(483, 'André Moreira Braga Eufrásio', 'andrebragaeufrasio@gmail.com', 'de1b31a2f91d0c39557146f687eb85e1', 'MASCI Consultoria Jr.', 'FEJEMG', '01/03/1995', 'Consultor Financeiro', 'Nenhum', 'Projetos', 8),
(484, 'Cássia de Freitas e Silva', 'cassia@solucoesufv.com.br', '354d20c837ecb75f2ad312d64f099722', 'Soluções Consultoria', 'FEJEMG', '21/09/1990', 'Presidente', 'ENEJ', 'Administrativo, Financeiro e Jurídico\nGestão de Pessoas\nQualidade', 4),
(485, 'Ábya Martins', 'abyamartins@rhjr.com.br', '25d55ad283aa400af464c76d713c07ad', 'RH Jr.', 'FEJEMG', '21/03/1993', 'Conselheira Multiplicadora; Assessora de Dese', 'EMEJ', 'Qualidade, Gestão, Estratégia e Pessoas', 2),
(486, 'Aléxia Lara Souza Martins', 'alexialsmartins@gmail.com', '24481ce157bd420364a8caa35a1250ea', 'Sinergia - Soluções em Tecnologia Química', 'FEJEMG', '22/09/1994', 'Gerente de Projetos e Conselheira da FEJEMG', 'RP da FEJEMG em Itajubá', 'Segurança no Trabalho, Engenharia Química e Química', 3),
(487, 'Daniel Sadao Matsuba', 'Daniel.matsuba@gmail.com', '2dd99d263ecc5ebf25b91d2532b46080', 'UNIFEI JR', 'FEJEMG', '28/08/1993', 'Assessor de marketing', 'Emej', 'Marketing, vendas', 8),
(488, 'Rodolfo Carvalho Ragazzi da Silva', 'rodolfocragazzi@gmail.com', '42f1522fbc6ac255ec6ae217b6255b8f', 'MASCI', 'FEJEMG', '06/08/1995', 'Diretor de Qualidade e Representante da Direç', 'RP de Juiz de Fora 2014, Prêmio FEJEMG 2014', 'Qualidade, ISO e Presidência', 10),
(489, 'Daniel ALmeida Henriques', 'daniel.henriques.masci@gmail.com', 'abd0c235875f55cb6f5f0ae1ecc47315', 'MASCI', 'FEJEMG', '04/07/1991', 'Assessor de Desenvolvimento', 'RP Viçosa', 'Projetos', 2),
(490, 'Paula de Faria Perdigão', 'paulaperdigao@rhjr.com.br', '4fe7d252bcc81d166505c2ddbbb3e9ab', 'RH Jr.', 'FEJEMG', '01/04/95', 'Assessora Administrativo-Financeira', 'EMEJ', 'RH', 0),
(491, 'Michel filiphy Silva Santos', 'michel.filiphy@gmail.com', 'ffc644490ba85286befc557b1ffafdc5', 'In Bio', 'FEJEMG', '22/05/1992', 'Diretor de Marketing', 'RP de Uberlândia', 'Marketing e relações públicas', 0),
(492, 'Pamela taina munck carias rodrigues', 'pamelamunck@hotmail.com', 'bf92190a0c25bb1907b3bf9d909710de', 'colucci', 'FEJEMG', '10/04/1994', 'gerente de relações públicas', 'nenhum', 'Marketing', 3),
(493, 'Thaís Victoretti', 'victorettithais@gmail.com', '1bd9532b08b0ac0c3c1c68809bf7a30f', 'Colucci Consultoria Jurídica Júnior', 'Nenhuma', '15/06/1993', 'Nenhum', 'Nenhum', 'Empreendedorismo, Micro e Pequenas Empresas, Direito Empresarial', 1),
(494, 'Mariana Arcoverde do Nascimento', 'marianaarcoverde94@gmail.com', 'f605264364fbd11b1c6510af84097880', 'Aspecto empreendimento cultural', 'Nenhuma', '25/07/1994', 'nenhum', 'nenhum', 'Design, comunicação, Marketing, Criação, Inovação, Empreendimentos', 0),
(495, 'Gabriel Fraga Vieira', 'gabrielfraga@ibmex.com.br', 'f846a37987d5487c7e38862e24fb6fc0', 'Ibmex Consultoria Empresarial Jr.', 'FEJEMG', '28/08/1994', 'Conselheiro', 'Dia D - João Monlevade', 'empreendedorismo - negócios - finanças - estratégia', 7),
(496, 'Paula Peixoto de Souza', 'paula@maisconsultoria.com.br', 'bb064e9130b7542ebd6434f6087e180e', 'Mais Consultoria Jr.', 'FEJEMG', '21/06/94', 'Diretora de Projetos', 'ENEJ', 'Projetos e Estratégia', 0),
(497, 'Luis Claudio Cardoso Rodrigues Filho', 'luiscardoso@ibmex.com.br', 'a954e597b467e716b8e0db25f8d4db41', 'Ibmex', 'FEJEMG', '23/03/1995', 'Consultor', '-', 'Socializar e desenvolver projetos', 3),
(498, 'Rafaela Pereira', 'rafaela.gpereira@hotmail.com', '213779ea18d9c52777abff7f452b8bb0', 'Ibmex', 'FEJEMG', '24/03/1995', 'Consultor', 'Nenhum', 'Desenvolver projetos', 3),
(499, 'Júlia Alves', 'julialves@ibmex.com.br', 'adb70668bb349e6fd99a310e2357743e', 'Ibmex', 'FEJEMG', '15/09/1993', 'Gerente', '-', 'Projetos', 8),
(500, 'Roberto Morais de Almeida Martins', 'robertomorais@ibmex.com.br', 'c20709418d48a5614a9332baade8a3d0', 'IBMEX', 'FEJEMG', '17/02/1994', 'Consultor de RH', 'Nenhum', 'Empreendedorismo - RH - Finanças - Estratégia - Administrativo', 2),
(501, 'Ana Carolina de Oliveira Medeiros', 'carolina.medeiros@engenharia.ufjf.br', 'a14ae73824a396d582cc9b8486733b55', 'Impacto', 'Nenhuma', '31/05/1995', 'Gerente de Desenvolvimento de Pessoas Impacto', '12º Semana Empresarial promovida pela Campe J', 'Engenharia e seus afins, inovação, empreendedorismo e troca de experiências com outras empresas juniores.', 6),
(502, 'Lucas Cristian de Oliveira', 'lcoemponto@hotmail.com', '25fad9c3de3bc41ee18653ab73268e2f', 'Aspecto Empreendimento Cultural', 'Nenhuma', '19/04/1992', 'Nenhum', 'Nenhum', 'Todas', 0),
(503, 'Gabriel Souza Nunes', 'nunesgsouza@gmail.com', '6939a2c4acd73ba62b36ef98e7dd2ec5', 'Aspecto', 'Nenhuma', '09/07/1993', 'Gerente de Audiovisual', 'x', 'Cinema, Design gráfico, Ilustração e Empreendedorismo.', 6),
(504, 'Adriano Humberto Melão', 'adriano.hmelao@gmail.com', '3d57fefed5762254f80e1342866324ef', 'Robótica Jr', 'Nenhuma', '22/05/1989', 'Presidente', 'nenhum', 'Gestão, Networking, Projetos, Marketing', 2),
(505, 'Rebeca Arroyo', 'rebeca@codejr.com.br', '818d526b6c748f0c6241a93de7dcf7b2', 'Code', 'FEJEMG', '05/01/1993', 'Nenhum', 'Nenhum', 'Algoritmos e estruturação de problemas.', 0),
(506, 'Victor Hugo Cúgola da Cunha', 'victorhugoc94@gmail.com', 'e8612de8c5a6f17db32db8028766581a', 'MASCI', 'FEJEMG', '01/03/1994', 'Consultor Financeiro', '-', '-', 6),
(507, 'Gustavo Adolf Fichter Filho', 'gustavofichterf@gmail.com', '049c6822353316d95d1299071688fd28', 'In Bio', 'FEJEMG', '26/10/1995', 'Diretor de Projetos', 'nenhum', 'Gerenciamento e planejamento de projetos e qualidade.', 6),
(508, 'Ana Luisa Moreira de Morais', 'analuisammorais@hotmail.com', 'a2f522fa1e12daf7741f138c79608337', 'In Bio', 'FEJEMG', '23/06/1994', 'Diretora de Gestão de Pessoas', 'nenhum', 'Gestão de Pessoas e Recursos Humanos', 6),
(509, 'Márcia Lucas Araújo', 'marcialucas@ecofarmajr.com.br', '08dfbae1df1bc9f3c77a181d12158e56', 'Ecofarma Jr.', 'FEJEMG', '04/10/1990', 'Gerente de projetos', 'reunião presencial de Ouro Preto', 'Projetos, Negócios', 1),
(510, 'Thiago Queiroz Meneses', 'thiagoqmeneses@me.com', '9acb5d51d8108643da145c7535592118', 'EmpNut', 'FEJEMG', '30/07/1988', 'Gerente Estratégico', 'Não participei de nenhum até o momento', '.', 6),
(511, 'Isaias Kleberson Silva Mota', 'isaiasmota@codejr.com.br', '98613ad51685480d3417cc1b4995cd36', 'Code', 'Nenhuma', '23/10/1989', 'Diretor de Marketing', 'RP São João Del Rei', 'Marketing', 6),
(512, 'Míria Bóbó', 'miria.b13@gmail.com', 'ec957e0ce2b369d74a4cab636a8e44ab', 'Code Jr.', 'FEJEMG', '13/02/2014', 'nenhum', 'nenhum', 'Tecnologia', 0),
(513, 'Talita Pires Martins Cesconeto', 'talitapmartinsc@gmail.com', 'c2189a38b50ba82964718ff64079a734', 'Sinergia', 'FEJEMG', '11/01/1995', 'Diretoria de Qualidade', 'RP de Itajubá', 'Gestão, Qualidade, Inquietude, Desenvolver pessoas e desenvolvimento colaboratuivo.', 1),
(514, 'Laura Dilva Batalha', 'laurasbatalha@gmail.com', 'b8c0f17c9d743d15799bcbf886a2c82c', 'Sinergia', 'FEJEMG', '17/08/1989', 'Gerente de Qualidade', 'Dia da qualidade na UFV', 'Todas, principalmente gestão por processos.', 6),
(515, 'Bruno Henrique de Faria Freire', 'fariafreire95@gmail.com', '33eb25a78db3daca69ccaff05b0c2dbc', 'Sinergia', 'FEJEMG', '26/10/1995', 'Gerente de Relações Públicas', 'Reunião do Conselho', 'Obter o máximo de experiências  possível  no ramo empreendendo', 4),
(516, 'Lucas Medina', 'lukasmedina@gmail.com', '46210f0d251e6bd86572a2129e4a3ca8', 'UNIFEI JR', 'FEJEMG', '03/11/1992', 'Presidente do Conselho', 'JEWC 2014', 'Consultoria', 3),
(517, 'Thaís Brito Comini', 'thaisbcomini@hotmail.com', 'dc5092cc3dee68f9f368155a9862c8d3', 'Agrobio Jr.', 'FEJEMG', '10/12/1993', 'Auxiliar executiva em Gestão de Pessoas', 'Rp de Itajuba', 'Tenho interesse em participar ativamente das atividades dos núcleos.', 2),
(518, 'Jhenyffer Coutinho', 'jhenycoutinho@gmail.com', '7609f69b7731f90840909e0456c666c4', 'Cace Consultoria Jr', 'FEJEMG', '24/12/1992', 'Gerente de RI', 'EMEJ', 'Eventos', 10),
(519, 'Fabiana Panini Silveira', 'fabipsil@hotmail.com', 'f2848001a060e83f14f579f4da8f5b64', 'Aspecto Empreendimento Cultural', 'Nenhuma', '18/12/1993', 'trainee de audiovisual', '1º semana aspecto', 'Produção Audiovisual, Design, Artes Visuais e cultura', 5),
(520, 'Hélida Sales da Silva', 'helida_jf@hotmail.com', 'd93f780b6974c6f270d253f8a26cef93', 'Aspecto Empreendimento Cultural', 'Nenhuma', '18/08/1992', 'Diretoria de RH', 'Espaço consultoria', 'Tenho interesse no Design em geral, no empreendedorismo e em toda área criativa. Busco na Empresa Junior um primeiro contato com esse mundo para ganhar experiência.', 5),
(521, 'Paulo César Pires Campos Júnior', 'paulocampos93@gmail.com', '9312f8728971653b4b37b30d4ec665e2', 'Ibmex', 'FEJEMG', '06/11/1993', 'Consultor de Projetos', 'Nenhum', 'Empreendedorismo e finanças.', 2),
(522, 'Bruna Bridi Dutra', 'brunabridi@bol.com.br', '5154e81cbd86f25c0c97d08ddc599e51', 'Aspecto Empreendimento Cultural', 'Nenhuma', '14/05/1994', 'Gerente de Artes Visuais', '1º semana aspecto', 'Artes visuais e Audiovisual', 5),
(523, 'Pedro Corrêa Rigotto', 'pedro.rigotto@gmail.com', 'fb8f432d56839adb49f0e6ce9d11003d', 'No Bugs', 'FEJEMG', '19/03/1996', 'Gerente de ADM-FIN da No Bugs', 'EMEJ', 'Tecnologia e administração', 6),
(524, 'Pedro Corrêa Rigotto', 'pedro.rigotto@nobugs.com.br', 'fb8f432d56839adb49f0e6ce9d11003d', 'No Bugs', 'FEJEMG', '19/03/1996', 'Gerente de ADM-FIN', 'EMEJ', 'Tecnologia e administração', 6),
(525, 'Wanderson Valente dos Santos', 'wandersonvalentedossantos@gmail.com', 'bd2f71b0a3c7de095158e8e2c23bff5a', 'In Bio - Empresa Júnior de Biologia', 'FEJEMG', '05/08/1993', 'Conselheiro Mutiplicador', 'RP em Itajubá', 'Gestão de Pessoas', 1),
(526, 'Hugo Ulisses Lopes', 'hugo1320@hotmail.com', '4c0d5a5bcaa85fc9677c03b43e34d932', 'Atomic Júnior', 'Nenhuma', '19/09/1992', 'Vice-Diretor', 'RP São João Del Rei', 'Plano Estratégico .', 7),
(527, 'Hugo Ulisses Lopes', 'hugp1320@gmail.com', '74a30288fc8e6ca2a52454c9beba48ad', 'Atomic Júnior', 'Nenhuma', '19/09/1992', 'Vice-Diretor', 'RP São João Del Rei', 'Plano Estratégico .', 7),
(528, 'Caio Augusto Ferreira', 'caio@portejr.com.br', 'b7d4f5c670afb07eb0ca0a483b56c46c', 'Porte Empresa Jr.', 'FEJEMG', '18/09/1992', 'Vice-Presidente da EJ', 'EMEJ', 'Engenharias, Gestão', 1),
(529, 'Pilar Mateos Alves', 'pilar.alves@ufv.br', '7d2bc4a226c64c3e29182ca5da9de6f9', 'In Bio', 'FEJEMG', '28/08/1996', 'Gerente', 'RP Uberlândia', 'Projetos, Gestão de Pessoas.', 6),
(530, 'Marcela Silva Peixoto', 'marcelapeixoto@ymail.com', '71fda93311396ba2881b4ca6ab7e449a', 'ArqJr', 'Nenhuma', '27/04/1989', 'Assessora de Projetos', 'Não participei de nenhuma RP ainda', 'Trabalhar juntamente com a ArqJr na realização de atividades e projetos que fortaleçam a empresa.', 5),
(531, 'Mariana De Souza Faria', 'mariana.souzafaria@aiesec.net', 'ffb6d19b80d6064b2cdbb06af6f68a61', 'EmpNut', 'FEJEMG', '12/12/1989', 'Gerente de Negócios', 'Não participei de nenhum até o momento', '.', 6),
(532, 'Lisandra Queiroga Eliotério', 'lisandraelioterio@hotmail.com', '6ecd540b68caf068507a9e75beb1e6a3', 'Rumos Empresa Junior de Turismo - UFJF', 'FEJEMG', '04/11/1993', '-', 'Nenhum', 'Turismo e Eventos', 0),
(533, 'Cheyenne Azevedo', 'marketing.aspecto@gmail.com', '0254a0dd4f1a1efbe82fbea671fdd1ca', 'Aspecto Empreendimento Cultural', 'Nenhuma', '04/07/1991', 'Diretora de Marketing', 'Espaço Consultoria 2014', 'Comunicação, Marketing, Publicidade, Design, Moda, Empreendedorismo', 5),
(534, 'Fernanda Mendes Pinheiro Costa', 'Nandamendesp@gmail.com', '805414f36fda775b819469f2c99b3c2b', 'Pharma Júnior', 'Nenhuma', '03/09/1992', 'Trainee', 'ENEJ', 'Projetos', 0),
(535, 'Paoliello Rezende Vasconcelos', 'paoliellovasconcelos@gmail.com', '27bbc81a65391df9269e632289564986', 'UFLA Júnior', 'FEJEMG', '02/06/1993', 'Trainee de Projetos', 'EMEJ', 'Ainda não decidi.', 0),
(536, 'Samara Delgado de Resende', 'samaradelgado.colucci@gmail.com', '6f95ded517f5692c35522f0c3d7d4bb3', 'Colucci Consultoria Jurídica Júnior', 'Nenhuma', '14/08/1993', '-', '-', 'Gerenciamento de projetos, consultoria e assessoria jurídicas', 1),
(537, 'Deborah Puperi', 'deborahpuperi@hotmail.com', 'd01ad9d3a47e16e36de22ec5f5b5acaf', 'ARQ Jr', 'Nenhuma', '15/01/1994', 'Treinee', 'RP de Mariana', 'Projetos e Consultorias', 1),
(538, 'Pedro de Lima Pinto', 'pedrodelimapinto21@gmail.com', '97db1846570837fce6ff62a408f1c26a', 'Alimentos Júnior Consultoria', 'FEJEMG', '21/05/1992', 'Assessor de Finanças em Projetos', 'RP de Itajubá', 'Administrativo Financeiro', 1),
(539, 'Gabriel Silva Rodrigues Ventura', 'ventura.gabriel95@gmail.com', '6c4caed8a28c68d4966b503ea90da731', 'EmpNut', 'FEJEMG', '15/07/1995', 'Diretor de Relações Públicas', 'RP João Monlevade', 'MEJ', 1),
(540, 'Tainara Roberta Souza Avezedo', 'tainara.azevedo@ufv.br', 'ca0ce8b702f0b055635a81ec1f5e0df5', 'EmpNut', 'FEJEMG', '21/01/1996', 'trainee', 'Não participei ainda', 'MEJ', 1),
(541, 'Gustavo Rosado de Andrade', 'gustavo.rosado@solucoesufv.com.br', 'f79a60147cb8fd389f7171d84cdb3f7e', 'Soluções Consultoria', 'FEJEMG', '10/03/1995', 'Diretor de Relações Publicas', 'Nenhum', 'Engenharia de Produção', 4),
(542, 'Maria Isabel Lopes Almeida', 'misabelalmeida@hotmail.com', '3fb30b65773a17675ba727f9d6b70282', 'EmpNut', 'FEJEMG', '24/08/1995', 'trainee', 'Não participei ainda', 'MEJ', 1),
(543, 'Camila do Carmo Lelis', 'camila.lelis@solucoesufv.com.br', '8b2fd9a634b120a8ddd9174acaed3667', 'Soluções Consultoria', 'FEJEMG', '15/04/1992', 'Diretora Administrativo-Financeira e Jurídica', 'RP Itabira', 'Administrativo-Financeira e Jurídica', 1),
(544, 'Gabriel Teixeira Gonçalves', 'gabrielteixeira@ibmex.com.br', '569e19539f4bcd6510cf00ec1f4775c6', 'IBMEX', 'FEJEMG', '25/02/1996', 'Consultor de projetos', 'Nenhum', 'Finanças, marketing, comercial, recursos humanos', 2),
(545, 'Leandro Monteiro Villela', 'leandromvillela@gmail.com', 'c0febc40db3a3e7e69076e9bc49ef2ae', 'UFLA Júnior Consultoria Administrativa', 'FEJEMG', '21/03/1994', 'Diretor do Administrativo Financeiro', 'RP de Itajubá', 'Administrativo Financeiro', 15),
(546, 'Mariane Rodrigues de Freitas', 'mariane.freitas@gmail.com', 'dcbada0685c275dccda9ae30fb2e3513', 'UFLA Jr consultoria Administrativa', 'FEJEMG', '18/05/1990', 'Assessora de Gestão de Pessoas', 'EMEJ 2014', 'Marketing, gestão de pessoas, negociação, estratégia.', 1),
(547, 'Pedro Vargas', 'pmvsvargas@gmail.com', '59d080a97e131e30493bf92839358019', 'SEC Jr.', 'FEJEMG', '17/09/1993', 'Vice-Presidente', 'EMEJ 2014', 'Gestão empresarial, empreendedorismo.', 38),
(548, 'Breno Lima Vilela', 'brenolv@yahoo.com.br', '4f9c9a460bbb7780a4f2beba2b080f0b', 'UFLA Júnior Consultoria Administrativa', 'FEJEMG', '04/02/1991', 'membro', 'nunca participei', 'Consultoria Administrativa', 4),
(549, 'Rafaela Reis Rezende', 'rafaelareisrezende@gmail.com', '2e247e2eb505c42b362e80ed4d05b078', 'IBMEC MG', 'FEJEMG', '16/08/1993', 'Consultora', 'Não participei de nenhum', 'Empreendorismo, negócios.', 2),
(551, 'Letícia de  Paula Chaiben', 'lelechaiben@hotmail.com', '9bd5e20f6191a3d530c5b79488d19d83', 'Ecofarma', 'Nenhuma', '28/07/14', 'nenhum', 'Não', 'Empreendedorismo', 0),
(552, 'Letícia de  Paula Chaiben', 'leticiachaiben@ecofarmajr.com.br', '9bd5e20f6191a3d530c5b79488d19d83', 'Ecofarma', 'Nenhuma', '28/07/14', 'nenhum', 'Não', 'Empreendedorismo', 0),
(553, 'Hiago Capobiango Malta', 'hiago.malta@solucoesufv.com.br', 'b4fa559e34413bd602a8fd7f86c08d61', 'Soluções Consultoria', 'FEJEMG', '05/02/1995', 'Gerente Comercial', 'Nenhum', 'Engenharia de Produção', 3),
(554, 'Ivana Castro de Luna Rezende', 'ivana.rezende@engenharia.ufjf.br', '118839f2c7b3b058e25de2158371fe4a', 'Porte Empresa Júnior', 'FEJEMG', '23/06/1993', 'Conselheira', 'EMEJ', 'Administrativo financeiro, Marketing', 1),
(555, 'Kívia Mendes Fiúme', 'kiviamf@gmail.com', 'b3d7160b309372ee7da5adc847f0cb86', 'SEC Jr. Consultoria', 'FEJEMG', '24/12/1992', 'Diretora de Desenvolvimento da Central Estuda', 'EMEJ', 'Modelo de Excelência em Gestão; Qualidade; Desenvolvimento Colaborativo.', 3),
(556, 'Cristiana Regina Pinto', 'crisrpinto30@gmail.com', '542718908f3d437386cacc311bada31d', 'Alimentos Júnior Consultoria', 'FEJEMG', '30/10/1994', 'Assessora de Gestão do Conhecimento', 'EMEJ 2014', 'Aspectos que tangem a qualidade como um todo', 3),
(557, 'Danilo Henrique Terra', 'danilohterra@hotmail.com', '8b533f57d6896d3deea164270151e494', 'Acesso Comunicação Jr', 'FEJEMG', '22/11/1995', 'Trainee', 'Ainda não participei de eventos MEJ', 'Jornalismo, Comunicação Empresarial e Criação, além da área de gestão.', 0),
(558, 'Tais Borges Oliveira', 'tais@portejr.com.br', '8a94ec7196c4f58fdc1fad09e231b5b0', 'Porte Empresa Jr.', 'FEJEMG', '20/08/1993', 'gestora', 'nenhum', 'Planejamento financeiro, empreendorismo, inovação e criatividade', 5),
(559, 'Gabriel Jabour  Bellei', 'gabriel@maisconsultoria.com.br', 'be87e9e8f404661d5d0fb4266a2c747c', 'Mais Consultoria Jr.', 'FEJEMG', '23/02/1995', 'empresario jr', 'nenhum', 'produção', 3),
(560, 'Luisa Pereira Americano', 'luisa.pamericano@gmail.com', '7d629099e9198bf85e4c343b7e4357b8', 'EmpNut', 'FEJEMG', '29/07/1992', 'Conselheira Consultiva', 'Reunião Presencial de Itabira', 'Gestão de Pessoas, Núcleo, Presidência do Conselho, Disseminação de estratégia.', 3),
(561, 'Guilherme Oliveira Ianino Fortes', 'guilherme.ianino@gmail.com', 'a24b2ba05c5096593990a12bd8ccac34', 'CECCO Consultoria Contábil', 'FEJEMG', '25/11/1993', 'Diretor de Marketing e Relacões Públicas', 'RP', 'RP, Eventos, Marketing, Gestao, Projetos etc', 1),
(562, 'Fernanda Guimarães Coelho', 'nanda93c@gmail.com', '0d7af96bb725195d0905956d095980e6', 'CECCO', 'FEJEMG', '07/06/1993', 'Diretora de Qualidade', 'ENEJ', 'Desenvolvimento', 1),
(563, 'Lizandra Cristina de Aguiar Braga', 'Liza.braga@hotmail.com', 'c7c41da1c73d9ddac707d7bec3f366cb', 'Acesso comunicação', 'FEJEMG', '19/12/1996', 'Trainee', 'Nenhum', 'Publicidade', 1),
(564, 'Rayssa Goés Favato', 'rayssafavato@ibmex.com.br', '31bdeb188f2a0f64da00986c35a15165', 'IBMEX', 'FEJEMG', '09/09/1994', 'Diretora de Projetos', 'Nenhum', 'Projetos', 1),
(565, 'Rodrigo Henriques Resende', 'rodrigo.hresende@ibmex.com.br', '31bdeb188f2a0f64da00986c35a15165', 'IBMEX', 'FEJEMG', '15/03/1993', 'Gerente de Projetos', 'Nenhum', 'Projetos', 1),
(566, 'Clóvis Augusto Moreira Alvim', 'clovis_jf@hotmail.com', 'e6a5f11d47179153fb7fa4911604d2c1', 'Aspecto', 'Nenhuma', '27/07/1988', 'Não tenho', 'Ainda não participei', 'Empreendedorismo e Inovação.', 0),
(567, 'João Henrique Gomes Trancoso', 'joao.henrique@solucoesufv.com.br', 'bf160efe7171c62322964d4481eee7a9', 'Soluções Consultoria', 'FEJEMG', '24/05/1989', 'Diretor de Marketing', 'Nenhum', 'marketing', 4),
(568, 'Maria Clara da Silva', 'maria.clara@solucoesufv.com.br', '5b13cb9dbe18f6f4cc88ddf706f93cb9', 'Soluções Consultoria', 'FEJEMG', '22/06/1996', 'Empresário Júnior', 'Nenhum', 'Gestão de Pessoas', 4),
(569, 'João Paulo Corradi Ferreira', 'jpcf.jf@gmail.com', '468629720429a8d2cd0d3f9bf26d3c47', 'colucci', 'Nenhuma', '02/07/1991', 'diretor', 'emej', 'Direito preventivo - empreendedorismo', 1),
(570, 'isadora de Andrade cunha', 'isadoravrb@hotmail.com', '7224020f862c5817acac28ec8aafed7e', 'Agrobio Consultoria Junior', 'FEJEMG', '15/07/1994', 'Diretora de Gestão de pessoas e conselheira f', 'RP Itajubá', 'Gestão de pessoas', 6),
(571, 'Paula Ribeiro Nascimento', 'paula_ribeiron@hotmail.com', '0f868513643ff2c281d9dfdd5f49459b', 'Ejel', 'FEJEMG', '26/06/1995', 'treinee', 'Rp da Cenje', 'Diretoria de Projetos', 2),
(572, 'Ícaro Abreu Toledo', 'icaroabreu@gmail.com', '4caae3181b1a9c7a49349b67b3edde38', 'Mais consultoria', 'FEJEMG', '20/08/1992', 'nenhum', 'nenhum', 'participar do MEj', 0),
(573, 'Gabriele Almeida de Paula', 'gabriele.paula@solucoesufv.com.br', 'f03c6ca9dd56888e3082d46f0d0ae0dc', 'Soluções Consultoria', 'FEJEMG', '17/05/1996', 'Gerente de gestão de pessoas', 'Nenhum', 'Gestão de pessoas', 4),
(574, 'Brayan Aquino Baldi', 'brayan.aquino@gmail.com', '07481ead2f358dba01f7863ee0e55b8d', 'Mais Consultoria Jr.', 'FEJEMG', '03/10/1991', 'Trainee', 'Cobenge', 'Gerencia de projetos , planejamento estratégico e recrutamento.', 2),
(575, 'Mateus Sales', 'mateusmsales@live.com', 'cef8b28b7b8892eaf567e534b06fa236', 'Mais Consultoria', 'FEJEMG', '07/03/1996', 'Membro', 'Mais Negócios', 'Empreendedorismo', 1),
(576, 'Isabella de Castro Minhaneli', 'isabellaminhaneli2@gmail.com', '4cd2b3b5a589aad7f799367fcdd5b257', 'Sinergia', 'FEJEMG', '12/06/1996', 'Diretora Administrativo Financeiro', 'RP', 'Administrativo financeira, marketing, estratégia, conselho do MEJ', 0),
(577, 'Lucas Araújo Vieira Manoel', 'lucasaraujo@ecofarmajr.com.br', '9f9760b72b68b03f144002a923833c6f', 'Ecofarma Jr.', 'FEJEMG', '05/10/1995', 'Diretor do Departamento de Marketing e Relaçõ', 'RP Ouro Preto', 'Marketing, Projetos', 1),
(578, 'Carolina Guelber Ferreira', 'carolinaguelber@ecofarmajr.com.br', '756a84019f5771ee273d02d69b8ea600', 'Ecofarma', 'FEJEMG', '17/04/1990', 'Pós junior', 'RP de Viçosa - 2013', 'Projetos', 2),
(580, 'Gabriele Almeida de Paula', 'gabriele.a.paula@gmail.com', '94e11ccee9958210a8ad693ba30ca452', 'Soluções Consultoria', 'FEJEMG', '17/05/1996', 'Gerente de gestão de pessoas', 'Nenhum', 'Gestão de pessoas', 4),
(581, 'Larissa Álvaro Marques de Oliveira', 'larissa.marques@engenharia.ufjf.br', '6d33ff52e0232a142a1cd0c813e3928f', 'Mais Consultoria', 'FEJEMG', '29/07/1994', 'Membro', 'Mais Negócios', 'Empreendedorismo', 1),
(582, 'Igor Moreira Campos', 'kbessajf@gmail.com', '0c0d72e76e39efbb2df82c33a0f0b581', 'Ecofarma Jr', 'FEJEMG', '21/11/1994', 'Trainee', 'Ainda não participei de eventos', 'Marketing, Gestão de pessoas e Projetos', 1),
(583, 'Douglas Lacerda', 'douglaslacerdav@gmail.com', 'ae8a596ccf4aae2dea9ed1b83a40fef7', 'UFLA Junior', 'FEJEMG', '06/10/1991', 'Diretor de Projetos', 'EMEJ', 'Gerenciamento de Projetos', 2),
(584, 'Érica Della Garza Oiticica Moreira', 'kikadellagarza@hotmail.com', '283e41e36701da1a17d81a744c8898ea', 'Porte Empresa Jr.', 'FEJEMG', '06/05/1993', 'Gestora de Projetos', 'RP Itajubá', 'Gestão de projetos', 2),
(585, 'KAMILA MARSON CRUZ', 'kamila@maisconsultoria.com.br', 'd01afe39bb6a8174a0f53dca6dbe49db', 'Mais Consultoria Jr.', 'FEJEMG', '04/09/1992', 'Diretora de Marketing', 'nunca participei', 'área de marketing', 1),
(586, 'Barbara rodrigues nunes', 'barbara.nunes26@gmail.com', '24b58cb59530e25b8a8124a1ea1d1cab', 'Acesso comunicaçao jr', 'FEJEMG', '26/05/1992', 'trainee', 'Nenhum', 'comunicaçao/ marketing', 0),
(587, 'Bruna Alves de Oliveira', 'brunaalves@ecofarmajr.com.br', '923db27925027542754fbe4e2c1e3cd6', 'Ecofarma jr.', 'FEJEMG', '05/09/1990', 'Gerente de Ambiente e Clima', 'RP Itabira', 'Gestao de pessoas', 9),
(588, 'Ana Luiza Amaral Barboza', 'ana@maisconsultoria.com.br', '144c8df3ff9dba0a959d5048f71c2e82', 'Mais Consultoria Jr.', 'FEJEMG', '14/07/1995', 'Gerente de Vendas', 'RP de Itajubá', 'Vendas e Marketing', 1),
(589, 'Gabriel costa cavalieri', 'Gccavalieri11@gmail.com', '19ab16b2695fa45ddf23fb9152d7518a', 'Masci consultoria', 'FEJEMG', '19/01/1996', 'Trainee', 'Nenhum', 'Financeira ; projetos.', 2),
(590, 'Leonardo Moises Barbosa de Oliveira', 'leo_oliveira_14@hotmail.com', 'e2327622b833156cdc06670375575b4b', 'ArqJr Projeto e Consultorias', 'Nenhuma', '18/11/1990', 'Trainee', '-', 'Marketing, RH e Projeto', 1),
(591, 'Lucas Perota de Almeida', 'lucasperota.colucci@gmail.com', '2a7e35c3d9d436bd7f551d63952b30d1', 'Colucci', 'Nenhuma', '23/11/1994', 'Gerente Adm/Financeiro', 'Nenhum', 'Aprofundar o conhecimento sobre o MEJ.', 2),
(592, 'Giovane Jansen de Avelar Ribeiro', 'giovane.ribeiro@ijunior.com.br', '1042e2bcce5d889ea6ddde1094d61d3d', 'UFMG Informática Jr.', 'FEJEMG', '23/07/1994', 'Gerente de Projetos', 'ENEJ 2014', 'Projetos e Marketing', 1),
(593, 'Léo Siviero Vicente', 'leo.siviero.vicente@gmail.com', '87d2856b48c5e815f308ce5be30e308c', 'MASCI Consultoria Jr.', 'FEJEMG', '10/01/1991', 'Ex Menbro', 'RP Ouro Preto', 'Qualidade', 2),
(594, 'Gustavo Dias', 'bueno.gucd@gmail.com', 'c52980abf568d04f59c86fd3a8f8ad27', 'EJZ Consultoria', 'Nenhuma', '28/07/1994', 'Diretor de qualidade', 'Não participei', 'Qualidade, estratégia, gestão, desenvolvimento, gestão de pessoas.', 1),
(595, 'Daniel Victor Talarico Horsth', 'Talarico_jf@hotmail.com', 'c695c839b2927bd8cfe3b851d9e31a57', 'MASCI Consultoria Jr.', 'FEJEMG', '12/08/1993', 'Nenhum', 'Nenhum', 'Financeiro', 0),
(596, 'Rodrigo Rocha', 'rodrigorochaevaristo@gmail.com', 'f89d4f4ff5dc4f1dff99d808d2b6efbe', 'MASCI', 'FEJEMG', '28/12/1993', 'consultor', 'RP de Ouro Preto', 'Financeiro, Projetos e Marketing', 7),
(597, 'Vitor Eiji Kernbichler', 'vitinhoeijik@hotmail.com', '6968a985e881a7de2c89278d2fe3036f', 'UNIFEI JR', 'FEJEMG', '02/12/94', 'Gerente', 'RP Itajubá', 'Projetos', 2),
(598, 'Alfredo Salomé Fonseca', 'alfredosfonsec@yahoo.com.br', '82d5b5780880f52f8045ba4794846be1', 'UP Consultoria Jr.', 'FEJEMG', '27/08/1985', 'Diretor de Projetos', 'EMEJ', '.', 2),
(599, 'Pedro Henrique Zanatta Macedo', 'pedro@maisconsultoria.com.br', 'd4e4757ef86dcbc0bb8138c178b19835', 'Mais Consultoria Jr.', 'FEJEMG', '03/06/1995', 'Gerente da Qualidade', 'RP', 'Qualidade/ Desenvolvimento', 10),
(600, 'Rodrigo Macedo Conceição', 'romaco1694@gmail.com', 'c08ede462e60b31206371ba1c8edb0dc', 'MASCI Consultoria Jr.', 'FEJEMG', '16/05/1994', 'Consultor de Marketing', 'EMEJ', 'Marketing', 7),
(601, 'Daniela Lírio Costa', 'danielalc.inova@gmail.com', '60afd746080a038542aa73427dfec250', 'Inova Consultoria Jr.', 'FEJEMG', '12/10/1992', 'Assessoria da Presidência', 'RP Itabira', 'Relações Públicas', 0),
(602, 'Anderson Guedes de Carvalho', 'andersongc@live.com', '18b5c4acc22d41fb860d909fd507d78b', 'UNIFEI JR', 'FEJEMG', '07/10/1994', 'Assessor', 'ENEJ 2014', 'Vice-presidência da EJ', 1),
(603, 'Andryelle Eliza Amorim Bento', 'amorim.andryelle@gmail.com', '4ecf6e92456f80705682dbb08c571736', 'Ejel', 'FEJEMG', '07/12/1994', 'Traineer', 'RP Cenje - Ouro Branco', 'Aprendizado e conhecimento!', 1),
(604, 'Júlia Muniz', 'juliamdemirandasa@gmail.com', 'c71c8821e219dfa33dd17f521660b398', 'Emas Jr.', 'Nenhuma', '29/10/1994', 'Diretora Presidente', 'EMEJ', 'Abrir cada vez mais a minha cabeça, me conhecer melhor. Entender mais sobre estratégia, gestão e qualidade.', 1),
(605, 'Luana Silva Cabral', 'luanalimajf@hotmail.com', '8c26f9169b693f0aca13aa0dd4c7fbcc', 'Aspecto', 'Nenhuma', '09/09/1994', 'Trainee de Design Grafico', 'nenhum', 'Design Grafico\nEmpreendorismo\nSustentabilidade\nGestão', 1),
(606, 'Wesley Ferreira da Costa', 'wesley.ferreira@engenharia.ufjf.br', 'f5ffc847c2072ffb5fda82edd30bc19f', 'Impacto', 'Nenhuma', '06/02/1991', 'Gerente de Projetos', 'Semana da Engenharia UFJF', 'Gestão de Projetos e Engenharia Mecânica em geral', 6),
(607, 'Camila Monteiro de Faria', 'camila.monteiro@engenharia.ufjf.br', '632d3fdcf45e30e7e16ddc7429e0c569', 'Empresa de Consultoria em Engenharia Mecanica', 'Nenhuma', '22/03/1994', 'Gerente de Ambiente e Clima', 'Mais negócios, organizado pela empresa Mais c', 'Engenharia e seus afins', 6),
(608, 'Crislayne Gabriela Andreto', 'crissandreto@gmail.com', '758d0fa2b9fb5d3fc3e6a9e5a72b07e0', 'Tristate - Consultoria em Mecatrônica', 'FEJEMG', '17/09/1993', 'Assessora de Projetos', 'CAP Jr', 'Projetos, Qualidade', 5),
(609, 'Cristiane Dantas', 'kricadantas2@hotmail.com', 'f30f0b00c1423b5e2f69d274036778ff', 'Arq Jr Projetos e Consultorias', 'Nenhuma', '29/09/1992', 'Conselheira Fiscal', 'RP FEJEMG Itajubá; Imersão CORE-UFOP', 'Marketing, Design e Comunicação; Gestão de Projetos; Arquitetura e Urbanismo.', 2),
(610, 'Eduarda Gambogi Pereira', 'eduardagambogi.colucci@gmail.com', '8caeaa2fe537cf02f71a95584f5a0c32', 'Colucci Consultoria Jurídica Júnior', 'Nenhuma', '28/12/1990', 'Nenhum', 'Nenhum', 'Saber mais sobre o MEJ e representar a minha EJ.', 0),
(611, 'Matheus', 'dgrafico1.aspecto@gmail.com', '9f2f7bffedc64dc16fe2753fe2bd39b2', 'Aspecto', 'Nenhuma', '01/01/1996', 'Nenhum', 'Nenhum', 'Design, Design Gráfico', 0),
(612, 'Daniel Guimarães Silva Lucena', 'daniel_edfisica@hotmail.com', 'b05507c3a531a2eb9f19e6130916f4ad', 'Ace. Jr', 'Nenhuma', '10/07/1992', 'Trainee', 'Nenhum', 'Gestão de Pessoas e Projetos.', 1),
(613, 'Vitor Mol Lombardi', 'vitormol93@gmail.com', '314bb12e43e324daf8a3fd11dc371dec', 'Cace Consultoria Jr.', 'FEJEMG', '27/09/1993', 'Diretor Presidente de EJ', 'ENEJ', 'Estratégia, qualidade, presidencia', 28),
(614, 'André Mello Salles Tibúrcio', 'andre.tiburcio8@gmail.com', '149afd631693c895f81e508eb5aaef37', 'Cace Consultoria Jr.', 'FEJEMG', '29/07/1988', 'Gerente Estratégico', 'Internej', 'Planejamento Estratégico, Comunicação Interna, Liderança e Propaganda e Publicidade', 1),
(615, 'Maykelly da Silva Gomes', 'maykelly.gomes@gmail.com', '20d9594d725f64b208b18cb174076bbf', 'EJZ Consultoria', 'Nenhuma', '04/09/1995', 'Diretora de Marketing', 'RP Fejemg MG 2013', '.', 1),
(616, 'Soraia Monteiro', 'soraia.monteiro.cis@gmail.com', '49ce42a1f5b80373c721bb6d963544e8', 'PraxCis', 'Nenhuma', '15/02/1989', 'Presidente', 'VIII InternEJ', 'Processos, Gestão, Liderença', 1),
(617, 'Mariane de Paula Pires', 'ppiresmariane@gmail.com', 'cce9ffa3d2d0a6bac7a1b14d958da5b6', 'PraxCis', 'Nenhuma', '05/10/1992', 'Diretora Administrativo Financeiro', 'EMEJ', 'Gestão, Liderança, Processos, Planejamento Financeiro e Estratégico, Formulação e análise de Indicadores', 1),
(618, 'Isadora Gaione Amin', 'isadoraamin@gmail.com', '07496c12b3a93f2ad13fc08b54bf680c', 'Alimentos Júnior Consultoria', 'FEJEMG', '09/02/1992', 'Pós-júnior', 'Internej', 'Projetos, marketing e gestão de pessoas.', 6),
(619, 'Francisco Tabosa Ortega', 'francisco.t.ortega@gmail.com', 'a42705b84d3e2d1ef3689ec210dd378f', 'Soluções Consultoria', 'FEJEMG', '30/05/1991', 'Pos-junior', 'Rp ouro preto', 'Projetos e qualidade', 2),
(620, 'Guilherme Raminho', 'guilherme.raminho@nobugs.com.br', '27d5901276bf5bb6f1e236eb8c217e9e', 'No Bugs', 'Nenhuma', '07/02/1992', 'Diretor de Projetos', 'RP Itabira', 'Projetos, Desenvolvimento, Comunicação', 3),
(621, 'Victor Machado de Mendonça Noventa', 'victor.noventa@nobugs.com.br', '18ce98b10e6ad7c5498d47a25e937ec9', 'No Bugs', 'FEJEMG', '01/04/1994', 'Gerente de Projetos', 'ENEJ 2014', 'Projetos', 1),
(622, 'LUIS GUSTAVO LOSCHI GOMES ALVARENGA', 'gu.loschi@gmail.com', 'ba48248cf68dfc59008f41ea0463311b', 'Cace Consultoria Jr.', 'FEJEMG', '04/05/1992', 'Diretor de Marketing', 'ENEJ', 'Marketing; Estratégia', 1),
(623, 'Genival Souza Bento Júnior', 'genival.bento@hotmail.com', '33a8df97e62e2600e8cd9b6f64de0f01', 'PRAXCIS - Empresa Júnior de Ciências Sociais ', 'Nenhuma', '06/05/1993', 'Diretor de Qualidade', 'Dia da Qualidade', 'Liderança, Análise de riscos, Excelência, Processos', 1),
(624, 'Lucas Tech dos Santos', 'lucastech.apoio@gmail.com', '8baa01df572eca2bd501230a35b61802', 'Apoio Consultoria', 'FEJEMG', '08/03/1991', 'Diretor de Desenvolvimento do NEJ UFU', 'RP Juiz de Fora', 'Gerenciamento de Projetos, Gestão Estratégica, Desenvolvimento', 1),
(625, 'Guilherme Santana de Freitas', 'guilherme.freitas@nobugs.com.br', '644b9d0e5d8d4e4ab0c2af7e4edbb689', 'No Bugs', 'FEJEMG', '22/02/1991', 'Diretor de Qualidade', 'EMEJ', 'Presidência', 2),
(626, 'Neyller Lima Figueiredo', 'neyllerfigueiredo@yahoo.com.br', '7cb137fae1007ddab9fbf2d60dab60fb', 'Veterinarius', 'Nenhuma', '06/09/1993', 'Diretor Presidente da EJ', 'Dia Trainee da CEEMPRE', 'Estratégia e Gestão de Pessoas', 1),
(627, 'Jackson Pereira de Sá', 'jackpsa2010@gmail.com', '367c41a3aa87bbcc35b2e7d0ada110f6', 'Ecofarma', 'FEJEMG', '28/03/1995', 'Trainee', 'nenhum', 'capacitação e projetos', 1),
(628, 'otavio de paula castro', 'otaviocastro93@gmail.com', '52229306d09c6218b55a1ebecfb79a16', 'cecco', 'FEJEMG', '03/03/1993', 'gerente', 'RP de joão molevade', 'mapeamento de processos', 6),
(629, 'Gustavo Gasques Brassolati', 'gustavogasques.apoio@gmail.com', 'cf18337cc541bdd7f9f63e4381e3dfea', 'Apoio Consultoria', 'FEJEMG', '27/08/1993', 'Assessor Administrativo Financeiro', 'EMEJ', 'Finanças', 10),
(630, 'Mariana Vieira Mendes', 'vimendes.mariana@gmail.com', '5d71bd2c6c149b09f99aee0ae0ca3642', 'Cace Consultoria', 'FEJEMG', '14/05/1995', 'Gerente de custos', 'nenhum', 'Financeiro', 10),
(631, 'Alexandre Araujo', 'alexandre.araujo@nobugs.com.br', 'e10adc3949ba59abbe56e057f20f883e', 'No Bugs', 'FEJEMG', '26/07/1991', 'Diretor', 'Enej 2014', 'Inovação', 2),
(632, 'Gustavo Senra', 'gustavo.senra@solucoesufv.com.br', '735f108bfa0b890fcb93667c8f5c343b', 'Soluções Consultoria', 'FEJEMG', '06/09/1993', 'Gerente de Qualidade', 'InternEJ', 'Sistema Gestão da Qualidade, MEG', 3),
(633, 'Paula Viana Queiroz', 'paulavianaqueiroz@gmail.com', 'b38590fe45910324a09b4954222e5b64', 'Sinergia', 'FEJEMG', '16/08/1991', 'Gerente de Projetos', 'IX Internej', 'Funcionamento das Diretorias, principalmente a diretoria de projetos. em outras EJ''s pertencentes à Federação buscando formas para ajudar a melhorar a EJ que participo.', 4),
(634, 'Pablo César Vieira Motta', 'pablovieira23@gmail.com', 'fa9048440012f5354cf06c83e8b4adbf', 'Cace Consultoria Jr', 'FEJEMG', '24/09/1993', 'Gerente de Relações Públicas', 'C.T.', 'Marketing', 1),
(635, 'Maria Júlia Flores Fernandes Dias Leandro', 'mariajulia_ffdl@hotmail.com', 'efe59cce128462d3e80888ef63de8617', 'ATP Jr.', 'FEJEMG', '08/06/1995', 'Diretora Administrativo-Financeira', 'CAP Jr.', 'Administrativo-Financeiro, Qualidade, Visão de Estratégia', 1),
(636, 'Débora Werneck Caldas', 'deborawcaldas@gmail.com', 'f9549c100d714729c4b0da7cea2c8f0f', 'In Bio - Empresa Júnior de Biologia', 'FEJEMG', '30/06/1992', 'Diretora-Presidente', 'RP em Juiz de Fora', 'Tenho interesse em aumentar minha rede de networking, conhecer pessoas que possam acrescentar na minha formação, ter contatos com pessoas que possam me proporcionar um mercado de trabalho mais atrativo.', 3),
(637, 'Bárbara Gonçalves Fabiano', 'barbaragfabiano@gmail.com', 'a62fe230fb661b05fc34925578f3e2c3', 'Sinergia', 'FEJEMG', '06/09/1995', 'Gerente de Relações Públicas', 'Nenhum', 'Conhecer novas pessoas e agregar mais conhecimento tanto pessoal quanto para a empresa.', 4),
(638, 'Danielle Dias Cardoso', 'daniellecardoso96@gmail.com', '6ccaac9dde632f2a62fc2a8bcfc17f04', 'Sinergia', 'FEJEMG', '24/06/2014', 'empresário júnior', 'Nenhum', 'Conhecer novas pessoas ,e adquirir conhecimento .', 4),
(639, 'Tialerren Fernandes', 'tialerren@gmail.com', '95ddc3e6c310809816ed4b49a2f78196', 'Sinergia - Soluções em Tecnologia Química', 'FEJEMG', '20/02/1997', 'Trainee de Qualidade', 'Dia Trainee (CEEMPRE)', 'Melhorar o meu aprendizado no MEJ', 1),
(640, 'Lucas Rodrigues Neiva', 'lucasrneiva@gmail.com', 'a20420108c456f17110585b3f2355c81', 'Sinergia', 'FEJEMG', '24/08/1995', 'Empresario Júnior', 'nenhum', 'Conhecer as empresas e seus respectivos membros, para que assim ocorra troca de ideias.', 4),
(641, 'Mariana Nascimento Ribeiro', 'mariana.ribeiro@engenharia.ufjf.br', '3cde226815d0c720984e34aec547ce74', 'Porte Empresa Jr.', 'FEJEMG', '31/07/1992', 'Gestão', 'RP de BH', 'Gestão de Pessoas; Engenharias', 6),
(642, 'Carolina Teixeira', 'carolina.teixeira.moreira@gmail.com', 'aeb2054bf695b0c5c953eb1efc37f1d2', 'Cace Consultoria Jr.', 'FEJEMG', '02/11/1989', 'Pós Junior', 'RP São João', 'Finanças e gestão de pessoas', 1),
(643, 'Luiz Henrique Horta Urgal', 'luiz.urgal@ufv.br', '4108eb9ef46f75f967341dc8c50e0894', 'EmpNut', 'FEJEMG', '13/06/1992', 'Gerente de Consultoria', 'RP de Itabira', 'Projetos, prestação de serviços, etc...', 6),
(644, 'juliano basso dutra', 'juliano.conselt@gmail.com', '7448970bc2ccecb5f1ac34d47167c03d', 'conselt', 'FEJEMG', '14/09/1992', 'menbro diretoria de qualidade', 'MEJ 2014', 'capacitação para o empreendedorismo', 6),
(645, 'Rafael de Lanna Letti', 'lannaletti@gmail.com', '7068e461b4928095d4038a3dedbe0a83', 'Cace Consultoria Jr.', 'FEJEMG', '11/01/1987', 'Gerente de Custos', 'Enej', 'Administrativo financeiro. Qualidade. Prejetos.', 1),
(646, 'Thiago Sírio', 'thiagosirio@hotmail.com', 'b383ebeacd6b747ec69cc584b15c513c', 'EJEL', 'FEJEMG', '17/01/1989', 'Assessor Administrativo', 'Eleição Fejemg', 'Gestão de Pessoas', 7),
(647, 'Marcos Bolsoni Siqueira', 'marcossiqueira.acpe@gmail.com', '4a280dc2edcaa37046cfac078560f0c8', 'ACPE', 'FEJEMG', '12/03/1994', 'diretor adm-fin NEJ-UFU', 'nunca fui', 'administrativo-financeiro', 1),
(648, 'Matheus Augusto Gonzaga Rodrigues', 'matheus.rodrigues@nobugs.com.br', '469872a679ac618930db51285b180cbb', 'No Bugs', 'FEJEMG', '11/12/1995', 'Empresario Junior', 'InternEJ', 'Área de Qualidade', 1),
(649, 'Isabela Almeida Marques', 'belaam01@gmail.com', 'b4f0af8817108eaaf4ac52e6f997bb44', 'CECCO', 'FEJEMG', '01/06/1994', 'gerente de GP', 'RP de molevade', 'RPs, informações sobre FEJEMG, eventos', 5),
(650, 'Virgínia Badaró', 'virginiabadaro@criaufmg.com.br', 'a179ddb59b16206d7c721c3d754227ec', 'Cria UFMG', 'FEJEMG', '28/01/1994', 'Conselheira FEJEMG', 'EMEJ', 'Comunicação', 1),
(651, 'Anne Valentim', 'anne_valentim@hotmail.com', 'e10adc3949ba59abbe56e057f20f883e', 'EJEL - Consultoria e Projetos Elétricos Jr.', 'FEJEMG', '03/11/1992', 'Assessora de Projetos', 'RP - Eleição - Juiz de Fora', 'Gestão, Desenvolvimento, projetos, planejamentos estratégicos.', 1),
(652, 'Leonardo Lopes Coelho', 'leonardo.coelho@nobugs.com.br', '180cf7712a138fe3085466c1cc9b07ee', 'No Bugs', 'Nenhuma', '29/08/1995', 'Gerente', 'Rp', 'Adm-Fin, Comunicação', 5),
(653, 'Tayná Baptista Mansano Peres', 'taynabaptista.acpe@gmail.com', 'a8ed908bcdd6d8fee859d23354f81526', 'ACPE', 'FEJEMG', '05/12/1995', 'Conselheira Multiplicadora', 'RP Juiz de Fora', '-', 8),
(654, 'Gabriel Santana Matos Obolari', 'gabrielobolari95@gmail.com', '39490ca3e5c910db4937cc2a5be34748', 'Sinergia', 'FEJEMG', '18/05/1995', 'Diretor de Gestão de Pessoas', 'Copa Junior de Futsal', 'Gestão de Pessoas, Empreendedorismo, Marketing.', 5),
(655, 'Chaib Corrêa Silva Rosa', 'chaibcorrea@yahoo.com.br', '36faa4e8e969e44ba18e9de96de7af60', 'UFLA Júnior Consultoria Administrativa', 'FEJEMG', '06/08/1994', 'Assessor de Marketing', 'EMEJ', 'Área de desenvolvimento', 1),
(656, 'Luís Otávio de Souza Guimarães', 'losg220294@hotmail.com', '16bb41d2e027c2038be364e4c98a9abd', 'Ejel', 'FEJEMG', '22/02/1994', 'Trainee', 'RP FEJEMG', 'Projetos, Desenvolvimento', 2),
(657, 'Nayara Teixeira de Moura', 'nayaramoura.goval@gmail.com', 'e745de87439175616094e568ea783548', 'Alimentos Júnior', 'FEJEMG', '10/12/1992', 'Diretora de Gestão de Pessoas', 'EMEJ', 'Todas!', 2),
(658, 'Marcilene Aparecida Coelho', 'marcileneaparecida79@gmail.com', 'ac1bf6f729b10e5505bf704ef2a965c4', 'CECCO Consultoria Contábil', 'FEJEMG', '01/09/1995', 'Diretora de Gestão de Pessoas', 'RP de João Monlevade', 'Gestão de Pessoas.', 2),
(659, 'Ramon Rocha de Oliveira', 'ramonroliveira@hotmail.com', '4e996ec2652753acae55a6ced10191d9', 'Ejel - Consultoria e Projetos Elétricos jr.', 'FEJEMG', '23/08/1992', 'Trainee', 'RP - Juiz de Fora', 'Marketing, Gestão de Pessoas e Projetos', 0),
(660, 'Roberta Aparecida Teixeira', 'robertateixeiracco@gmail.com', '317ae9e71ed70ac164452f5654808934', 'CECCO Consultoria Contábil', 'FEJEMG', '22/08/1994', 'Gerente Administrativo, Financeiro e Juridico', 'RP em João Monlevade', '....', 5);
INSERT INTO `usuarios` (`codUsuario`, `nomeCompleto`, `email`, `senha`, `ej`, `federacao`, `dataNascimento`, `cargoMej`, `evento`, `areaInteresse`, `tempoMej`) VALUES
(661, 'Camila de Oliveira dos Santos', 'camila.o.santos@ufv.br', '8c12588d8ca8531b3813bae96f210b58', 'Intermídia', 'Nenhuma', '26/01/1995', 'Gerente de Gestão de Pessoas', 'Dia trainee', 'Gestão de Pessoas  e Assessoria de Comunicação', 6),
(662, 'Luan Ferreira Campos', 'lfcampos.eab@gmail.com', '93ee42882ea5a7ebb49d7fa64854949e', 'Ambiental Jr.', 'FEJEMG', '24/06/1995', 'Diretor de Marketing', 'Nenhum', 'Áreas diversas', 9),
(663, 'Juliana Batista Rosa de Souza', 'ju_batista_13@hotmail.com', 'caf37ef048a4093cf22feb8b643bebf6', 'Ascender Jr.- Treinamentos e Projetos Elétric', 'Nenhuma', '03/01/1994', 'Presidente', 'RP JUIZ DE FORA', 'Presidência no MEJ', 10),
(664, 'Rodrigo Sales de Lima', 'rodrigoslima10@yahoo.com.br', '517b16064c371a6824f39aad3f4edcc9', 'EJEL - Consultoria e Projetos Elétricos Jr.', 'FEJEMG', '02/10/1995', 'Assessor da Qualidade', 'RP Ouro Preto 2015', 'Qualidade', 7),
(665, 'José Sipriani Alves Teixeira', 'josesipriani@gmail.com', 'c0c482d6405fcdea28b7806cfc8d5ec1', 'Tristate', 'FEJEMG', '24/08/1995', 'Assessor de Projetos', 'ENEJ 2014', 'Coodernador Geral', 7),
(666, 'Júlia Araújo', 'julia.araujo@ucj.com.br', '83cc36c0a2247d49e778379435392349', 'UCJ', 'FEJEMG', '30/09/1993', 'Consultora', 'EMEJ', 'gestão, processos, marketing, finanças', 6),
(667, 'Sofia Carvalho Guimarães', 'sofiacarvalho.enq@gmail.com', '77016691cd5a049005dba568b5164b59', 'Sinergia', 'FEJEMG', '27/11/1995', 'Gerente de Projetos', '-', 'gerenciamento de projetos, estratégia, relacionamento com professores', 4),
(668, 'Tatyane Lott Magalhães Coelho', 'tatylott@yahoo.com.br', '40e902f7f5f19a203f7fe69d26a896cb', 'Perfil Consultoria Jr.', 'FEJEMG', '06/07/1994', 'Acessoria da Presidência', 'Não há', 'Psicologia Organizacional e do Trabalho', 1),
(669, 'Rafaela Cruz Bórtoli', 'rafaelacruz.apoio@gmail.com', 'cde526f6cd7f23775c5cb56027910663', 'Apoio Consultoria', 'FEJEMG', '07/01/1991', 'Assessora de Negócios', '-', 'Projetos', 2),
(670, 'Otávio dos Reis Teixeira', 'otavioteixeira.meta@gmail.com', '522a1ee9dad0c8fd942be0f46a6665aa', 'Meta Consultoria', 'FEJEMG', '10/01/1995', 'Consultor de Qualidade', 'Nunca participei', 'Qualidade, gerenciamento de projetos.', 5),
(671, 'Vinicius Siqueira Andriani', 'viniciussiqueiraandriani@gmail.com', '64e2f6f454e8929b139b7b50cd004049', 'EJEL', 'FEJEMG', '16/02/1995', 'Trainee', 'RP FEJEMG', 'Qualidade', 2),
(672, 'Hêmily Ana Gomes', 'hemilyag.inova@gmail.com', '75d39649a73837d171b4766456a8e116', 'Inova Consultoria Jr.', 'FEJEMG', '16/02/1992', 'Diretora Presidente', 'RP Juiz de Fora', 'Gestão de Pessoas, Relações Públicas, Presidência', 3),
(673, 'Maicon Dias Castro', 'maicondcastro@hotmail.com', '88e45429e4af78846785bfd574490849', 'Visão Jr.', 'Nenhuma', '30/04/1993', 'Assessor de Projetos', 'Não participei', 'Computação', 1),
(674, 'Mariana Nalesso Gonçalves', 'mariananalesso.conselt@gmail.com', '2f0bf7c1dcee59ad6643adb18c687f38', 'Conselt', 'FEJEMG', '03/05/1993', 'Diretora de RH da Conselt', 'RP UBER', 'Gestão de Pessoas', 1),
(675, 'Eduardo Bacci Borenstain', 'eduardoborenstain@gmail.com', '27b38f60e11537bc2ec33b286ca5fd6f', 'AgroPlan-UFV', 'FEJEMG', '26/03/1993', 'Assessor', 'RP Uberlândia', 'Todas as áreas são do meu interesse.', 5),
(676, 'Alba Márcia Evangelista da Silva', 'albasilva.senior@gmail.com', '1dc5e1c4c4d82ff8d6a27384b7ca696c', 'Sênior Consultoria Ambiental Jr.', 'FEJEMG', '06/04/1988', 'Diretora de Projetos', 'RP João Monlevade', 'Planejamento, Gerenciamento e Acompanhamento de Projetos', 1),
(677, 'Camila de Oliveira Ferreira', 'colferre@gmail.com', 'a12a2e21dc71f7b5595f9f05cd3c49e0', 'Inova Consultoria Jr.', 'FEJEMG', '01/01/1988', 'Assessora Adm/Fin', 'RP Juíz de Fora', 'Benchmarking', 6),
(678, 'Paula Perdigão', 'paulinha.perdigao@hotmail.com', '4fe7d252bcc81d166505c2ddbbb3e9ab', 'RH Jr.', 'FEJEMG', '01/04/95', 'assessora adm-fin', 'Emej', 'RH, gestão de projetos', 6),
(679, 'Carolina Ribeiro de Castro Alvim', 'adm-fin@rhjr.com.br', '6fda3627f0494c21f32e720fa1d6c253', 'RH Jr.', 'Nenhuma', '02/12/1992', 'Diretora do Administrativo-Financeiro', 'RP Itabira', 'RH, Empreendedorismo', 10),
(680, 'Amanda Muffato da Silva', 'amandamuffato@ymail.com', 'f2e8fbe1262133b2674aa73ee5a8d627', 'RH Consultoria Júnior - UFMG', 'FEJEMG', '10/04/1994', 'Assessora de Marketing', 'Esse é meu primeiro evento', 'Recursos Humanos, Marketing e Administração', 3),
(681, 'Ana Machida', 'ananaemi@fejemg.org', '879ad5d36c1156b80f87849d510d1901', 'Cria UFMG', 'FEJEMG', '16/02/1995', 'Assessora de Publicidade da FEJEMG', 'RP', 'Publicidade', 1),
(682, 'Felipe Romano Schaper', 'feliperomano41@gmail.com', '51c7b260be903f776481fadf5af0fc87', 'Ejel', 'FEJEMG', '09/02/1994', 'trainee', 'Eleições da FEJEMG em Juiz de Fora', 'Marketing', 2),
(683, 'Felipe Renó Veiga', 'renoveiga@hotmail.com', 'b7849e3f1d1b0883912794e3a063166b', 'Ejel - Consultoria e Projetos Elétricos Jr.', 'FEJEMG', '23/04/1989', 'Assessor da Presidência', 'RP - Juiz de Fora', 'Benchmarking, Empreender, Crescimento, Transformar, ser júnior apenas no nome.', 2),
(684, 'José Antõnio Mariano Júnior', 'josejr.mariano@gmail.com', '13a1a44b339ecf9db325de5c2bdaf674', 'Jurídica Júnior', 'FEJEMG', '20/10/1992', 'Assessor de projetos', 'RP de Viçosa', 'Direito; Direito Administrativo; Responsabilidade Civil; Responsabilidade Social; Marketing', 6),
(685, 'Luísa Souza Costa', 'luisasouzacosta@gmail.com', 'd6425bdf344bfe54af5bd1a459af4582', 'João Pinheiro Júnior', 'FEJEMG', '15/09/1994', 'Presidente', 'RP de Juiz de Fora', 'Administração Pública, Políticas Públicas, Municípios, Participação Social, Controle social da Administração Pública, Democracia, Política', 2),
(686, 'Lettycia Oliveira da Cunha', 'lettyciacunha@gmail.com', '8385d470eae90bc40ae5929d1b46a867', 'UFV Jr. Florestal', 'FEJEMG', '03/02/1996', 'Trainee', 'nenhum', 'Todas, desde administrativa a projetos.', 1),
(687, 'Alexandre Gomes Ferraz', 'alexandre.g.ferraz@gmail.com', '25e33459cf4099a557ebc120763508e7', 'UFV Jr. Florestal', 'FEJEMG', '18/01/1993', 'Trainee de qualidade', 'nao tem', 'Qualidade e Gestao de Pessoas', 3),
(688, 'Lucas Zolini Ruas Martins', 'lucas.zolini@gmail.com', '667b5f3f79ad049bb9e60b246ac64364', 'João Pinheiro Júnior', 'FEJEMG', '21/09/1994', 'Assessor Vice-presidência', 'Sessão Interativa', 'Qualidade, Inovação e Gestão.', 10),
(689, 'Carla Aparecida de Oliveira Castro', 'carla_oliveira93@hotmail.com', '0bf7c8ee2d613ea3528d786db9c7443d', 'UFV Jr Florestal', 'FEJEMG', '20/01/1993', 'Diretora de Marketing', 'IX Internej', 'Marketing', 1),
(690, 'Gabriel Carazza Siqueira', 'gabrielcarazza@hotmail.com', 'ea1eb24de8b67f3f91822d8764475c4e', 'Ejel', 'FEJEMG', '22/05/1995', 'Diretor Administrativo Financeiro Ejel / Asse', 'IV UFSJr', 'RP', 14),
(691, 'William Rangel Oliveira', 'williamrangeloliveira@gmail.com', '0ded02b24dbe63daac1f8ebc9d0af0cc', 'UFV Jr. Florestal', 'FEJEMG', '11/11/1988', 'Diretor de Administrativo-Financeiro', 'RP em Belo Horizonte', 'Empreendedorismo, Meio Ambiente e as diversas áreas de atuação de Engenharia Florestal.', 1),
(692, 'Nilton Rodrigues de Almeida Júnior', 'niljuton@hotmail.com', '1b76a4cd8ed30c0d44d05b57da28a9eb', 'EJZ Consultoria', 'Nenhuma', '02/10/1996', 'Gerente de Marketing', 'IX INTERNEJ', 'Marketing e suas vertentes', 0),
(693, 'Iara Silva Sampaio', 'iarasampaioufv@gmail.com', 'de08f8a620049411adb1b2c9871dec14', 'UFV Jr. Florestal', 'FEJEMG', '11/03/1993', 'Diretora Interina de Qualidade', 'RP Itajubá', 'Qualidade, Excelência em Gestão', 5),
(694, 'Júlia Muniz de Miranda Sá', 'julia.muniz@emasjr.com.br', 'c71c8821e219dfa33dd17f521660b398', 'Emas Jr.', 'Nenhuma', '29/10/1994', 'Diretora Presidente', 'RP Juiz de Fora', 'Aprender sobre gestão\nAutoconhecimento\nEmpreendedorismo\nGestão de Pessoas', 1),
(695, 'Marina de Castro Firmo', 'maricastrofirmo@gmail.com', '4466e97f839234b4ebec1bb3927e908a', 'João Pinheiro Jr.', 'FEJEMG', '20/03/1996', 'Coordenadora de Núcleo de Extensão (Futuros G', 'Nenhum', 'Networking Benchmarking Interação Comunicação', 6),
(696, 'BRUNA VALLADARES DE TOLEDO', 'brunavalladares.1@gmail.com', '88891efc7f7cb3a3ab0df55271a442d3', 'Apsi Consultoria Jr', 'FEJEMG', '03/12/1991', 'Gerente de Expansão - FEJEMG', 'ENEJ', 'Gestão de Pessoas, Recursos Humanos, Psicologia Organizacional', 3),
(697, 'Felipe Barreto Nunes', 'felipebarretonunes@gmail.com', 'e3f1852aa35769501c0ac17b5a2306d7', 'UFV Jr. Florestal', 'FEJEMG', '02/06/1995', 'gerente de projetos', 'InternEJ', 'Projetos', 1),
(698, 'LAÍS CRISTINA BENEVIDES PEREIRA', 'laisc094@gmail.com', '86b4f70e24819685f0435432d85016d5', 'Emas Jr.', 'Nenhuma', '25/03/1994', 'Diretora de Projetos', 'EMEJ', 'Tudo relacionado ao MEJ', 1),
(699, 'Débora Resende Lara Chaves', 'deborarlc@gmail.com', '7004436f53229cf6e414e0ffa8209bbe', 'Ejel', 'FEJEMG', '18/11/1991', 'Assessor Administrativo Financeiro', 'EUEJ', 'Administrativo Financeiro', 1),
(700, 'Vinicius Pereira Fugimoto de Andrade', 'vfugimoto@yahoo.com.br', '0a9dd946b48e624c17357d62ee880fd0', 'Ambiental jr', 'FEJEMG', '21/07/1992', 'Gerente de Qualidade', 'EMEJ', 'Gestão da Qualidade, MEG, empreendedorismo, MEJ', 1),
(701, 'Hellen Caroline de Morais Carleial', 'hellen_carleial@hotmail.com', '6181a9cd287b5ee3897603339f022e3d', 'EmasJr.', 'Nenhuma', '10/06/1994', 'nenhum', 'EMEJ', 'Marketing, gestão de pessoas.', 0),
(702, 'William Heleno Mariano', 'mariano.wh@gmail.com', 'c1ce38811e5cd9d685e2c7421a5051f9', 'EJZ Consultoria Agropecuária', 'Nenhuma', '24/11/1993', 'Diretor Presidente', 'IX InternEJ', 'Liderança', 27),
(703, 'Renata Paulo Macedo', 'renata.macedoufv@gmail.com', '96780f2b9959c3597e15b8e04750e6f9', 'UFV Jr. Florestal', 'FEJEMG', '02/01/1991', 'Diretora de Gestão de Pessoas', 'Selo CEEMPRE', 'Recursos Humanos', 11),
(704, 'Carolina Fernandes Carvalho', 'carolinafccarvalho@gmail.com', '6fad9b7920eee926fa9d7d399227cf70', 'Ambiental Júnior', 'FEJEMG', '18/08/95', 'Gerente de Projetos', 'EMEJ', 'Planejamento de projetos', 1),
(705, 'Henrique Witney Martins Alves Xavier', 'henriquewitney@gmail.com', '36327871eb6e0f5d160e17534daeac71', 'Ejel - Consultoria e Projetos Elétricos Jr.', 'FEJEMG', '06/04/1991', 'Assessor de Projetos', 'RP de Juiz de Fora', 'Projetos', 1),
(706, 'Nayara Nogueira Soares Marra', 'nayara.nsmarra@gmail.com', 'c5f31469524190bd39ad2c8ecae4ed07', 'Mult Jr', 'Nenhuma', '30/06/1993', 'Assessora de RH', 'RP - Juiz de Fora', 'Recursos Humanos, Estratégia, Qualidade', 10),
(707, 'Gabriel Soares Cunha', 'gbr.s.cunha@gmail.com', 'cecb3fb66893bd2c00c76ea67d85df27', 'AGRIJÚNIOR', 'Nenhuma', '14/11/1994', 'Diretor de Marketing', 'INTERNEJ', 'Marketing, AFJ', 17),
(708, 'Luccas Caitano Salgado', 'luccascsalgado@gmail.com', '6fcfc09c8c98ac2b630c003b9088ffa3', 'TECNOMOL - Empresa Júnior de Bioquímica', 'Nenhuma', '09/10/1991', 'Presidente', 'InternEJ', 'Presidência, Marketing, Qualidade e Desenvolvimento.', 3),
(709, 'Isabella Alves Peçanha', 'isabellaalves13@hotmail.com', '7d814f2c3bdd46afff2bc56a1aa6c944', 'SEC Jr. Consultoria', 'FEJEMG', '13/12/1991', 'Diretora de Projetos', 'IX InternEJ', 'Projetos\nLiderança\nMotivação', 3),
(710, 'Natália Ferreira', 'nataliaferreira.meta@gmail.com', '1c2f884dae30a937deeacf4b742c4777', 'Meta Consultoria', 'FEJEMG', '26/11/1992', 'Gerente Comercial', 'Assembleia do NEJ', 'Comercial, marketing e projetos', 8),
(711, 'Sabryna Maria dos Santos', 'sabrynasantos13@hotmail.com', 'fa1dc7ff0e17b94f60e902b831258032', 'Completur Jr.', 'FEJEMG', '05/06/1993', 'Presidente', 'RP do Núcleo da UFOP', 'Financeiro, Recursos Humanos, Marketing.', 2),
(712, 'Marcelo Dias Aniceto', 'marcelodiasan@gmail.com', '6f536f1a33096afc711b2ed1822507d7', 'PJ Consultoria e Assessoria UFMG', 'Nenhuma', '24/08/1994', 'N/A', '-', 'Gestão e Desenvolvimento de Pessoas', 4),
(713, 'Clara Garcia Gonçalves Oliveira', 'claragarciago95@gmail.com', 'a3d23750a9cc8fd8c8af172a6968afee', 'PJ Consultoria e Assessoria UFMG', 'FEJEMG', '13/04/1995', 'Empresária Júnior', '-', 'Desenvolvimento de pessoas, gestão de pessoas.', 4),
(714, 'Cesar Augusto Lage', 'cesaraugusto2095@gmail.com', '5029640d34da3d09250ad9098f5a21fa', 'PJ Consultoria e Assessoria', 'FEJEMG', '20/04/1995', 'Gerente Comercial', 'EMEJ', 'Vice-Presidência', 17),
(715, 'Erico Batista Rocha de Menezes', 'ericobrm@gmail.com', '41a66272e1cc20f4c99688a623428c8e', 'PJ Consultoria e Assessoria', 'FEJEMG', '28/12/1993', 'Diretor Administrativo Financeiro', 'EMEJ', 'Empreendedorismo, jurídico, inovação', 1),
(716, 'Thaís Lopes dos Reis', 'thaislopes99@hotmail.com', '2b5539378d3448c0edd92100bc0d5811', 'Preserva Jr.', 'Nenhuma', '09/11/1991', 'Nenhum', 'Nenhum', 'Encontro das EJ''s', 0),
(717, 'Felipe Fernandes Coelho', 'felipe_coelho58@hotmail.com', '2f030b613212b62d031932381bc6244f', 'PJ Consultoria e Assessoria', 'FEJEMG', '11/09/1991', 'Gerente de Projetos', 'ENEJ', 'Engenharia de Produção, negócios, parceria.', 1),
(718, 'LORENA R LAGES', 'lorenalagespj@gmail.com', 'd8299c466543ef450a9f747928bd67d0', 'PJ', 'FEJEMG', '09/01/1995', 'Gerente de Projetos', 'EMEJ', 'Gestao e projetos', 1),
(719, 'André Lenz Cesar Bontempo', 'andrebt93@gmail.com', '591e097580f7bb84fe1d09af2568e30e', 'Cace Consultoria Jr.', 'FEJEMG', '21/07/1993', 'Conselheiro Consultivo da EJ', 'IX Prêmio Fejemg', 'Marketing, Vendas, Comercial e Estratégia', 1),
(720, 'Daniel Reis Weinberg', 'danielwein0@gmail.com', '6f38604eeade85b0116c112cb5a4698f', 'PJ Consultoria & Assessoria', 'FEJEMG', '06/04/1995', 'N/A', 'EMEJ2014', 'Engenharia de Produção', 11),
(721, 'Eloah Exmalte', 'eloah@ucj.com.br', '7f1f29e692ba010378a9861dab86ca52', 'UFMG Consultoria Jr.', 'FEJEMG', '25/02/1995', 'Diretora de Recursos Humanos', 'ENEJ', 'Todas', 1),
(722, 'Juliana Faccio Mattos', 'juliana.mattos@ucj.com.br', '49339465c068fb48e796b4e68bdd35d5', 'UFMG Consultoria Jr', 'FEJEMG', '13/03/1995', 'Gerente de Pessoas', 'EMEJ 2014', '--', 1),
(723, 'Maria Luiza Almeida Dias', 'maria.dias@ucj.com.br', '2919c4ed8636625030b795be93ae5634', 'UFMG Consultoria Junior', 'FEJEMG', '19/07/1993', 'Consultora', 'EMEJ', 'várias', 1),
(724, 'Felipe Ribeiro Oliveira', 'felipe.ribeiro@campe.com.br', '19d6a2e79dd8f06c96bf81edc4e92b15', 'Campe Consultoria', 'FEJEMG', '04/03/1994', 'Diretor de Gestão de Pessoas', 'EMEJ', 'RH, MKT, FIN, NEGÓCIOS, ESTRATÉGIA', 2),
(725, 'Maria Carolina Godoy', 'mcarolinagodoy@gmail.com', '4c2c4c46f3903d6842425cebcc885cda', 'Multiconsultoria', 'RioJúnior', '12/06/1996', 'Diretora de MKT', 'EMEJ', 'Marketing', 2),
(726, 'Giovanna Neves Damasceno', 'giovanna.neves@ijunior.com.br', '13b4289a9e56259bc9c19de8ba09e142', 'UFMG Informática Jr.', 'FEJEMG', '29/12/1994', 'Diretor Presidente', 'X Prêmio FEJEMG', 'Empreendedorismo, Tecnologia da Informação, Inovação', 11),
(727, 'Amanda Oliveira Gonçalves', 'amandagoncalves.acpe@gmail.com', '9d02b949e987f564359a29ca1e488785', 'ACPE', 'FEJEMG', '24/08/1994', 'Conselheira', 'RP Itabira', 'Projetos, Desenvolvimento, Recursos Humanos', 8),
(728, 'Felipe Bittencourt Lopes', 'felipebittlopes@gmail.com', 'dcea115b941c1a044e0d2d529a372aed', 'CEFET Jr. Consultoria', 'RioJúnior', '30/05/1994', 'Assessor de Expansão', 'EMEJ 2014', 'Expansão, Desenvolvimento, Educação, Eventos', 24),
(729, 'Lucas Rodrigues Ligeiro de Almeida Melo', 'lucasrlmelo@gmail.com', 'eda781971875fe26299d0249d579ffca', 'Mult Jr', 'FEJEMG', '16/09/1993', 'Assessor de Projetos', 'EMEJ 2014', 'Projetos, Engenharia Química', 1),
(730, 'MARIANA FERREIRA MARTINS', 'marianamartins@farmaciajr.com.br', '5de7f39e7bd3fc203c4fb1c5215b0637', 'Farmácia Júnior', 'FEJEMG', '09/03/1993', 'assessora de comunicação', 'emej', 'Prêmio FEJEMG', 2),
(731, 'Victor Budeiz', 'vic.budeiz@gmail.com', 'd74f5f37011dd5ef7e9ffb58b5056f23', 'UNIFEI JR', 'FEJEMG', '09/06/1994', 'assessor', 'assembléia geral da UNIFEI JR no dia 01/11/14', 'Gestão de Projetos, TI', 4),
(732, 'Juliana Borges Ferreira', 'juliana.borges@emasjr.com.br', '97e382d6eab41caefee485703633d6ab', 'Emas Jr.', 'Nenhuma', '25/11/1989', 'Gerente de Estratégia', 'Nenhum', 'Gerenciamento de pessoas, plano estratégico e MEJ.', 8),
(733, 'Kíssila Bader Niquini Gomes', 'kittyniquini@yahoo.com.br', '48de8c36ac6206462d297a53e01087d0', 'UFLA Júnior Consultoria Administrativa', 'FEJEMG', '22/12/1992', 'Assessora da Presidência', 'ERA XI', 'Presidência', 11),
(734, 'Karoline Morais D'' Assunção', 'karoline.assuncaocco@gmail.com', '24c630c5439f9c33e17c0a03d25ff0b3', 'CECCO', 'FEJEMG', '03/05/1993', 'Conselheira Consultiva CECCO', 'ENEJ', 'Tudo', 3),
(735, 'Sarah Carvalho Silva', 'scsilva.ufsj@outlook.com', '25f9e794323b453885f5181f1b624d0b', 'EJEL', 'FEJEMG', '03/04/1992', 'Trainee', 'ainda não perticipei', 'Como estou iniciando agora no MEJ, busco conhecimento sobre o movimento.', 1),
(736, 'Daniella Cunha Azevedo', 'daniella.azevedo@campe.com.br', '2253ba3e48fee9cb683f14d4795e3cc4', 'Campe Consultoria Jr.', 'FEJEMG', '13/07/1993', 'Consultora', 'RP Juiz de Fora', '-', 6),
(737, 'Felipe Alves Morelix', 'fmorelix@gmail.com', 'f2610e7fc8835779bd4dd47589a21e76', 'UCJ', 'FEJEMG', '02/05/1995', 'Consultor', 'EMEJ', 'Empreendedorismo', 9),
(738, 'Sabrina Neves de Carvalho', 'nevessnc@gmail.com', '2fee4566c6eb8182cda0fdcf058c9b19', 'Mult Jr', 'FEJEMG', '19/03/1993', 'Assessora do AF', 'EMEJ 2014', 'Administrativo-financeiro, qualidade, 5S e RSE.', 5),
(739, 'Igor André Lacerda', 'igorlacerda@multjr.com.br', '029d9faa0ec7dd886fc8446bb881402d', 'Mult Jr', 'FEJEMG', '18/04/1994', 'Diretor de Projetos', 'EMEJ', 'Diretoria de Projetos\nGestão da Qualidade - MEG\nMEJ', 16),
(740, 'Anna Luiza Santos', 'annaluizasantos@farmaciajr.com.br', '009f8ef980fe8dd5e9df3b5e71fe9f2a', 'Farmácia Jr Consultoria UFMG', 'FEJEMG', '30/06/1990', 'Diretora Presidente', 'EMEJ', 'Atualizações sobre a FEJEMG e o MEJ.', 1),
(741, 'Alessandra Estanislau de Mattos', 'aem.mattos@gmail.com', '2a7a9be8fd6808216684f4a00a69bf22', 'UFMG Consultoria Jr.', 'FEJEMG', '10/09/19911', 'Gerente de Projetos', 'EMEJ', 'Estratégia e marketing.', 1),
(742, 'Italo Discacciati', 'italobgd9@gmail.com', '5bec7cde09fa732b3c176aede00652cb', 'PJ Consultoria e Assessoria', 'FEJEMG', '15/04/1995', 'Gerente de Projetos', 'EMEJ', 'Engenharia de Produção, Gestão, Qualidade, Projetos', 0),
(743, 'Jéssica Silva Cypriano', 'jessicascypriano@hotmail.com', 'd7905ae6bac9c6fd80d91c64cfe363a7', 'Apsi', 'FEJEMG', '27/01/1995', 'Diretora Adm-Fin', 'RP Itajubá', 'Administrativo Financeiro, Presidência.', 1),
(744, 'Yasmin Pereira Martins', 'yasminmartins0@hotmail.com', '63a9a00fe4f2b441dc825bd541faaced', 'Projet', 'FEJEMG', '10/08/1993', 'Assessora de Qualidade', 'EMEJ', 'Qualidade e Administrativo-Financeiro', 1),
(745, 'Lucas Veloso de Araujo Rodrigues', 'lucas.rodrigues@ijunior.com.br', 'efbce86ef3517812ad73758865d193ab', 'Informática Junior', 'FEJEMG', '03/05/1994', 'Assessor de Projetos', 'RP Juiz de Fora', 'MEJ', 2),
(746, 'Zilda Carla Faria de Mattos', 'mattos.apsi@gmail.com', 'f7acc03dfd6a5da78e70b15f74878209', 'Apsi Consultoria Jr.', 'FEJEMG', '09/08/1994', 'Consultora de Gestão de Pessoas', 'RP Juiz de Fora', 'Gestão de pessoas', 6),
(747, 'Thiago Alves de Oliveira', 'thiiago-oliveira@hotmail.com', 'a45958517604f5cd90d6ee51ad9cfdb6', 'Cade Jr', 'FEJEMG', '02/06/1993', 'Diretor de Criação e Marketing', 'EMEJ', 'Marketing, RH, Liderança', 1),
(748, 'Cíntia Silva de Oliveira', 'cintiasdeoliveira@gmail.com', '5dbef9d3a91cc866494ac13dcf5ef5b7', 'Apsi Consultoria Jr.', 'FEJEMG', '14/01/1993', 'Diretora de Projetos', 'RP de Juiz de Fora', 'Gestão de pessoas, recursos humanos', 11),
(749, 'Gustavo de Carvalho', 'gustavo_mrcarvalho@hotmail.com', '435863f9cccc61e08d898f076187730b', 'Avanço Projetos e Consultoria', 'FEJEMG', '01/05/1993', 'Diretor de proejtos', 'EMEJ', 'Projetos, Gerenciamento e gestão de pessoas', 1),
(750, 'Clarissa Lopes', 'clarissalopes@multjr.com.br', '1e6204414f2fa90d1b8cb0a56126d645', 'Mult Jr', 'FEJEMG', '20/02/1995', 'Assessora', 'Nenhum', 'Qualidade', 6),
(751, 'Mariana Garcia Vilela Parreira', 'marigarciaadm@hotmail.com', 'd59df75d809741f2b661dde64041b2fb', 'UFLA Júnior Consultoria Administrativa', 'FEJEMG', '25/04/1995', 'Assessora de Gestão de Pessoas', 'EMEJ', 'Recursos Humanos', 1),
(752, 'Thaís Lauar Vasconcelos', 'tmlauar@hotmail.com', '933a9d9bc15cf28974614cad2e0db5c5', 'UFLA Júnior Consultoria Administrativa', 'FEJEMG', '15/08/1995', 'Trainee', 'RP Itabira', 'Gestão de Pessoas', 5),
(753, 'Luís Otávio Nogueira Campelo', 'locampelo9@gmail.com', '12fa4c2028db4c6dbde08e6c5f393ff0', 'PJ Consultoria e Assessoria', 'FEJEMG', '09/09/1994', 'Representante da Direção', 'ENEJ-2014', 'Gestão de Projetos, Capacitação e Qualidade.', 10),
(754, 'Márcio de Campos Camargo Filho', 'marcioccfilho@gmail.com', 'bcd839325087b35a60bec5dbe672c499', 'UNIFEI JR', 'Nenhuma', '20/07/1993', 'Diretor', 'RP Itajubá', 'Qualidade, Vice-Presidência e Vendas', 3),
(755, 'Gustavo Lara Ferreira', 'gustavo.ferreira@ucj.com.br', 'bd85ad1103f030e71907450d8e9472d3', 'UFMG Consultoria Junior', 'FEJEMG', '22/11/1994', 'Gerente de Projetos/Assessor de Desenvolvimen', 'ENEJ', 'Um monte!', 1),
(756, 'Ian Sager Queiroz', 'iansager.fjp@gmail.com', '5fa209b856a2d20d784973ae8323dde5', 'João Pinheiro Júnior', 'FEJEMG', '27/06/1994', 'Diretor de Marketing', 'Sager Queiroz', 'Qualquer coisa', 1),
(757, 'Teresa Fernanda de Carvalho e Silva', 'teresafernanda16@yahoo.com.br', '60b5158665ba5de5b5c36ca081dd76d5', 'UCJ', 'FEJEMG', '16/05/1986', 'trainee', 'nenhum', 'Economia, administração, gestão', 2),
(758, 'Carolina Cruz Neiva Campos', 'carolina.campos@campe.com.br', '78a336fccb49d63c7fbd13e0dc6320a3', 'Campe Consultoria Jr', 'FEJEMG', '30/01/1993', 'Diretora Vice Presidente', 'RP Juiz de Fora', 'Qualidade', 2),
(759, 'Mariana Oliveira', 'marianagabrielabh@hotmail.com', 'ee2217510f43df58ae1a5bfb54bbf847', 'João Pinheiro Jr.', 'FEJEMG', '09/03/1994', 'Presidente', 'ENEJ', 'Todas', 2),
(760, 'Mariana Bastone Guglielmelli', 'marianabg_sj@hotmail.com', '4431795d9f818bb91b469cca13aa485b', 'Ômega Júnior', 'FEJEMG', '25/10/1991', 'Pós - Júnior', 'ENEJ 2014', 'Networking', 3),
(761, 'Weddly Henrique Reis Rodrigues', 'weddly@hotmail.com', '4a47b5e5711a524b219ccaf5481bf291', 'UFLA Júnior Consultoria Administrativa', 'FEJEMG', '07/10/1992', 'Diretor de Qualidade', 'RP de São João Del Rey', 'Qualidade; Bechmarking.', 1),
(762, 'Luiz Carlos Emmel Neto', 'luizemmel@hotmail.com', '505352034b15fc10af59d0e477e468e7', 'UFLA Júnior', 'FEJEMG', '20/06/1993', 'Treinee de Qualidade', 'Reunião Presencial de Itajubá', 'Empreendedorismo\nQualidade\nComunicação', 4),
(763, 'Eloízio Fernando das Neves', 'eloiziofernando@yahoo.com.br', 'a518e60af642c9647e951e71e5a0cf16', 'Far-Bio EJ', 'Nenhuma', '26/10/1989', 'Presidente - CEJ UFVJM', 'EMEJ', 'Diretoria de Projetos e Núcleos de EJs', 2),
(764, 'Ana Luísa Laranjo Lamêgo', 'ana.lamego@ucj.com.br', 'e6e4ea31f5cd5db97558e9f091d4b08b', 'UFMG Consultoria Junior', 'FEJEMG', '24/02/1995', 'Consultora Líder', 'ENEJ', 'Administrativo-Financeiro', 1),
(765, 'PAMELA FERNANDA FERREIRA SILVA', 'pamelafernandafs@yahoo.com.br', '3ab2371eeca8ad36c66d0aa01d0f4ca9', 'Mult Jr', 'FEJEMG', '31/12/1993', 'Assessora de Projetos', 'EMEJ', 'Projetos', 5),
(766, 'Frederico Borba Ferreira', 'fredericoborba@farmaciajr.com.br', '565e80f334acb872f51728243f42c7b7', 'Farmácia Jr', 'FEJEMG', '05/03/1991', 'Diretor de Qualidade', 'EMEJ', 'Tecnologia, saúde, ciência, empreendedorismo, farmacêutica.', 2),
(767, 'Larissa Andrade Gomes Silveira', 'lariags11@gmail.com', 'cc6fa4bbd16cb0a8d6e0b9c8278a0d0b', 'PJ consultoria e assessoria', 'FEJEMG', '11/01/1994', 'Assessora da presidência', 'ENEJ', 'MEJ e empreendedorismo', 1),
(768, 'VINICIUS AUGUSTO AZEVEDO', 'vinicius.augustoaz@gmail.com', '6534d621c9a022feabc2fb88c145bcbf', 'UCJ', 'FEJEMG', '04/01/1994', 'Diretor ADM FIN', 'egej 2014', 'Financas', 2),
(769, 'Fernanda Andresa Portilho de Magalhães Lopes', 'fernanportilho@gmail.com', 'd8578edf8458ce06fbc5bb76a58c5ca4', 'João Pinheiro Jr', 'FEJEMG', '04/06/1994', 'Assessora de Recursos Humanos', 'Nenhum', 'Recursos Humanos, gerenciamento de projetos, gestão de pessoas, gestão por competências', 6),
(770, 'Isabella Manucci Martins', 'isabellamanuccim@gmail.com', 'b9dafa7f000587c2d49cf9ebf8c7c30a', 'UFLA Jr.', 'FEJEMG', '18/08/1994', 'Trainee de projetos', 'Nenhum', 'Projetos, marketing, financeiro', 5),
(771, 'Thaís Silva Santana', 'santanasthais@hotmail.com', '3299cf4d7f7126c274bf282caa234edd', 'UFLA Jr', 'FEJEMG', '21/07/1996', 'Trainee da Diretoria Administrativo-Financeir', 'RP Itabira', 'Saber mais sobre todas as diretorias, além de conhecer muitos empresários juniores.', 4),
(772, 'gustavo henrique pereira', 'gustavomartelodeouro@hotmail.com', '052f48ece8503b70be56addb01295009', 'UFLA Júnior', 'FEJEMG', '10/03/1996', 'Trainee', '------', 'comunicação e publicidade', 1),
(773, 'Micaele Silva Lustosa', 'micaelelustosa@gmail.com', '101e201078fc5df5fa74590ec59ca53b', 'Ufla Júnior', 'FEJEMG', '07/07/1993', 'Diretora Gestão de Pessoas', 'Reunião Presencial Juiz de Fora', 'Bechmarkings', 2),
(774, 'Luis Guilherme Silva de Lima', 'projetos@unifeijr.com.br', '68637ebb5fda9a75d60e58b38d3c6ec9', 'UNIFEI JR', 'FEJEMG', '04/01/1994', 'Diretor de Projetos', 'ENEJ 2014', 'Gestão Empresarial, Gestão de Projetos, Liderança', 2),
(775, 'rafael renato bueno guimarães', 'rafa.rbg@hotmail.com', '7c47cb038c5bce2d128cf1f4c767c3c6', 'UFLA JÚNIOR', 'FEJEMG', '10/09/1993', 'trainee de projetos', 'Reunião Presencial de Itabira', 'Diretoria de Projetos', 5),
(776, 'Guilherme Afrânio Machado', 'guimachado.apoio@gmail.com', 'd5027e7ca85fac1c2c2be6566efd1bb2', 'Apoio Consultoria', 'FEJEMG', '29/03/1993', 'Assessor de Marketing', 'N/A', 'Marketing, Gestão de Pessoas', 3),
(777, 'Vinicius Rocha Lopes', 'darochalopesv@gmail.com', '1d3e7a633e8a7cdb759ac169d703964c', 'ACE Jr - Assessoria e Consultoria Esportiva', 'FEJEMG', '19/04/1993', 'Presidente', 'Rp juiz de fora', 'Marketing, Gestão por resultados', 10),
(778, 'Ana Luisa Perdigão Moreira', 'analuisaperdigaom@gmail.com', '12710fd59e12378614d73b45e626ebe0', 'JP Junior', 'FEJEMG', '17/04/1996', 'Assessor de RH', 'nunca participei', 'RH, mas tudo em geral', 6),
(779, 'Lucas Cordeiro Ribeiro', 'lucascordeiro93@hotmail.com', 'ed5d3e4d88340922a09c329a2c1c188c', 'Ideal', 'Nenhuma', '16/09/1993', 'Diretor de Projetos', 'UFSjr', 'Engenharia', 1),
(780, 'Lucas Barros Chrispim', 'lucaschrispim@hotmail.com', '0e7e4818b5b05113359b43cad8d9cf0a', 'Ejel', 'Nenhuma', '13/11/1993', 'trainee', '2º EUEJ', 'Nenhuma por enquanto', 3),
(781, 'André Guedes Maia', 'andre.maia@ucj.com.br', '616a815a2df28b081c4edea08ac87b19', 'UFMG Consultoria Jr.', 'FEJEMG', '20/09/1993', 'Consultor Líder', 'EMEJ', 'Consultoria, Gestão', 1),
(782, 'Vinícius Vale de Freitas', 'viniciusvaledefreitas@gmail.com', '0b2e831c8927591245d47efbc5b6a163', 'Sinergia', 'FEJEMG', '06/10/1994', 'Gerente de Projetos', 'IX internEJ', 'Projetos.', 4),
(783, 'Roberto Raquello Passos', 'robertoraquello@gmail.com', 'cb86a71b458f47e5ad43ecd72c8b1fa8', 'Apsi Consultoria Jr.', 'FEJEMG', '26/03/1995', 'Diretor Vice Presidente', 'RP Juiz de Fora', 'Recursos Humanos, Gestão de Pessoas, Psicologia Organizacional e do Trabalho', 1),
(784, 'Felipe Aita Sabot', 'felipeaita23@hotmail.com', '16c90f26ef6bebc63ded8e395018e4fe', 'UNIFEI JR', 'FEJEMG', '23/03/1994', 'Assessor de Gestão', 'Reunião Presencial em Itajubá', '"Assuntos": Gestão, estratégia, liderança, coaching.', 9),
(785, 'Marcelo Eduardo Antunes', 'marceloeduantunes@gmail.com', '0e3754a4fb85e0b57feeb4458ccae848', 'ATP Jr', 'FEJEMG', '21/05/1990', 'Vice Presidente', 'ENEJ', 'Administração, Comunicação, Empreendedorismo', 3),
(786, 'Eurípedes Caetano da Silva Júnior', 'euripedesjunior.conselt@gmail.com', 'de603fcee52e46be1f8ca4bd44ed4743', 'CONSELT', 'FEJEMG', '03/07/1993', 'Diretor de Qualidade', 'RP Itajubá', 'Qualidade e projetos', 11),
(787, 'Leonardo Borges Fernandes da Silva', 'borgesleof@gmail.com', 'bccb3bfac571b9185dd5ee4eaa9c40d7', 'CONSELT', 'FEJEMG', '27/07/1993', 'Diretor de Projetos', 'Reunião Permanente de Itajubá', 'Projetos', 1),
(788, 'Sabrina Guedes Lacerda', 'sabrina_guedes_lacerda@yahoo.com.br', 'ce06d793a4add948e217f213014c208c', 'Inova', 'FEJEMG', '16/06/1994', 'Trainee', 'RP Juiz de Fora', 'Gestão de Pessoas', 2),
(789, 'Diego Henrique Salgueiro Pinto', 'diego.salgueiro@ucj.com.br', '0b1fae53287e206e153bfa495b6d114b', 'UFMG Consultoria Jr.', 'FEJEMG', '29/06/1987', 'Consultor', 'Egej', 'Adm Fin', 7),
(790, 'Marco Antonio Machado Baeta Junior', 'marcoambj@gmail.com', 'bb764770d8ea751e5e9ce21b2feda055', 'PJ Consultoria e Assessoria', 'FEJEMG', '28/09/1993', 'Assessor', 'EMEJ', 'Comunicação e networking', 1),
(791, 'PEDRO PALERMO PIRES DA COSTA', 'pdc.palermo@gmail.com', 'dd4b380c58f57a86006716899d982aea', 'PJ Consultoria e Assessoria', 'FEJEMG', '15/04/1994', 'Assessor de RH', 'EMEJ', 'RH, estratégia e MKT', 6),
(792, 'Gabriela Migliorini Cardoso', 'migliorinigabriela12@gmail.com', '04526b03577a8e524b9553a6c3551aed', 'PJ Consultoria e Assesoria', 'FEJEMG', '12/05/1995', 'Diretora de Projetos', 'EMEJ', 'Projetos e Estratégia', 1),
(793, 'Lucas Gutembergue da Costa', 'lucas.gutembergue@gmail.com', 'ad0464113820a779a9a120faa012a92a', 'PJ Consultoria & Assessoria', 'FEJEMG', '13/09/1995', 'Gerente de Projetos', 'ENEJ 2014', 'Engenharia Mecânica, Projetos Mecânicos e Engenharia de Produto', 1),
(794, 'Higor Ribeiro', 'hiigoribeiro@gmail.com', '7500c3f71f2bda17bf80e76deef23ef2', 'Ejel - Consultoria e Projetos Elétricos Jr', 'FEJEMG', '31/007/1993', 'Assessor de Gestão', 'EMEJ', 'Marketing', 7),
(795, 'Lucas Cabral Celestino', 'lucas.cabral@maisconsultoria.com.br', 'b5af96b554aae23b150a3525d930326c', 'Mais Consultoria', 'FEJEMG', '16/09/1994', 'Gerente', 'RP de Juiz de Fora', 'Produção , Qualidade e planejamento estratégico', 9),
(796, 'Nara Vanessa Leonel Carlos', 'nara.vlcarlos@gmail.com', '9ec81f2d4533c66724cd246d87d77799', 'AgroPlan-UFV', 'FEJEMG', '13/08/1990', 'Trainee', '-', 'Adimisntrativo/financeiro, Qualidade, marketing.', 1),
(797, 'Gabriela do Amaral Setem', 'gabisetem@hotmail.com', 'c5cd6434f8872ca942dff6738eaf46ab', 'UFLA Júnior Consultoria Administrativa', 'FEJEMG', '12/08/1995', 'Trainee da Diretoria de Qualidade', 'Nunca participei de um evento', 'Qualidade', 0),
(798, 'Julia Teixeira', 'juuhc.teixeira@gmail.com', 'c64bcc3af8e39e714f1ff10c1e908c55', 'Linked Empresa Junior', 'FEJEMG', '27/10/1993', 'presidência', 'enej', 'Presidência\nMarketing', 2),
(799, 'gestaodepessoas@unifeijr.com.br', 'gabriela.alves@unifeijr.com.br', '0376612bb7937cf136443db270d38ce5', 'UNIFEI JR', 'FEJEMG', '20/05/1994', 'diretora', 'RP Juiz de Fora', 'Gestão de Pessoas', 2),
(800, 'Felipe Massakazu Sisido', 'felipe.sisido@gmail.com', '112a17fbdcd190572adff892cde5242d', 'UNIFEI JR', 'FEJEMG', '16/11/1993', 'assessor', 'RP Itajubá', 'Engenharia e gestão', 1),
(801, 'Leonardo Carvalho Passos', 'leopassos.ufla@gmail.com', 'd4f12015ac7a46cf5705d77e039f421b', 'Ufla Junior Consultoria Administrativa', 'FEJEMG', '04/07/1994', 'Assessor do Administrativo Financeiro', 'Nao participei', 'Financeiro', 16),
(802, 'Gabriel Felipe Henriques de Morais Fonseca', 'gabrielmoraisfonseca@gmail.com', '752f88f5f7420294e6fe273ba2818dd1', 'Mult Jr', 'FEJEMG', '04/11/1994', 'Assessor da Presidência', 'EMEJ', 'Presidência, Qualidade, MEG, Cargos nas federações (FEJEMG)', 1),
(803, 'igor carreira costa', 'igorccostaadm@gmail.com', '317dadc23ae8681dd31c15778e92d10b', 'UFLA Junior Consultoria Administrativa', 'FEJEMG', '21/02/1994', 'Assessor e gerente de projetos', 'EMEJ', 'Gerenciamento de Projetos, Negócios, inovação, estrategia e modelo de negocios', 11),
(804, 'Camilla Fonseca', 'mila_camilla09@yahoo.com.br', '34df8f466c58f754b4a3c90a284292ce', 'Tristate', 'FEJEMG', '09/06/1994', 'Assessora', 'InternEj', 'Projetos e Qualidade', 6),
(805, 'Ricardo Vieira Ferreira', 'ricardo_vf2013@outlook.com', '41a52452c85239674e9ace31c132c0b8', 'UFLA Júnior Consultoria Administrativa', 'FEJEMG', '13/10/1994', 'Conselheiro Multiplicador', 'Reunião presencial de Itajubá', 'Desenvolvimento', 2),
(806, 'VINICIUS ASSIS MASSOTE', 'vinmassote@hotmail.com', '94dee0f7dd33ddc9f25660d6f1529e09', 'SEMPRE - Soluções Empresariais', 'Nenhuma', '14/05/1989', 'Diretor Presidente', 'RP de BH', 'Qualidade na empresa como otimização de produção', 2),
(807, 'Jéssica Maiara de Souza', 'jmjessicamaiara@hotmail.com', '92601a87c2f32d2fc65863aa8f8459fb', 'SEMPRE', 'Nenhuma', '03/05/1991', 'Gerente', 'UFSJr', 'Qualidade,Gestão de pessoas', 9),
(808, 'Amanda Barcelos Melazo', 'amandamelazo.apoio@gmail.com', '49d14be7d608a14e91023ab14817276f', 'Apoio Consultoria', 'FEJEMG', '13/11/1994', 'Coordenadora', 'EMEJ', 'Comunicação', 1),
(809, 'Felipe Francisco Bueno Cotta', 'felipe.francisco@ucj.com.br', 'b6a9128fa1c41d539c1389a9cdbcef05', 'UFMG Consultoria Junior', 'FEJEMG', '08/11/1993', 'Consultor', 'EMEJ', 'Estratégia', 1),
(810, 'Amanda Cristina Magalhães Costa', 'amanda.qui2014@gmail.com', '1502fc8f633b8d03ca20d6572e025b60', 'Sinergia', 'FEJEMG', '14/12/1996', 'Gerente de Relações Públicas', 'Nenhum', 'Relações Públicas', 6),
(811, 'Daniel Almeida Henriques', 'daniel_a_henriques@hotmail.com', 'abd0c235875f55cb6f5f0ae1ecc47315', 'Masci Consultória Jr.', 'FEJEMG', '04/07/1991', 'Diretor de Projetos', 'RP Eleição.', 'Projetos', 2),
(812, 'Fernando Oliveira Souza', 'presidencia.colucci@gmail.com', 'daa13c5c4df1804856198f9de57d32d4', 'Colucci Consultoria Jurídica Jr.', 'Nenhuma', '01/06/1992', 'Presidente da EJ', 'ENEJ', 'Direito, Consultoria, Tributos, Gestão de Pessoas', 1),
(813, 'Isabela Martins', 'isabelamartinsmiranda@gmail.com', 'f7a40493687687802b76b74c02c8ce55', 'SEC Jr. Consultoria', 'FEJEMG', '25/03/1996', 'Diretora de Marketing', 'IX InternEJ', 'Marketing; Estratégia.', 7),
(814, 'Luís Henrique Queiroz Pereira', 'luissqueiroz@gmail.com', 'f27491a4889a40e6e3ae5794eb86e8b1', 'Ideal Consultoria', 'Nenhuma', '20/02/1991', 'Conselheiro Administrativo', 'II Prêmio CENJE', 'Gestão de projetos\nPlanejamento estratégico\nGestão de pessoas', 4),
(815, 'Luísa Elena Brandão', 'lubrandao02@hotmail.com', '81f72f37c59d87a157cad14ea03775c6', 'ATP Jr', 'FEJEMG', '02/02/1991', 'Diretoria de Marketing e Comunicação', 'ENEJ', 'Setor de RH', 1),
(816, 'Alessandra Claudino', 'alessaclaudino@hotmail.com', 'f3d0c38b318e11b0654f94c28778942f', 'ATP Jr. Consultoria em Bioprocessos', 'FEJEMG', '09/09/1992', 'Gerente Jurídica', 'ENEJ', 'Adiministrativo-financeira; qualidade, PEG, planejamento estratégico', 11),
(817, 'José Lucas Santos Tavares', 'j.lucas94@hotmail.com', '4e1c9f50d80fd50cf2256286325e39cd', 'Ejel', 'FEJEMG', '06/03/1994', 'Trainee', 'Primeiro Evento', 'Projetos, e administrativo financeiro', 1),
(818, 'Willian Marlon de Oliveira', 'willianmarlon6@gmail.com', '0c1a587140279c635dc627d1a44d3a15', 'UFV Jr. Florestal', 'FEJEMG', '06/05/1995', 'Gerente de Qualidade', '---------', 'Qualidade, Gestão e Desenvolvimento', 6),
(819, 'Estevão de Almeida Vilela', 'estevao.avilela@gmail.com', '1014b8c00f5c83dd5464e626bef9f17d', 'João Pinheiro Jr.', 'FEJEMG', '05/01/1995', 'assessor', 'Capacitação dos conselheiros municipais de tr', 'Administrativo-Financeiro', 1),
(820, 'Victor Azevedo Brugnoli Ribeiro', 'victor.sonela@gmail.com', '8f178c6a5e6d6dff979eb5610ea980e4', 'PJ Consultoria e Assessoria', 'Nenhuma', '19/03/1994', '-', 'EMEJ', 'Comercial\nMarketing', 6),
(821, 'Guilherme de Souza', 'guilherme-souza2011@hotmail.com', '8aebd0a9952d71403db920120a00f14c', 'MinasBio', 'FEJEMG', '17/12/1996', 'Assessor Adm/Fin', 'RP de Itabira', 'Consultoria Ambiental', 6),
(822, 'LUDMILA HENRIQUES MELLO CARRARA', 'carrara.ludmila@gmail.com', '89759f5d2c08f387d3a2697c855116bb', 'Alimentos Júnior Consultoria', 'FEJEMG', '09/07/1992', 'Vice-presidente', 'Internej', 'Estratégica, stackeholders', 2),
(823, 'Frederico Pozenato', 'fredericopozenato@gmail.com', '02d4e29f333492808993479cf2f22c09', 'UFV Jr. Florestal', 'FEJEMG', '30/10/1991', 'Diretor Presidente', 'IX InternEJ', 'Engenharia Florestal e Geopolítica', 3),
(824, 'Renata Fioretti Zacharias', 'rfiorettizacharias@uol.com.br', 'fc52928e3574c9403bba3f1757ea5739', 'Ascender Jr.', 'Nenhuma', '03/01/1995', 'Diretora de Marketing', 'RP Juiz de Fora', 'Marketing', 8),
(825, 'Willian Lincoln Cardoso', 'willian.lincoln@hotmail.com', '4c734599c1395009548e2ac1167aa32b', 'EJEL', 'FEJEMG', '10/09/1996', 'trainee', 'nenhum', 'RP', 1),
(826, 'Gabriel Siqueira', 'gabriel.siqueira700@gmail.com', '9ecf17702a227a56556fa4a7f8463716', 'UP Consultoria Jr.', 'FEJEMG', '02/10/1992', 'Assessor da Qualidade', 'RP', 'Qualidade, TI, desenvolvimento e estratégia', 3),
(827, 'Arthur Araújo Ribeiro', 'arthur.aribeiro@outlook.com', 'a4970c6a2bfc5022a1df108a0647f5e6', 'PJ Consultoria e Assessoria', 'FEJEMG', '04/08/1994', 'Gerente de Projetos', 'EMEJ', 'Empreendorismo, Engenharia Mecânica', 1),
(828, 'Kleyton Silva Teixeira', 'kleyton.engprod@gmail.com', '11d1dea457bfd4f58287289eee11aa50', 'Ômega Júnior', 'FEJEMG', '24/04/1992', 'Vice-Presidente', 'RP Juiz de Fora', 'Estratégia e Qualidade.', 11),
(829, 'Débora Pereira Gomes', 'deborapgomez@hotmail.com', 'ef58769c4024615df142c61e9187d94a', 'MinasBio Consultoria Ambiental', 'Nenhuma', '14/06/1993', 'Assessora de Recursos Humanos', 'RP de Itabira', 'Consultoria Ambiental', 5),
(830, 'Liliam Fontes Grossi Lino', 'liliamfontes@ymail.com', 'faf0ab3e547ea5cdb0e3759d387ae8f8', 'Ejz Consultoria', 'Nenhuma', '23/01/1995', 'Gerente de Qualidade', 'Célula Temática', 'MEJ', 1),
(831, 'Marco Aurelio Miranda Rodrigues', 'maureliomrodrigues@gmail.com', '036eed0dd95f0d984d129994b3b8dc8d', 'PJ', 'FEJEMG', '04/05/1991', 'gerente de desenvolvimento', 'EMEJ', 'Desenvolvimento, financeiro, gestão de pessoas', 1),
(832, 'João Victor Costa de Oliveira', 'joaovictor_10_4@hotmail.com', '5583413443164b56500def9a533c7c70', 'UNIFEI JR', 'FEJEMG', '28/02/1995', 'Diretor de Projetos', 'ESEJ', 'Startups, Projetos, Empreendedorismo', 1),
(833, 'André Martiniano Carvalho Schiavon', 'schiavoncarvalho@gmail.com', 'd7d7650c08604c5875661ca048da57c7', 'Ejel', 'FEJEMG', '20/06/1993', 'Trainee', '-', 'Ainda estou em processo Trainee pela empresa júnior Ejel Consultoria e Projetos Elétricos Jr.', 0),
(834, 'Augusto Henrique Carandina', 'augusto.hencar@gmail.com', 'c329ae5f1ddf59ad7f6c208a193fb596', 'UNIFEI JUNIOR', 'FEJEMG', '03/12/1993', 'Diretor Administrativo Financeiro', 'RP Viçosa', 'Área financeira e marketing.', 2),
(835, 'Gustavo Brito de Mattos', 'gstvmattos@gmail.com', 'b67114f109c81917b776c45c3e0305e5', 'Machado Sobrinho Consultoria Integrada', 'FEJEMG', '08/02/1996', 'Não possuo', 'Seminário de empreendedorismo', 'Projetos', 6),
(836, 'Fernando Henrique da Silva Passos', 'fhpassos@gmail.com', '66ece3d8fe298dad026d70ca7552ee7f', 'Inova consultoria Jr', 'FEJEMG', '18/11/1989', 'assessor de qualidade', 'RP juiz de fora', 'Qualidade, mercado.', 1),
(837, 'Pedro de Avellar Vieira França', 'pedroavellar13@gmail.com', 'e1ab462f99d85a947f4327a49c68ee2b', 'UFMG Consultoria Jr.', 'FEJEMG', '09/08/1993', 'Não possuo.', 'Não participei.', 'Marketing, estratégia e empreendedorismo.', 1),
(838, 'Fernanda Aparecida do Carmo', 'fernanda.a.carmo@ufv.br', 'be80cee8a81608cbed4057b3da10ccf5', 'Agrijúnior', 'Nenhuma', '28/12/1994', 'Gerente de Relações Públicas', 'IX Internej', 'relações públicas e imagem', 1),
(839, 'Mairon Neves de Figueiredo', 'maironnf@hotmail.com', 'ebe596017db2f8c69136e5d6e594d365', 'Agrijúnior', 'Nenhuma', '21/03/1996', 'Gerente de Projetos', 'InternEJ', 'Empreendedorismo\nFuturo Profissional\nRecursos Hídricos\nCiências Agrárias \nTratamento de efluentes e resíduos sólidos.', 2),
(840, 'Edivânia Medina Silva', 'edivania.silva@ufv.br', '249123045f04731f1e92fea24f5cb3a3', 'CECCO Consultoria Contábil', 'FEJEMG', '03/06/1994', 'Gerente de Qualidade', 'InternEJ', '.', 6),
(841, 'Gilmara Araújo', 'gilmaraaraujo18@hotmail.com', '790852a3a2650d0c5e2c72919fe7fea4', 'MASCI Consultoria junior', 'FEJEMG', '15/06/1989', 'Consultora de Qualidade e Auxiliar de RD', 'RP Juiz de Fora', 'Qualidade', 8),
(842, 'Giovanna Ruiz Martins', 'giovanna00martins@hotmail.com', 'ecfbefa72a3ee4507e1f71deaea31b95', 'Preserva Jr', 'Nenhuma', '21/08/1991', 'Nenhum', 'Nenhum', 'Projetos', 0),
(843, 'Heitor Frade Chicre', 'heitorfradechicre@hotmail.com', '3db72375687560ea120ff50dc14540a4', 'CPEJr.', 'FEJEMG', '08/09/1995', 'Gerente de Projetos', 'EMEJ', 'Projetos e comercial', 3),
(844, 'Isabela Prímola Magalhães Zenatelli Campos', 'isabelaprimola@gmail.com', '8c350dae42eb7073fc6dae065f5be020', 'João Pinheiro Júnior', 'FEJEMG', '19/02/1995', 'Assessora da Vice-Presidência', 'Nenhum', 'Gestão de projetos, gestão e controle interno,contabilidade e finanças', 6),
(845, 'Cristina Giulia Pinchetti Nolasco', 'cristinap.nolasco@gmail.com', 'bc5b36ba762d14d5209a1b92b73e996b', 'UFV Jr. Florestal', 'FEJEMG', '25/07/1991', 'gerente', 'InternEJ', 'Estratégia, MEG e liderança.', 1),
(846, 'Joao Pedro Gois Camilo', 'jpgc13@gmail.com', '40fc24ce8c8f665b89a70d9a35a07825', 'Mult Jr.', 'FEJEMG', '28/01/1995', 'Assessor da Presidencia', 'nunca participei', 'Marketing', 6),
(847, 'Felipe Goulart de Queiroz', 'felipegoulartqueiroz@gmail.com', '2400cbacd2f96ae6ff3c288cdc8d58b9', 'Terra Jr Consultoria Agropecuária', 'FEJEMG', '07/01/1995', 'trainee', 'ainda n participei de eventos', 'Agronomia', 1),
(848, 'Tássia Bolotari Affonso', 'taassia@hotmail.com', 'cb185956bbd34bcc2e00284541e036be', 'PJ Consultoria e Assessoria', 'FEJEMG', '03/03/1995', 'Gerente de Projetos', 'ENEJ', 'MEJ, emprendedorismo, qualidade em gestão, liderança.', 1),
(849, 'Igor Rufini', 'igor.rufini@gmail.com', '955d3b79b31411900b338495cf445f7e', 'Ômega Júnior', 'FEJEMG', '07/02/1993', 'Diretor de Marketing', 'EMEJ', 'Marketing, Comunicação tecnologia, liderança, gestão', 1),
(850, 'Izabella Miranda Morello', 'morello.izabella@gmail.com', '731d3d7ee193a4c33a5e1eb25cd02e63', 'Ascender Jr.', 'Nenhuma', '18/07/1994', 'Diretora Vice-Presidente', 'RP de Juiz de Fora', 'Engenharia Elétrica', 10),
(851, 'THALITA LOPES ROCHA', 'thalitalopes.senior@gmail.com', '57da12877ca6a2a0efb841d5aad8d41f', 'UEMG', 'FEJEMG', '16/12/1990', 'Diretora', 'nunca participei', 'Projetos, Marketing e Comunicação', 1),
(852, 'Andréia A. T. Bicalho', 'andreia.bicalho@ufv.br', 'b1ed055e7de7e60910d09359d214d04b', 'EJZ -Empresa Junior de Zootecnia', 'Nenhuma', '15/12/1993', 'Gerente de Marketing', 'Carreiras', 'Logomarca e  endomarketing..', 8),
(853, 'Fausto Augusto Martins Junior', 'faustoaugusto.senior@gmail.com', '4d3583a20994b23d2a9fc5f5fee39abf', 'Sênior Consultoria Ambiental', 'FEJEMG', '05/08/1991', 'assessor de qualidade', 'RP de Itabira', 'Tenho interesse em ajudar minha EJ no desempenho de uma otima gestão acrescentando novas ferramentas e inovando sempre.', 8),
(854, 'Lorena Cunha Silva', 'lorenabio.74@gmail.com', 'd8647eb21958468c279c7970c3a05804', 'MinasBio', 'FEJEMG', '30/10/1992', 'Diretora de Projetos Externos', 'RP Uberlândia', 'Todas as áreas, principalmente a área de Projetos', 1),
(855, 'Vinicius Rocha Lopes', 'ej.acejr@gmail.com', '1d3e7a633e8a7cdb759ac169d703964c', 'ACE Jr - Assessoria e Consultoria Esportiva', 'FEJEMG', '19/04/1993', 'Presidente', 'Rp juiz de fora', 'Marketing e Gestão por resultados', 10),
(856, 'katharine gomes oliveira', 'katharinegomes.senior@gmail.com', '72b302bf297a228a75730123efef7c41', 'senior consultoria ambiental', 'FEJEMG', '19/11/1990', 'assessora administrativo financeira', 'não participei ainda', 'Market\nProjetos', 0),
(857, 'Natália Maria Trindade dos Santos Almeida', 'nataliaalmeida@criaufmg.com.br', '481552f4775af21c2230386547a7a80a', 'Cria UFMG', 'FEJEMG', '16/02/1995', 'Empresário Júnior', 'RP de Juiz de Fora', 'Publicidade e Propaganda', 1),
(858, 'Tatiane de Paula Rodrigues', 'tatyaluap@gmail.com', '96535f2c4202b22fa47c38819d4ad1d1', 'ACE Jr', 'Nenhuma', '05/09/1989', 'Diretora de Projetos e Qualidade da ACE', 'RP de JF', 'Qualidade', 1),
(859, 'Danilo Cruz Ramos', 'daniloo.o@hotmail.com', '597dae69ac2896d4f0c5ea0bc3c5de6b', 'plug jr', 'Nenhuma', '11/05/1991', 'diretor de marketing', 'enej', 'Design de produtos', 6),
(860, 'Bruno Silva Pereira', 'brunosp_5@hotmail.com', '2862edcb0a1b9ae1afab38fb0a6b38ad', 'Terra Jr. Consultoria Agropecuária', 'FEJEMG', '04/01/1994', 'nenhum', 'nenhum', 'todas', 0),
(861, 'Hugo Fernandes Costa', 'fernandescostahugo@gmail.com', '83d91b1169a6dcbb00df659bc27a40db', 'Vianna Consultoria', 'Nenhuma', '20/12/1993', 'Consultor Projetos', 'RP Juiz de Fora', 'Projetos', 0),
(862, 'Giovanna Ruiz Martins', 'giovanna00martins@gmail.com', 'ecfbefa72a3ee4507e1f71deaea31b95', 'Preserva Jr', 'FEJEMG', '21/08/1991', 'Nenhum', 'Nenhum', 'Projetos', 0),
(863, 'Thais Martins Fernandes', 'thais_mfernandes@hotmail.com', '14eb3bcc26a8b104d4ecd71ec1f36972', 'Voice Jr.', 'Nenhuma', '09/05/1994', 'Fundadora', 'Nunca', 'Criação de Empresa Júnior, Fonoaudiologia, Saúde, Consultoria.', 1),
(864, 'Pedro Karnauchovas', 'pedro_karnauchovsk@hotmail.com', '971773ab3dc541ff47818a5dd92b0ffe', 'UP Consultoria Jr.', 'FEJEMG', '20/05/1994', 'pós junior', 'IX InternEJ', 'Eventos e RI', 1),
(865, 'Wyller Braga Calais Correia Pinto', 'wyllerbragacalais@gmail.com', 'cfee3764250012ee5926a545f110acca', 'Ideal Consultoria', 'Nenhuma', '08/08/1992', 'Assessor da Presidência', 'IX Internej', 'Comunicação, Benchmarking, Captação de Clientes.', 1),
(866, 'Gabriel Salvador Carvalhais', 'gabrielsalvac@gmail.com', '0073d45b925bf5954e7787d3a77503a5', 'PJ Consultoria e Assessoria', 'FEJEMG', '05/12/1994', 'Gerente de Comunicação', 'EMEJ 2014', 'Marketing, negócios, gestão de pessoas etc..', 1),
(867, 'Fernando Borges de Sousa Lopes', 'fernando.lopes@ucj.com.br', 'daffd50fc9b88df4a0615b5d554ea5bd', 'UFMG Consultoria Jr', 'FEJEMG', '28/09/94', 'Gerente de Relacionamento Corporativo', 'RP - BH', 'Desenvolvimento', 1),
(868, 'Murilo Venelli Pyles', 'murilo_pyles@hotmail.com', '14d777febb71c53630e9e843bedbd4d8', 'Vianna Consultoria Júnior', 'Nenhuma', '20/07/1994', 'Diretor Comercial', '-', 'Consultoria Jurídica\nConsultoria Administrativa', 1),
(869, 'Angélica Lorena dos Santos Oliveira', 'angelicalorenaoliveira@gmail.com', '02c10513f7dce0bdb09cdba47b984367', 'Sinergia', 'FEJEMG', '12/05/1991', 'Vice Presidente', 'RP FEJEMG', 'Qualidade, Estratégia', 1),
(870, 'Camila Karam', 'camilakaram@cpejr.com.br', '6e4df89dd0b9c017ce2463df4cbebdb7', 'CPE Jr.', 'FEJEMG', '06/01/1994', 'Gerente de projetos', 'EMEJ', 'Projetos e ADM-fin', 1),
(871, 'Pamela Carvalho Bernini', 'pamelabernini@hotmail.com', '17e595efbfde9ccbc51ae2177810b5bb', 'Ascender - Treinamentos e Projetos Elétricos ', 'Nenhuma', '13/03/1994', 'Diretora de Gestão de Pessoas', 'RP - Juiz de Fora', 'Aprimorar os conhecimento no MEJ, para me tornar um profissicional diferenciado e realmente fazer parte  desse movimento e melhorar ao máximo  minha EJ, para que futuras gestões possam mante-la.', 1),
(872, 'Luísa Pereira Botrel', 'luisabotrel@hotmail.com', '8b4256e31950d89ee1625c186baf8ad0', 'Ufla Júnior', 'FEJEMG', '19/04/1995', 'Assessora de Projetos', 'RP de Itajubá', 'Projetos, Qualidade', 1),
(873, 'Alexandre Cardoso de Almeida', 'alex_ca@nano.ufrj.br', 'c2e4594cddc1863cdc961608c217c0e3', 'Auger Nanotecnologia', 'Nenhuma', '31/10/1990', 'Diretor Administrativo', 'INTERNEJ', 'Área Financeira, Patentes e desenvolvimento Tecnológico.', 1),
(874, 'Marcus Estevam Teixeira Barcelos', 'markin_1093@hotmail.com', 'f4578bca2ce3e90ab784ee52d1e19757', 'Ambiental Jr.', 'FEJEMG', '26/10/1993', 'Trainee', 'Nenhum', 'Marketing e Captação', 1),
(875, 'Vinicius de Lourenço Abdalla', 'eab.vinicius.abdalla@gmail.com', '78a336fccb49d63c7fbd13e0dc6320a3', 'Ambiental Jr.', 'FEJEMG', '20/05/1993', 'Pós-Júnior', 'EMEJ 2012, EMEJ 2014', 'Imprensa, relações públicas, tecnologia da informação e publicidade.', 3),
(876, 'Ricardo Cassini L''Abbate', 'ricardoclabbate@gmail.com', '0f35b425ebb855caa260a6428fb77b5b', 'AgroPlan-UFV', 'FEJEMG', '18/01/1995', 'Diretor de Marketing', 'RP Viçosa', 'Difusão e expansão do Movimento Empresa Júnior.\nDesenvolvimento Humano;\nProspecção de negócios;\nRelaçòes institucionais; \nEstratégia de Marketing e suas tendências.', 1),
(877, 'Lais Rodrigues Alves', 'laisr.alves@yahoo.com.br', 'a2e1bfecb92ae41508481186d6b52700', 'Ômega Júnior', 'FEJEMG', '12/01/1993', 'Gerente Jurídico', 'Rp', 'Administrativo/Financeiro', 6),
(878, 'José Jurandir Alves Esteves Júnior', 'alvesestevesjunior@gmail.com', 'd49dd4a9677c33e204ee0bdec213f2cf', 'PJ', 'FEJEMG', '13/02/1995', 'Diretor de Rh', 'EFEJ2013', 'Pessoas, Estratégia.', 1),
(879, 'Iara Lúcio Bravieira', 'iarabravieira@gmail.com', '156c3bfab00da9baf6b3e9c620cbc77d', 'RH Jr.', 'FEJEMG', '15/04/1994', 'Assessora Administrativo-Financeira', 'EMEJ', '.', 2),
(880, 'Aline Aparecida Malta', 'alinemalta15@gmail.com', 'fa9c5471e119e4da1af6d350160be7ff', 'SEC Jr. Consultoria', 'FEJEMG', '23/07/1993', 'Assessora de Comunicação', 'Nunca', 'Comunicação.', 7),
(881, 'Pedro Henrique Ferreira Lobão', 'lobaoph@gmail.com', '3ed0056bed89927577a72c13292f8132', 'acejr', 'Nenhuma', '12/05/1993', 'trainne', 'RP juiz de fora', 'empreendedorismo, gestão de pessoas e marketing.', 3),
(882, 'Leonardo Silva Silveira', 'leosilveiracxb93@gmail.com', '8b0b73722db6ca40c63ad9974c3911f1', 'Dinâmica Consultoria Júnior', 'FEJEMG', '01/04/1993', 'Consultor Adm-Fin', 'UFSJR', 'área administrativa financeira', 6),
(883, 'Affonso de Oliveira Carvalho', 'affonsocarvalho@ufrj.br', '115b509b0abd32fb21247a4b9b4f4143', 'Auger Nanotecnologia', 'Nenhuma', '30/11/1987', 'Presidente', 'Internej', 'Expansão MEJ \nPLS \nImpacto no mej nas instituições de ensino. \nBrasil Junior e Federação.', 1),
(884, 'Ingrid Felomensch Araújo Magalhães', 'ingridfelomensch@gmail.com', '5baee1617e2a892c905b81d9108f2345', 'Sinergia', 'FEJEMG', '22/11/1994', 'Gerente de Qualidade', 'IX Internej', 'Gestão por processos; qualidade em projetos externos', 6);
INSERT INTO `usuarios` (`codUsuario`, `nomeCompleto`, `email`, `senha`, `ej`, `federacao`, `dataNascimento`, `cargoMej`, `evento`, `areaInteresse`, `tempoMej`) VALUES
(885, 'Natal Roberto de Castro Junior', 'natalroberto4@gmail.com', 'c29a8e0d792e1331605aff83c011cf62', 'Sinergia', 'FEJEMG', '04/03/1996', 'Gerente', 'Internej', 'Relações Públicas, marketing empresarial, ferramentas de qualidade e otimização de gerenciamento de projetos.', 6),
(886, 'Cibele Patrícia Damasceno de Oliveira', 'cibele.oliveira@emasjr.com.br', 'bf4958a13b2383dfc4577c7e081c5bff', 'Emas Jr. Consultoria', 'Nenhuma', '10/05/1996', 'Gerente Financeira', 'Ainda não participei de nenhum', 'Engenharia, Arquitetura', 6),
(887, 'Matheus Santos Câmara de Souza', 'matheus_santoscs@hotmail.com', 'c148fbe7c118670a5fdda972425ddfb4', 'Ecofarma', 'FEJEMG', '14/11/1995', 'Gerente de Marketing Externo', 'RP Juiz de Fora', 'Aprender com os demais integrantes do MEJ. Visando sempre o aperfeiçoamento pessoal e profissional e também compartilhando conhecimento com os integrantes do MEJ.', 3),
(888, 'Caique de Souza Melo', 'caiquesouzamelo@gmail.com', '4ed4721b28567342ba2878bd555d963b', 'Sinergia - Soluções em Tecnologia Química', 'FEJEMG', '05/06/1996', 'Gerente Administrativo-Financeiro', '-', 'Engenharia Química e Administração Financeira.', 0),
(889, 'Fábio Ribeiro Melo Filho', 'fabioribmelo@hotmail.com', '3dbf971cb3711068bc1575a2d043b9cc', 'Ejel - Consultoria e Projetos Elétricos Jr.', 'FEJEMG', '27/04/1994', 'Assessor da Qualidade', 'UFSJr', 'Desenvolvimento', 1),
(890, 'thais correa damasceno', 'thaiscorread@hotmail.com', 'e4796cdcfde727ec79a0fc364f69bb8b', 'joao pinheiro jr', 'FEJEMG', '21/12/1996', 'assessora na empresa', 'nenhum', 'área de publicas, marketing', 6),
(891, 'Juliana Rezende', 'julianamotta@criaufmg.com.br', 'ad8b78c5243e1e070054a7e472f78f9c', 'Cria UFMG', 'FEJEMG', '17/09/1994', 'Nenhum', 'RP', 'Comunicação, Marketing, Publicidade, Jornalismo', 1),
(892, 'Thais Mara Lopes Henriques', 'thaislank03@hotmail.com', '73e3973fef4847c40e34320fa601e144', 'Dinâmica', 'FEJEMG', '10/01/1995', 'Vice Presidente, Dinâmica Consultoria Jr.; Co', 'UFSJr.', 'Desenvolvimento, Pesquisa, Gestão, Representatividade, Alinhamento.', 1),
(893, 'Gustavo Henrique Savini Silva', 'gustavosavini@hotmail.com', 'c618ad483a0f98be90226c8a0f459c79', 'PJ Consultoria e Assessoria', 'FEJEMG', '18/01/1994', '-', 'Prêmio FEJEMG 2013', 'Projetos, Engenharia Mecânica, Responsabilidade Social', 3),
(894, 'Arthur Infingardi C de Oliveira', 'arthur.infingardi@campe.com.br', '986c4e04badc0ded01a261328545c122', 'Campe Consultoria Jr', 'FEJEMG', '06/12/2014', 'Consultor de Qualidade', 'EGEJ 2014', 'Empreendedorismo , marketing , qualidade', 8),
(895, 'ISADORA RIBEIRO LOPES', 'isadora.ribeiro@jpjunior.com.br', 'd1d5a04c49428c7b562b22b764d514c2', 'João Pinheiro Jr.', 'Nenhuma', '28/09/1994', 'NENHUM', 'RP ITABIRA', 'Administração Pública\nGerenciamento de Projetos', 0),
(896, 'Diego Lopes Vieira', 'diego.lopesvieira@gmail.com', 'f636b52adacb038398d94e294f021c96', 'João Pinheiro Júnior', 'Nenhuma', '27/05/1995', 'Nenhum', 'Nenhum', 'Marketing', 0),
(897, 'Laura Raiane Almeida Campos', 'lauraacampos.farmaciajr@gmail.com', 'c396e00c066c1feb3f435e8ebfb1b062', 'Farmácia Jr', 'Nenhuma', '04/03/1992', 'trainee marketing', 'RP BH', 'Empreendedorismo e marketing no setor empresarial para aplicação em área farmacêutica. Interesse em área de trabalho em área comercial empresarial.', 6),
(898, 'Luana de França Levenhagen Serabion', 'levenhagenufsj@gmail.com', 'b885d7eafbab8a650bc00f38107fd2b8', 'Mosaico Comunicação Jr', 'FEJEMG', '18/02/1994', 'Presidente', 'Reunião Presencial de Viçosa', 'Comunicação/ Marketing/ Qualidade/ Desenvolvimento', 1),
(899, 'Fernando Silveira Nunes Costa', 'nandonunescosta@gmail.com', 'c5d862692ab654c72608e84af3082ce2', 'João Pinheiro Jr.', 'FEJEMG', '31/01/1996', 'Não possuo', 'Nenhum', 'Marketing e Comunicação', 0),
(900, 'Victor Miranda Sousa Franco', 'victormirandask@gmail.com', '195daafb1bf2d8ed73dfdb5b6c992775', 'UP Consultoria Jr.', 'FEJEMG', '10/07/1996', 'Assessor de Comunicação', 'EMEJ 2014', 'Marketing E Planejamento Estratégico', 8),
(901, 'Bruno Siqueira', 'bruno_h-siqueira@hotmail.com', '38640edd98d3114f15fb6f2755e4c5d6', 'Universidade Federal de São João del Rei', 'FEJEMG', '08/12/93', 'Conselheiro Multiplicador', 'IX Prêmio FEJEMG', '-', 1),
(902, 'Chiara Gomes Costanzi', 'chiaragcostanzi@hotmail.com', '3eb24055c514d68971f268bb60138304', 'Dinâmica Consultoria Júnior', 'FEJEMG', '11/03/1995', 'Consultora de Marketing', 'Circuito Beta', 'Marketing', 7),
(903, 'Andreza Maria de Carvalho', 'andrezacarvalho.cco@gmail.com', 'e10adc3949ba59abbe56e057f20f883e', 'CECCO Consultoria Contábil', 'FEJEMG', '01/03/1995', 'Gerente de RSE', 'Reunião presencial', 'Eventos e informações', 4),
(904, 'Diego Peres Lourenço', 'dpereslourenco@hotmail.com', '702deb3b37242938689b337bfcc98bb9', 'Granbery Consultoria', 'FEJEMG', '29/11/1991', 'Diretor', 'Juiz de Fora', 'Recursos Humanos', 2),
(905, 'Andre Camargos Spolaor', 'andre.spolaor@hotmail.com', '5c5d03f1ad877ed67f63eb6f8106fcdc', 'Mult Jr', 'FEJEMG', '22/02/1995', 'Assessor de RH', 'EMEJ', 'RH, Finanças, Gestão, ...', 12),
(906, 'Carla Ramalho Procópio', 'carlaramalho@acessojr.com', '13921e38d344b37c5d05b80d0e8681a1', 'Acesso Comunicação Jr.', 'FEJEMG', '06/04/1995', 'Vice- Presidente EJ e Conselho Multiplicador ', 'EMEJ', 'Comunicação e desenvolvimento', 1),
(907, 'Raissa Maria Bergamini', 'raissambergamini@hotmail.com', 'f7b16af5588f9654862e4aefcec8b0de', 'Consultoria e Projetos Elétricos Júnior', 'FEJEMG', '20/07/1995', 'Assesora de marketing', 'EMEJ', 'Marketing, TI, administrativo financeiro, eventos', 1),
(908, 'IGOR FRANCISCO CHAGAS DOS SANTOS', 'igor.chagas65@gmail.com', 'a190e874be42dcc2086b61e0a7a05070', 'Farmácia Jr. Consultoria UFMG', 'FEJEMG', '04/02/1995', 'Trainee', 'EMEJ', 'Comunicação e Marketing', 2),
(909, 'Augusto Batalha', 'batalhaaugusto@gmail.com', '96d11cc160ec752688ab45dc06a7505c', 'UNIFEI JR', 'FEJEMG', '19/06/1995', 'Assessor', 'Reunião Presencial de Itajubá', 'Contato com o mercado de trabalho, gestão e liderança.', 3),
(910, 'Rafaella Alcantara Reis Mendes', 'rafaella.reis@emasjr.com.br', '1f8d579905457961569c6962a85fa365', 'Emas', 'Nenhuma', '10/12/1993', 'Coordenadora de projetos', 'Esse é o primeiro', 'Engenharia Ambiental', 1),
(911, 'Leonardo Augusto Coelho Ribeiro', 'leonardo@terrajr.com.br', '42c19cb9e3e696b8e96500708bb58039', 'Terra Junior', 'FEJEMG', '06/10/1990', 'Consultor em Medicina Veterinaria', 'Rp Itajubá', 'área agropecuária, gestão de pessoas, gestão financeira, liderança, motivação pessoal.', 6),
(912, 'Marco Thulio Andrade', 'marco@terrajr.com.br', '9eaa123cdab3413ef31091ae39fc7606', 'Terra Júnior', 'FEJEMG', '08/03/1995', 'Coordenador de Engenharia Agrícola', 'EREP - Encontro Regional de Excelência Profis', 'Consultoria Agrícola', 8),
(913, 'Luiza Dulcetti Domingos', 'ludulcetti@hotmail.com', '748c5874f8ffe0effce66199254957d0', 'Emas', 'Nenhuma', '07/08/1994', 'Assessora de RH', 'Esse é o primeiro', 'Engenharia Ambiental', 1),
(914, 'Felipe Corrêa Ribeiro', 'felipe.c.ribeiro@ufv.br', 'f3c3db9cff3d77fc881d460957157b2c', 'UFV Jr. Florestal', 'FEJEMG', '30/10/1995', '---', 'Nenhum evento', '---', 0),
(915, 'Mateus Monferrari Costa', 'mateus.costa@emasjr.com.br', '7d556b3cde5fdd22dc416195bccd9633', 'Emas Jr', 'Nenhuma', '27/10/1993', 'Gerente de Projetos', 'Emej 2014', 'Todas que me fazem feliz.', 9),
(916, 'Alexandre Vosgrau de Carvalho', 'alexandre_vosgrau@hotmail.com', 'a6c30a3de5e446e90bef31ecd720faa4', 'UNIFEI JR', 'FEJEMG', '24/11/1992', '-', 'RP Itajubá', 'Liderança; Cooperativismo; Criatividade; Design Thinking.', 3),
(917, 'Letícia Albuquerque Soares', 'leti160288@hotmail.com', '5178fe8e9d5bc32ec85209777f3c3a01', 'EJED', 'Nenhuma', '16/02/1988', 'Gerente de Projetos', 'IX Internej', 'Conhecer mais sobre a FEJEMG.', 7),
(918, 'Jhonatta Miranda', 'jhonrvmiranda@gmail.com', 'e8f6787f1033fca69c42fc1cfae510a2', 'AgroPlan-UFV', 'FEJEMG', '11/02/1993', 'Diretor Presidente', 'RP Uberlândia', 'Gerenciamento de Projetos.', 2),
(919, 'Angelo Rodrigues de Carvalho Ferreira', 'angelo.ferreira@ucj.com.br', '67f4ed6643e4d95f6235e25d3338dcb2', 'UFMG Consultoria Junior (UCJ)', 'FEJEMG', '29/07/1996', 'nenhum', 'Nunca participei de um evento do MEJ', 'Interesse no MEJ, nas áreas de consultoria e principalmente de Economia.', 0),
(920, 'Bruno de Almeida Gonçalves', 'bruno.almeida.16@hotmail.com', '240ecc20242f7131b7cbb4f06e08528b', 'TERRAjr', 'FEJEMG', '15/06/1989', 'Coordenador/consultor de Agronomia', 'RP de Itajubá', 'Consultorias', 3),
(921, 'Breno Roberto Dias Amorim', 'brenoengflorestal@yahoo.com.br', 'cb630071002e20addacf03c0cbbf79dd', 'Terra Jr - Consultoria Agropecuária', 'FEJEMG', '14/07/1990', 'Coordenador de Engenharia Florestal', 'Não', 'Engenharia Florestal', 2),
(922, 'Ígor Boninsenha', 'iboninsenha@gmail.com', '1437e3c85da1bd30006ae88ea393bf4a', 'AgroPlan-UFV', 'FEJEMG', '25/05/1996', 'Assessor de Projetos', 'RP Itajubá', 'Projetos', 7),
(923, 'Paulo César Pires Campos Júnior', 'paulocampos@ibmex.com.br', '9312f8728971653b4b37b30d4ec665e2', 'Ibmex', 'FEJEMG', '06/11/1993', 'Consultor de empresa júnior', 'Nenhum', 'Economia e empreendedorismo.', 3),
(924, 'Gustavo Woellner de Souza', 'gustavowoellner@riojunior.com.br', 'e250661ddc6237bda94ee5fd31fb6139', 'Iniciativa Junior', 'RioJúnior', '01/06/1992', 'Assessor de Negócios', 'EFEJ 2014', 'Eventos', 2),
(925, 'Júlio César Lôbo Sampaio', 'julio.lobo@emasjr.com.br', '275ffed1759907b8a32a3fcef8530482', 'Emas Jr.', 'Nenhuma', '10/01/1995', 'Gerente de Eventos', 'Nenhum', 'Tudo', 6),
(926, 'Sofia Maria Amorim Falco Rodrigues', 'falcosofia@hotmail.com', 'eda6ecaf1ec93dd10e046756891bd4ea', 'Ejel - Consultoria e Projetos Elétricos Jr.', 'FEJEMG', '21/09/1993', 'Pós Júnior', 'RP de Uber 2014', 'MEJ, Engenharia Elétrica, FEJEMG, BJ, Cenje', 1),
(927, 'Dominique Serrado de Almeida', 'dominique.serrado@gmail.com', 'f7b35e597d6e15c2de7e0cfef231c3ca', 'EmpNut', 'FEJEMG', '21/10/1993', 'Diretora de Marketing', 'IX InternEJ', 'Marketing e Qualidade.', 2),
(928, 'Cristiano Morais Nogueira Tartaglia', 'cristiano.kaiser@gmail.com', '83a7d559028eb1c2211203ff3762454b', 'Alimentos Júnior', 'FEJEMG', '08/03/1993', 'Diretor de Projetos', 'Células Temâticas da CEEMPRE', 'Engenharia de Alimentos', 1),
(929, 'Leticia Araujo', 'learaujo1995@gmail.com', 'cdc21e908c8119545b018e08c4c6f288', 'UNIFEI JR', 'FEJEMG', '19/04/1995', 'Gerente de eventos', 'RP Juiz de Fora', 'Qualidade', 2),
(930, 'Rafael Mendes Teixeira', 'rafaelmttur@hotmail.com', '5e37565fb6341ea98e7f221b8270db9c', 'In Bio', 'FEJEMG', '07/02/1992', 'Gerente de Marketing', 'Ainda não participei.', 'Marketing e Relações Públicas.', 6),
(931, 'Amanda Souza Cavalcante', 'amanda.cavalcante.arq.urb@gmail.com', '39372312243afe6e17cdef6160acc47c', 'Arq Jr. Projetos e Consultoria', 'FEJEMG', '12/06/1991', 'Coordenadora Núcleo Social', 'RP FEJEMG DIAMANTINA', 'Arquitetura e urbanismo, Empreendedorismo, Projetos Sociais, Construção Civil, Arte...', 3),
(932, 'Douglas Vinicius da Silva Fonseca', 'douglasvinicius3991@gmail.com', 'b9f4af08484a8afa3835c2130a9bb049', 'UNIFEI JÚNIOR', 'FEJEMG', '14/08/1993', 'empresario júnior', 'RP ITAJUBÁ', 'Gestão e Marketing', 3),
(933, 'Bruno José Ribeiro Mendonça', 'bjrmend@gmail.com', '2154227140dbd73ceb8809baa9bb1f0e', 'Colucci Consultoria Jurídica Jr.', 'Nenhuma', '06/05/1992', 'Diretor de Relações Públicas', 'EMEJ', 'Marketing e projetos', 1),
(934, 'Samuel Guilherme Carvalho', 'samucagcarvalho@hotmail.com', '6797e6a11aae5e1b09f4e3d90a19f9d1', 'In Bio', 'FEJEMG', '04/12/1994', 'Trainee', 'Nenhum', 'Marketing', 4),
(935, 'José Luiz de Lima', 'jlchinelatto@gmail.com', '6bbebcfaf5c444ae4073efc7e4d49ef2', 'InBio', 'FEJEMG', '19/07/1996', 'Trainee', 'Nenhum', 'Gestão de Projetos', 4),
(936, 'Paloma Mansur', 'paloma_mansur@hotmail.com', '927125b012f028452e6bc5319e5bacf8', 'InBio', 'FEJEMG', '07/09/1995', 'Gerente de Projetos', 'RP Uberlândia', 'Projetos', 1),
(937, 'Samuel Lucas Brasileiro Silvério', 'Samuel.silverio@ufv.br', '750fb488a9bcfe5a204a406c0d13ee19', 'In Bio', 'FEJEMG', '15/12/1994', 'Trainee', 'Nunca participei', 'Projetos', 4),
(938, 'Anna Paula Souza Fonseca', 'annap_fonseca@hotmail.com', 'd323789964100d30e965136c0859bf15', 'TECNOMOL - Empresa Júnior de Bioquímica', 'Nenhuma', '24/03/1992', 'Diretora de Marketing', 'Internej', 'Marketing\nLiderança', 1),
(939, 'Brenda Vila Nova Santana', 'brenda.santana@ufv.br', 'e35f1584981f3f4ce9e8e54a4f8f1f2e', 'In Bio', 'FEJEMG', '30/06/1992', 'Diretora do Administrativo Financeiro', 'Capacitações da CEEMPRE', 'Administrativo Financeiro, Qualidade', 2),
(940, 'André Luiz Moreira Candian', 'andre.l.m.candian@gmail.com', 'bc6eb037accc7f508b6c24f721298c49', 'Sinergia - Soluções em Tecnologia Química', 'FEJEMG', '24/11/2014', 'Gerente Administrativo-Financeiro', '-', 'Engenharia Química,áreas de Administração, Jurídico e Financeira.', 6),
(941, 'Maiã Maia de Paula', 'maiamp@hotmail.com', 'f3b387a6529f4c2d5ccf5cef68901da2', 'Inbio', 'FEJEMG', '13/12/1990', 'Trainee', 'nenhum', '-', 0),
(942, 'Leonardo Cerqueira', 'leo.cerqueira@live.com', 'a76699999979627690366a058d9e7f30', 'Vianna Consultoria Júnior', 'Nenhuma', '06/01/1993', 'Diretor de Marketing', 'Vem pro Litoral', 'Departamentos de: Marketing, Administrativo e Financeiro.', 4),
(943, 'Flavia Diniz', 'flavia.conselt@gmail.com', '91582721be524e4c58484983c73120c9', 'Conselt', 'FEJEMG', '08/06/1996', 'Membro', '-', 'Gestão de Empresas e Pessoas; Comunicação.', 0),
(944, 'Victor Augusto de Queiroz Batista', 'vitinqueiroz00@hotmail.com', '1ed849a1a1ae9523dee5d586182bd1c9', 'In Bio - Empresa Júnior de Biologia', 'FEJEMG', '17/06/1994', 'Trainee', 'nenhum', 'Administrativo-financeiro e diretoria de presidência', 1),
(945, 'Marcus Vinicius Fonseca', 'marcus.vfonseca@hotmail.com', '891d5ddce183538014821cbc567d69da', 'Vianna Consultoria', 'Nenhuma', '22/01/1993', 'Trainee', 'Semana da Administração', 'RH', 30),
(946, 'laura', 'laura.oliveira4@yahoo.com.br', 'cdee51aedd9f5da528d16047c3dd8b3b', 'omega junior', 'FEJEMG', '26/10/1992', 'Diretora de Gestão de Pessoas', 'RP Ouro Preto', 'Engenharia de Produção', 10),
(947, 'Thais Junqueira', 'thaisjunqueira@id.uff.br', 'e7712f33a0ea1a28f8388ef548ec8968', 'Vianna Consultoria Júnior', 'Nenhuma', '05/03/1991', 'Consultora Comercial', 'Nenhum', 'Departamento Marketing e projetos', 6),
(948, 'Ateles Fernandes Bittencourt Júnior', 'junioraj2016@outlook.com', '5e8ead81c5e8ce45467e62330e6618dc', 'No Bugs', 'FEJEMG', '05/06/1995', 'Gerente de Projetos', 'Internej', 'Tecnologia', 6),
(949, 'Lucas Coelho Victória', 'lucas.c.victoria@gmail.com', '120b8911f215ef9b3f88ec35be08d4d1', 'Preserva Jr.', 'FEJEMG', '22/10/1991', '-', 'nenhum', 'Marketing, Projetos, Administração e Financeira', 0),
(950, 'Diego Henrique Salgueiro Pinto', 'diegoelite@gmail.com', '0b1fae53287e206e153bfa495b6d114b', 'UFMG Consultoria Jr.', 'FEJEMG', '29/06/1987', 'Consultor', 'EGEJ', 'Financeira', 8),
(951, 'Paulo Henrique Fonseca do Carmo', 'paulofonseca.senior@gmail.com', 'b7c31b96f0f4e733aacabe9c505d5bfa', 'Sênior Consultoria Ambiental', 'FEJEMG', '21/08/1986', 'Assessor de Marketing e Comunicação', '0', 'Marketing e Comunicação', 6),
(952, 'Lucas Martinucci Boldrin', 'tuboldrin@gmail.com', '0e7d44f1395ab20d9049411485039b21', 'Jurídica Júnior', 'FEJEMG', '04/03/1994', 'Diretor de Recursos Humanos', 'Nenhum', 'Recursos humanos\nMEJ\nEmpreendedorismo', 6),
(953, 'Guilherme Monteiro Santos', 'monteirocmrj@gmail.com', 'd6885889b7084ca1ccd9780f1546a4b8', 'PROGED Empresa Jr', 'RioJúnior', '17/04/1992', 'Coordenador de Fomento UFRJr - Núcleo das Emp', 'EFEJ 2014', 'Empreendedorismo Social. Liderança positiva.', 20),
(954, 'Gabriel Abreu', 'gabriel96abreu@live.com', '785e8284544cd01e32db8a18d0f2f334', 'Ômega Júnior', 'FEJEMG', '08/03/1996', 'Não tenho.', 'RP Juiz de Fora', 'Projetos.', 4),
(955, 'Marcelo Pereira Rodrigues', 'marcelo.rodrigues@ijunior.com.br', '41ef0494d81d72b68ada39a5ba8ed1d0', 'UFMG Informática Jr.', 'FEJEMG', '31/03/1988', 'Diretor Administrativo-Financeiro', 'ENEJ', '- Soluções Web e Mobile;\n- Software Livre;', 2),
(956, 'João Horta', 'joao.horta@ucj.com.br', '53301675d15997e5e09d6873bad767a7', 'UFMG Consultoria Jr.', 'FEJEMG', '13/11/1993', 'Conselheiro Multiplicador FEJEMG', 'RP Juiz de Fora', 'Gestão de Projetos ; Finanças', 1),
(957, 'Daniel Sadao Matsuba', 'Daniel.sadao@unifeijr.com.br', '2dd99d263ecc5ebf25b91d2532b46080', 'UNIFEI JR', 'FEJEMG', '28/08/93', 'Assessor', 'RP juiz de fora', 'Marketing,  gestão e estratégia', 1),
(958, 'Juliana Delgado Simões', 'juliana.delgado@campe.com.br', '92aa0403dd75dc343d56306bdec921fc', 'Campe Consultoria Jr', 'FEJEMG', '29/01/1995', 'Consultora de Gestão de Pessoas', 'EMEJ 2014', 'Administração, RH', 6),
(959, 'Camila de Oliveira Amélio', 'camila.amelio@ucj.com.br', '271ddd200083fcdfd76bad9ed018eabf', 'UCJ', 'FEJEMG', '21/12/1994', 'Trainee', 'Sábado UCJ', 'Marketing, Qualidade, Negócios, Empreendedorismo', 2),
(960, 'Guilherme Néry', 'guilherme.nery@ucj.com.br', '30fe46f28c15d0b0f4aec1ba96118c6c', 'UCJ', 'FEJEMG', '14/02/1995', 'Consultor', 'EMEJ2014', 'Rede de pessoas', 8),
(961, 'Guilherme Viegas de Faria', 'guilherme.faria@ijunior.com.br', '76f862450ab7cdc4ea173fb6cf3d5f3a', 'UFMG Informática Junior', 'FEJEMG', '05/09/1990', 'Acessor Presidência', 'ENEJ', 'Estratégia, RH, TI.', 1),
(962, 'Vinícius Monteiro Ferreira', 'vinicius.m.ferreira@ufv.br', '8394152f65474136c6fa14effe4fe3d7', 'Veterinarius', 'Nenhuma', '29/03/1995', 'Gerente de Gestão de Pessoas', 'Dia do Trainee', 'Motivação, treinamentos', 2),
(963, 'Breno Alves', 'brenoalves.meta@gmail.com', '9923f12ae6b93c13b767819757676455', 'META Consultoria', 'FEJEMG', '03/09/1993', 'Diretor de Marketing', 'RP Itabira', 'Marketing, projetos, liderança, etc.', 9),
(964, 'Lucas Bauth Barros Oliveira', 'lucas.oliveira@ucj.com.br', 'd87099625021a752bce67f66c4db8bf4', 'UFMG Consultoria Junior', 'FEJEMG', '28/10/1991', 'Trainee', '--------------', 'Assessor de regulamentação', 4),
(965, 'Yuri Teixeira de Oliveira', 'ydoteixeira@gmail.com', 'b2c86f22c3f5a042d0c898d0e7b57f4d', 'SEC Jr. Consultoria', 'FEJEMG', '04/01/1989', 'Assessor de Fomento e Orientação - FEJEMG', 'IV InternEJ', 'Jurídico, Financeiro, Fomento e Orientação', 2),
(966, 'Leonardo Alves Bigão', 'leopn_05@hotmail.com', '98a5a7e6d24232e7c1921a21731d191b', 'MetalMinas Consultoria em Engenharia', 'Nenhuma', '28/01/1994', 'Diretor Gestão de Pessoas', 'EMEJ', 'Gestão de Pessoas', 1),
(967, 'Pedro Quinaud Minchilo', 'pedrominchilo@hotmail.com', 'ce8ea8a213e28403ede6a0c2e692efbd', 'PJ Consultoria e Assessoria', 'FEJEMG', '19/07/1995', 'Assessor de Clientes', 'EMEJ 2014', 'Negócios, gestão, desenvolvimento.', 6),
(968, 'Fernando de Paula Andrade', 'fernando.andrade@coluccijr.com.br', '1d90d9a4a311e150c5e9712d1515a057', 'Colucci Consultoria Jurídica Jr.', 'FEJEMG', '24/07/1993', 'Consultor de Gestão de Pessoas', 'RP - Juiz de Fora', 'Consultoria e Assessoria Jurídica.', 6),
(969, 'Caique Costa Lara', 'caiquelara@hotmail.com', '4f35b6f4fb5c0a6d716e02721266b249', 'Ômega Júnior', 'FEJEMG', '13/06/1993', 'Diretor de Operações', 'RP São João del Rei', 'Estratégia e planos', 1),
(970, 'Jean Carlos Trindade Filho', 'jean_trindadefilho@yahoo.com.br', 'c1cc3fc35ea82db1be860278277624b9', 'Ômega Júnior', 'FEJEMG', '08/02/1994', 'Gerente Estratégico do SGQ', 'RP Juiz de Fora', 'Estratégias e planos\nGestão interna', 6),
(971, 'Verônica Luiza Oliveira Melo', 'veronicamelo2805@gmail.com', 'd2d8ffc663941ccd1392de0cf254d3ef', 'Ômega Júnior', 'FEJEMG', '28/05/1996', 'Gerente de Planejamento Estratégico', '-', 'Estratégias e Planos', 6),
(972, 'Brayan Aquino Baldi', 'brayan9@bol.com.br', '07481ead2f358dba01f7863ee0e55b8d', 'Mais Consultoria Jr.', 'FEJEMG', '03/10/1991', 'Membro', 'RP do Litoral', 'Empreendedorismo', 1),
(973, 'Hevellin Ferreira Aguiar e Ferraz', 'hevellin.ferraz@nobugs.com.br', 'ded5b730a41c2d512553a5b2898d6fe3', 'No Bugs', 'Nenhuma', '06/03/1996', 'Gerente de Comunicação da No Bugs', 'InternEJ', 'Marketing', 0),
(974, 'Marcelo Canabrava de Andrade', 'marcelo.andrade@ucj.com.br', '49d3280cc34fca3b96b74a47ceab7700', 'UCJ', 'FEJEMG', '09/11/1995', 'Assessor de Negócios', 'Prêmio FEJEMG', '.', 0),
(975, 'Yule Mares', 'yule.mares@ucj.com.br', '02eabcdbd694bdce4dc812f781765e0b', 'UFMG Consultoria Junior (UCJ)', 'Nenhuma', '26/01/1996', 'Não se aplica', 'Não se aplica', 'Interesse na área de relacionamento institucional e área de negócios em geral.', 0),
(976, 'Tatiane Chaves da Silva', 'tatiane.farmaciajr@gmail.com', '3a51758a6db814c58c7821421dbdb9f9', 'FARMACIA JR.', 'FEJEMG', '14/06/1992', 'Acessora do departamento ADM-FIN', 'EMEJ', 'Ciências', 3),
(977, 'Cleiton', 'cleitonfcosta@gmail.com', 'd13d236d085da47d7596c56a5f978bba', 'Tristate', 'Nenhuma', '15/03/1991', 'Vice Presidente', 'ENEJ', 'Liderança, qualidade, marketing, empreendedorismo', 2),
(978, 'Felipe Andrade Neves Dias', 'felipeaneves@globo.com', '8a64f20bac3eaeaf00cd1c88a5a04de6', 'PJCA', 'FEJEMG', '30/03/1995', 'Assessor', 'EMEJ', 'Eventos, Engenharia de Produção', 6),
(979, 'Jorge Borges Merheb', 'jbormerheb@gmail.com', '4ccf79007d6c02503deaae28b8070225', 'PJ Consultoria e Assessoria', 'FEJEMG', '22/08/1994', 'Assessor de Recrutamento', 'EMEJ', 'Eventos e engenharia.', 5),
(980, 'Stephanne Fragoso Pocinha Fernandes', 'stephannefragoso@gmail.com', '9616aac173087cd29aa68436c5358205', 'Mosaico Comunicação Júnior', 'Nenhuma', '16/10/1993', 'Conselheira Admnistrativa', '-', 'Comunicação, empreendedorismo, MEJ, CENJE, benchmarking.', 1),
(981, 'Marina Prass Santos', 'marinaprass@hotmail.com', '91005e9779ee39bf6fe6cf543183a0be', 'Mult Jr', 'FEJEMG', '24/01/1995', '-', '-', 'Projetos, gestão estratégica, captação ativa de clientes', 0),
(982, 'Guilherme Martins Pimentel', 'guilherme.pimentel@fejemg.org.br', '0aab0155895ab2eda784705364327a32', 'Acesso Comunicação Júnior', 'FEJEMG', '07/08/1990', 'Assessor de imprensa FEJEMG', 'EMEJ 2014', 'Comunicação (toda a área, talvez com menos interesse por RP) e, em especial, Jornalismo.', 18),
(983, 'Francisco José Angélico', 'francisco13morais@hotmail.com', 'ed5c95372757130668b6569ad99189ba', 'Ômega Jr.', 'FEJEMG', '23/02/1994', 'Conselheiro', 'EMEJ', 'Diretoria Administrativo-Financeira.', 11),
(984, 'Pedro Tobias', 'pedrom.tobias@gmail.com', '3fc0a7acf087f549ac2b266baf94b8b1', 'EJECON', 'Concentro', '23/01/1992', 'Assessor do PEG', 'EMEJ 2014', 'Qualidade, Desenvolvimento, Projetos', 4),
(985, 'Igor Tristão Rodriguez', 'igor.rodriguez6494@gmail.com', 'fcea920f7412b5da7be0cf42b8c93759', 'CAMPE- Consultoria e Assessoria a Médias e Pe', 'FEJEMG', '06/04/1994', 'Consultor', 'Nenhum', 'Estratégia e processos.', 4),
(986, 'Cecília Araújo', 'araujos.cecilia@gmail.com', '2b2b551c079fd75555de7c009faef53e', 'Ômega Júnior', 'FEJEMG', '23/06/1993', 'Presidente Omega Junior', 'EMEJ', 'Marketing, comunicação, liderança', 2),
(987, 'Marina Castelo Furtado', 'marina.castelo@campe.com.br', '38b5fbd50909e0b977292e7c66b5d309', 'Campe Consultoria Júnior', 'FEJEMG', '14/10/1993', 'Consultora DGP', 'Nenhum', 'DGP,Finanças', 7),
(988, 'Carla Regina Rodrigues Vial', 'carlavial@outlook.com', '28ea6707b59e33a7808ba37af1d23613', 'Ômega Júnior', 'FEJEMG', '08/04/1994', 'Diretora de Qualidade', 'RP da Fejemg em Juiz de Fora', 'Qualidade e projetos mecânicos e de produção.', 11),
(989, 'Omar Neves Neto', 'omarneves_@hotmail.com', '7c9c08580c9625d268f76a1962a47b77', 'Ômega Júnior', 'FEJEMG', '30/10/1994', 'Gerente de Publicidade', 'EMEJ', 'Projetos\nMarketing', 6),
(990, 'Annaiz Regina Rodrigues Vial', 'annaiz_vial@hotmail.com', '28ea6707b59e33a7808ba37af1d23613', 'Dinâmica Consultoria Júnior', 'FEJEMG', '08/04/1994', 'Pós Junior', 'RP da Fejemg', 'projetos adm', 3),
(991, 'FERNANDA CARDOSO CARNETTA', 'fernandacarnetta@outlook.com', '92c3a4e896f4ad93315a1828b5c0b913', 'UFLA Júnior Consultoria Administrativa', 'FEJEMG', '24/05/1993', 'Assessora da Diretoria Administrativo Finance', 'RP Itajubá', 'DAF, Regulamentação', 1),
(992, 'vespúcio mascarenhas', 'vespucio.mascarenhas@gmail.com', '83c3f658ff5e067f2087467d8ccf3a28', 'Colucci Consultoria Jurídica Jr.', 'Nenhuma', '11/09/1993', 'gerente de relações públicas', 'RP - Itajubá', 'sabatina para federação', 1),
(993, 'Deborah Rolim', 'deborah.rolim@fejemg.org.br', '0075d30900bdafead95769eafa1bdd44', 'UFMG Consultoria Júnior', 'FEJEMG', '11/11/1992', 'Assessora de Desenvolvimento - Fejemg / Geren', 'EMEJ 2014', 'Gerenciamento', 0),
(994, 'Frederico Machado Teixeira', 'fredericomachado@cpejr.com.br', '402fb765b9b9376019541c281a20c24a', 'CPEJr', 'Nenhuma', '02/10/1991', 'Nenhum', 'Nenhum', 'Sem interesse por enquanto', 0),
(995, 'Nattan Lorensini Bechuate', 'nattanbechuate@gmail.com', '8c924909342317819cf72c7ab8c437dc', 'UP Consultoria Jr', 'FEJEMG', '29/07/1994', 'Acessor de Relações Públicas', 'Rp de Viçosa', 'Relações Públicas.', 6),
(996, 'CARLOS EDUARDO DE CARVALHO MIRANDA', 'ce.carv.miranda@gmail.com', '9e6a75c505a07ea948f3053d571252cd', 'Soluções Consultoria', 'FEJEMG', '10/11/1991', 'Gerente de Projetos', 'RP Viçosa', 'Negociação; Captação; Projetos; Benchmarking;', 6),
(997, 'Priscila Gonzaga Biciati', 'priscilabiciati@hotmail.com', 'c1db4da75db2f317e1823173a05eed22', 'João Pinheiro Jr.', 'FEJEMG', '09/09/1994', 'Coordenadora do Projeto Futuros Gestores', 'RP - Juiz de Fora', 'inovação', 12),
(998, 'Matheus Mendes', 'matheusmendes.conselt@gmail.com', 'c50559e45b22ff0e582c534910d6d65a', 'Conselt', 'FEJEMG', '26/12/1994', 'Trainee Jurídico-Financeiro', 'Nenhum', 'Todos, principalmente na área de aprendizado sobre diretoria Jurídico-Financeira.', 1),
(999, 'Murillo Marcos Macedo Sanches Mateus', 'murillo.conselt@gmail.com', 'c46826d5e271fd789ffb491e7f4cf1ce', 'Conselt', 'FEJEMG', '11/06/1992', 'Diretoria de Jurídico-Financeiro', 'EMEJ', 'Desenvolvimento de projetos, controle de finanças.', 7),
(1000, 'André Freire Vidigal', 'andrevidigal@cpejr.com.br', '53bacfca60946bf66eb461d7c674ad09', 'CPE Jr.', 'Nenhuma', '18/11/1995', 'nenhum', 'nenhum', 'nenhuma ainda (trainee)', 0),
(1001, 'Júlia Romagnoli', 'juliaromagnoli@acessojr.com', '82430e056b730a9644a8f3f2b53baf7c', 'Acesso Comunicação Jr.', 'FEJEMG', '23/05/1994', 'Consultora de EJ', 'EMEJ', 'Qualidade', 6),
(1002, 'Davi Rodrigues Borges', 'davir.apoio@gmail.com', 'ada64730d04b7fc05a2968f22ba63d41', 'Apoio Consultoria', 'FEJEMG', '07/05/1992', 'Diretor de Relações Estratégicas', 'RP Juiz de Fora', 'Marketing, Estratégia, T.I.', 9),
(1003, 'Laís Vieira de Sousa Silva', 'laisvieira.apoio@gmail.com', '13c77dd880b1704039cc19d952d4272f', 'Apoio Consultoria', 'FEJEMG', '08/10/1993', 'assessora de negócios', 'RP de Juiz de Fora', 'Negócios e projetos', 9),
(1004, 'Pablo Mota', 'pablomota21@gmail.com', '454f8473c89a1ae2804b0540749cceb3', 'João Pinheiro Jr', 'FEJEMG', '21/02/1995', '-', '-', '-', 3),
(1005, 'Pedro Ivo Ribeiro da Costa', 'pedroivorcosta@gmail.com', '53cc6faebcce64f5dfcfceb4ee92e221', 'PROJET', 'FEJEMG', '19/04/1994', 'Consultor de Adm-Fin', 'EMEJ', 'Administrativo-Financeiro', 1),
(1006, 'Milena Dias Breder', 'milenabreder@criaufmg.com.br', 'b8ddbcd156d68ec727f98ad25c602b21', 'Cria UFMG', 'FEJEMG', '05/07/1995', 'Assessora de Marketing, Assessora de Redação ', 'RP de Viçosa', 'Marketing, Comunicação, Relacionamentos, Publicidade, Mídias Sociais, Organização de eventos.', 5),
(1007, 'Naiara Ambrósio Siqueira', 'naiaraambrosios@gmail.com', 'b181f5ac4092235bead7812fec542dcb', 'Mult Jr', 'Nenhuma', '30/11/1995', 'Assessora de RH', 'Mercado em Conexão', 'Empreendedorismo, Inovação, Qualidade, Gestão de pessoas', 6),
(1008, 'Reubert Sena da Rocha', 'reubertsena@gmail.com', '31997dfe10d50b0236060baeae794d39', 'Cace Consultoria Jr.', 'FEJEMG', '03/02/1992', 'Presidente do Conselho da Cace', 'Internej', 'Tenho interesse pela área de Finanças.', 3),
(1009, 'Marcelo Costa Monteiro', 'marcelomonteiro@cpejr.com.br', 'c90bd4a16f4e3ee3913b1fc3423591a1', 'CPE', 'FEJEMG', '20/08/1996', 'Trainee', 'RP Viciosa', 'Presidência, Vice-presidência, Comercial e Desenvolvimento.', 3),
(1010, 'Matheus Freitas', 'matheusfreitas@acessojr.com', '76065521cb78d0b928b194df994e92b8', 'Acesso Comunicação Jr.', 'FEJEMG', '15/04/1993', '- -', 'EFEJ 2013', 'Comunicação, Marketing, Design, Financeira', 1),
(1011, 'Eduardo Avelar Santos', 'avelar1.eduardo@gmail.com', '1369a446ff2c9570991e4cc3398b4719', 'MASCI Consultoria Jr.', 'FEJEMG', '12/12/1992', '-', 'RP de Juiz de Fora', 'Financeira e Negócios', 1),
(1012, 'Lucas Costa Silveira', 'l.csilveira@hotmail.com', 'c3ff20c04cc0afa5e1d3d68395c8634d', 'MASCI Consultoria Jr.', 'FEJEMG', '05/09/92', 'Vice Presidente', 'Reunião Presencial de Juiz de Fora', 'Estratégia e planejamento.', 15),
(1013, 'Felipe Pereira de Luccas Xavier', 'felipepereiraxavier@hotmail.com', 'f6fc4d296afbdeba62789b7efa33e8dd', 'PCP Jr', 'Nenhuma', '09/03/1985', 'Presidente', 'ENEJ - ES', 'Gestão de Projetos/Processos\nGerenciamento da Rotina\nLiderança Corporativa', 6),
(1014, 'Douglas Hudson Pereira de Souza', 'douglas_hudson258@hotmail.com', '94dc7bc1a35a27102e8610de7a478b47', 'PCP Jr.', 'Nenhuma', '12/06/1991', 'Gerente de Sustentabilidade', 'nenhum', 'Sustentabilidade\nResponsabilidade Social\nResponsabilidade Ambiental', 3),
(1015, 'Lucas Santos Kumaira', 'lucas.kumaira@ucj.com.br', '4b585e1ea16aab0e1ade50472ff9f0b3', 'UCJ', 'FEJEMG', '27/01/1996', 'Consutor', 'EMEJ 2014', 'Assessoria de Negócios', 1),
(1016, 'Bruna Silveira Costa', 'brunasilveira@multjr.com.br', '8a94b334d00024868c62fd3185027aaf', 'Mult Jr - Consultoria e Projetos', 'FEJEMG', '08/09/1995', 'Assessora de Projetos', 'Nenhum', 'Projetos; Engenharia Química; TI; Social.', 6),
(1017, 'NATHALIA CAROLINE BARBOSA ABRANCHES DE FARIA', 'nathaliaabranches@yahoo.com.br', '0c06599fb04513337d37cc3ca88fb49d', 'MAGNA', 'Nenhuma', '30/10/1991', 'CRIAÇÃO', 'NENHUM', 'Interesse relacionado principalmente ao Direito, formas inovadoras de assessoria, criação de uma nova empresa e suas diretrizes.', 0),
(1018, 'Ana Laura Carvalho de Mendonça', 'analcmendonca@gmail.com', '5cd4c976792649545c7c4fa11c42e460', 'PJ Consultoria e Assessoria', 'FEJEMG', '21/10/1994', 'Diretora de RH da PJ', 'EMEJ 2014', 'Desenvolvimento', 1),
(1019, 'Fernanda Eliza Ferreira Costa', 'fefcosta17@gmail.com', '517035c51b4e006a6aa51ba13b8eeec3', 'Mult Jr.', 'Nenhuma', '17/03/1994', 'Nenhum', 'Nenhum', 'Nenhuma', 0),
(1020, 'Guilherme Carvalho Rodrigues', 'guilherme.rodrigues.ufv@gmail.com', '58c87cd68efa977cd6137c77a8af4ade', 'AgroPlan-UFV', 'FEJEMG', '12/04/1990', 'Assessor Administrativo-Financeiro', 'RP de Itabira', 'Área financeira e de organização de eventos em geral.', 7),
(1021, 'Bruno Siqueira', 'brunohenriquesiq@gmail.com', '75574b0eaf52fb3dd1938863ec0cbe1e', 'Dinâmica Consultoria Jr.', 'FEJEMG', '08/12/93', 'Conselheiro Multiplicador', 'IX Prêmio FEJEMG', '-', 1),
(1022, 'Luma Gomes', 'gomessluma@gmail.com', '6e047642b58458e702303e8994166fde', 'PCP Jr.', 'Nenhuma', '21/10/1994', 'Assessora de relacionamentos', 'Nenhum', 'Negociação, comunicação, benchmarking.', 1),
(1023, 'Bruno de Castro Rozenberg', 'bruni.cas@hotmail.com', '55eaf820ee7ebdf73f89fa26e958a035', 'João Pinheiro Jr.', 'FEJEMG', '28/03/1994', 'assessor', 'Reunião presencial em BH da FEJEMG - Março de', 'Recursos Humanos', 1),
(1024, 'Gustavo Franco Campos', 'gustfc@gmail.com', '210f5c38e2f08f0cb1da24d570c929f6', 'Projet', 'FEJEMG', '10/01/1993', 'Diretor de Marketing', 'EMEJ', 'Marketing e negócios.', 2),
(1025, 'Marco Antônio Ferreira e Silva', 'mafsilva89@hotmail.com', '9f1248fd238bac4083fcbcebf0cf5fa7', 'PharmaJr', 'Nenhuma', '02/08/1989', 'Trainee', 'RP Core - Ouro Preto', 'Toxicologia Forense e Desenvolvimento Farmacotécnico.', 4),
(1026, 'João Gabriel Alves Domingos', 'jalvesdomingos@gmail.com', '3e5489bb0d3229e24d7c6bf809be83df', 'UCJ', 'FEJEMG', '12/05/1985', 'Gerente de Projetos', 'Concentra', 'Finanças; Estratégia; Controladoria.', 1),
(1027, 'Suliana Francielli Vieira Andrade', 'sulianafrancielli@hotmail.com', 'e1a443b8c522b4c7674b3d9f9078b5c0', 'Beta-Tech', 'Nenhuma', '28/10/1991', 'Diretora de Marketing', 'UFSJr', 'Gestão e Desenvolvimento de Projetos e de Marketing', 12),
(1028, 'Marcelo Antonio Bregantin', 'm-bre@hotmail.com', '62fa0cacb01bd0a05f2244dadfd598f0', 'Terra Jr - Consultoria Agropecuária', 'FEJEMG', '10/08/1992', 'Diretor de Agronomia', 'Nenhum', 'Consultoria técnica', 2),
(1029, 'Amanda de Paula Andrade', 'amandadepaula_92@hotmail.com', '698fe771fa6e79c3344d2746a523837e', 'Colucci Consultoria Jurídica Júnior', 'Nenhuma', '22/06/1992', 'Diretora de Gestão de Pessoas', 'RP de Ouro Preto', 'Gestão de Pessoas: Processo Seletivo, Avaliações de Desempenho, Clima Organizacional.', 1),
(1030, 'Luísa Rocha de Carvalho Miranda', 'luisarcmiranda@gmail.com', 'b92c8a98f46f532156391622182fbb7f', 'Cace Consultoria Jr', 'FEJEMG', '06/02/1993', 'Gerente de Projetos', 'RP Juiz de Fora', 'Financeiro, Projetos', 2),
(1031, 'José da Silva Pereira', 'saymico@hotmail.com', '336850887597d50d34a6fbe73042f29c', 'Ômega', 'FEJEMG', '09/01/1990', 'Secretariado Executivo', 'UFSJr.', 'Presidência', 1),
(1032, 'Saymon Menezes de Souza', 'saymonufsj@gmail.com', '336850887597d50d34a6fbe73042f29c', 'ATP Jr.', 'FEJEMG', '07/11/1995', 'Secretariado Executivo', 'UFSJr.', 'Presidência', 1),
(1033, 'Bárbara Costa Santana', 'babi.santana.95@gmail.com', '79d3871ac9aa79d0116cb0f812b5a0a2', 'Produção Júnior', 'FEJEMG', '30/07/1995', '--', '--', 'Áreas que envolvem gestão e inovacao', 3),
(1034, 'Júlia Benzaquen', 'juh_benzaquen@hotmail.com', 'ece82d239f8125dbfd9b22d9f8e96b82', 'Projet', 'FEJEMG', '14/04/1994', 'Diretora de Gestão de Pessoas', 'ENEJ', 'Eu me interesso tanto pela minha área de atuação do MEJ (gestão de pessoas) quanto pela aérea do meu curso: Engenharia de Produção.', 1),
(1035, 'Sérgio Vítor Pereira Ramos', 'sergio.vitor@coluccijr.com.br', '562344e48e765b49ef6cbd3310b125a9', 'Colucci Jr.', 'Nenhuma', '12/01/1995', 'Gerente Adm Financeiro', '0', 'Todas', 6),
(1036, 'Sara Regina Ferreira de Faria', 'sarareginaff@gmail.com', 'e10adc3949ba59abbe56e057f20f883e', 'CPEJr', 'FEJEMG', '31/03/1994', 'Pós-Júnior', 'EMEJ 2013', 'Engenharia, Pessoas, Negócios', 2),
(1037, 'Aline Oliveira Souza', 'alinesagro@gmail.com', 'ceba66996eeb11494b6e44ed501c12cd', 'EJAGRO', 'FEJEMG', '04/04/1992', 'Diretora-Presidente', 'Eleição Cenje', 'Tudo que envolva o MEJ !', 5),
(1038, 'RAYANE MONIQUE BERNARDES', 'rayane_monique@hotmail.com', 'd2f04c2a7cdcbe8efaef996a6249e728', 'EQUIP - Consultoria em Processos Químicos', 'Nenhuma', '20/06/1993', 'Assessora de Projetos', 'UFSJr', 'Gerenciamento de Projetos, Captação de Clientes, Gestão de Conhecimentos', 2),
(1039, 'Luciana Oliveira Penido', 'lucianaopenido@icloud.com', 'd8a281c0dbf2740e1daed07239a9ca04', 'EQUIP', 'Nenhuma', '09/04/95', 'Assessora de marketing', 'UFSJr', 'Tenho interesse na área de marketing, e áreas sobre empreendedorismo', 2),
(1040, 'Gabriel Dias Ramos', 'gabriel_dias71@hotmail.com', 'd42c2a3e5ac5ffbdc806ba224d98201f', 'Equip Consultoria em Processos Quimicos', 'Nenhuma', '17/08/1994', 'Assessor de Projetos', 'II Cliclo CAP Jr', 'Projetos', 0),
(1041, 'Luiz Otavio Grilo de Souza', 'luizgrilo@cpejr.com', '37c44431392fa68c6014b03a7313c104', 'CPE', 'FEJEMG', '30/12/1994', 'Treinee', 'Emej', 'Área de projetos e marketing', 3),
(1042, 'ROMULO RAFAEL DA SILVA', 'romulo.silva@ijunior.com.br', '9cf4496d95060cbc95b359cccb112aea', 'UFMG Informática Jr.', 'FEJEMG', '02/01/1989', 'Diretor de Recursos Humanos', 'RP de Viçosa', 'Recursos Humanos, Gestão de Projetos, Sistemas de Informação e Tecnologias.', 0),
(1043, 'Felipe de Aquino Lima', 'felipeaquinu@gmail.com', '6d974173382c63f5342b8ed0c09f25ab', 'EQUIP - Consultoria em Processos Químicos', 'Nenhuma', '03/10/1995', '|Acessor de Recursos Humanos', 'Ainda não participei de nenhum evento, esté s', 'Gestão de pessoas, coaching, entre outras.', 3),
(1044, 'Stéphanie Martins e Martins', 'stephanie.martins@solucoesufv.com.br', 'f4f083512c5d91e337eb82ecfacb20d9', 'Soluções Consultoria', 'FEJEMG', '20/03/1995', 'Gerente de Relações Públicas', 'Palestra', 'Logística, Qualidade, Projetos', 1),
(1045, 'José Tarciso Santana Silva', 'josetadm@yahoo.com.br', 'e52cc8178ab5fa116a72e5d621e91cf4', 'UFLA Júnior', 'FEJEMG', '03/08/1994', 'nenhum', 'Nenhum', 'Aprofundar conhecimentos sobre o movimento.', 2),
(1046, 'Núbia Mendes Parreira', 'nubia.parreiras@colegioapogeu.com.br', 'd35f506a44cbf0d9c0c977e330e39705', 'MASCI Consultoria Junior', 'FEJEMG', '22/03/1993', 'Diretora de Qualidade', 'RP de Juiz de Fora', 'Qualidade', 1),
(1047, 'André Correa de Oliveira', 'andre.coliveira3@gmail.com', 'ba9ed25752dd9cc4ee2e582849ee82a1', 'João Pinheiro Júnio', 'FEJEMG', '26/06/1995', 'Coordenador do Núcleo Soci', 'Nunca participei', 'Área social', 1),
(1048, 'JOÃO DIOGO DA SILVA CAMARGO', 'joaodiogo_johnny@hotmail.com', '41d4c3efea2f414bfcae830d8805108f', 'Projet', 'FEJEMG', '04/07/1986', 'Diretor de Projetos', 'RP Viçosa', 'Gestão interna, Gerenciamento de Projetos, Planejamento Estratégico, Programas de Inovação, Motivação, Liderança, MEG.', 2),
(1049, 'Pedro Oliveira de Sena Batista', 'posbatista@gmail.com', 'efe6d9e9101ad37ddc2d3e9389a20235', 'UFMG Consultoria Jr.', 'FEJEMG', '15/01/1987', 'Diretor de Projetos - UCJ', 'Nenhum', 'Gestão empresarial, estudo de viabilidade econômica, estudos e análises mercadológicas, gestão por processos, etc.', 1),
(1050, 'Bruna dos Santos Lopes', 'bruna.san.lopes@gmail.com', 'ebdaba87eb02e0330a2678d11c8ba1be', 'SEC Jr Consultoria', 'FEJEMG', '10/06/1996', 'Assessora de Responsabilidade Social Empresar', 'Dia Trainee CEEMPRE', 'Responsabilidade Social Empresarial e Gestão de Pessoas', 2),
(1051, 'Ronnan del Rey', 'ronnandr@yahoo.com.br', 'fcbb8f116c96108cbe9f34d3b5d6f3fd', 'No Bugs', 'FEJEMG', '17/12/1984', 'Pós-Júnior', 'EMEJ 2010', 'Talentos profissionais, novos negócios, inovação, gestão', 3),
(1052, 'Huelson Augusto Martins Junior', 'huelsonmartins@gmail.com', '9292959cf505c700dff73b5ea1bc4484', 'Ufla Jr', 'FEJEMG', '04/05/1994', 'Trainee da presidência', 'Nenhum', 'Toda a área administrativa, com foco em novas formas de gestão e administração moderna.', 2),
(1053, 'Maria Carolina Costa Godoy', 'marketing@multiconsultoria.org.br', 'dadb6b9ee761bca3ee33c0ab8d20428f', 'Multiconsultoria', 'RioJúnior', '01/12/1995', 'Diretora de Marketing', 'EFEJ', 'Marketing', 2),
(1054, 'Yanka dos Reis Soares de Moura', 'yankareis@outlook.com', '32270555f7269bad4f17e55e4166fd50', 'Up Consultoria Jr', 'FEJEMG', '01/04/1996', 'Assessora de projetos', 'EMEJ 2014', 'Administração de projetos, assessoria de eventos.', 4),
(1055, 'Paulo Victor Oliveira Magalhães', 'pvomagalhaes@gmail.com', 'dd5c6b5884e50b2abe989a7082aa9dd9', 'MASCI', 'FEJEMG', '03/04/1990', 'Gerente de Projetos', '-', 'Área de Projetos.', 9),
(1056, 'Arthur de Paiva Napoleão', 'art_oi@globo.com', '76a56ce40e6b6bba263f8bf1011dea41', 'Iniciativa Junior', 'RioJúnior', '02/04/1992', 'Vice Presidente', 'EFEJ 2014', 'Inspirar, capacitar e potencializar!', 45),
(1057, 'Robson Delgado Ribeiro', 'robsondelgado2@gmail.com', '64daa02718aee780f67d04d10bfddca2', 'Preserva Jr.', 'Nenhuma', '30/10/92', 'Diretor de Marketing', 'Primeiro', 'Presidência, Marketing', 1),
(1058, 'Isadora Cristina Santos Souza', 'isouzafloresta@gmail.com', 'af2310cdb955321046f42d0334e012c4', 'Terra jr- Consultoria Agropecuária', 'FEJEMG', '06/02/1990', 'Coordenadora', 'Nunca participei de um evento', 'Todas', 3),
(1059, 'Rana de Oliveira Mendes', 'ranamendes2@gmail.com', 'b2e7fc03bac66cef245477ef3d758513', 'Alimentos Júnior Consultoria', 'FEJEMG', '02/11/1991', 'Assessora de Mídias e Propaganda', 'RP de Juiz de Fora', 'Marketing e Negócios', 8),
(1060, 'Esther Azevedo Reis', 'estherazevedoreis@gmail.com', '049ff39ed379d2991c6df37d9b1d9330', 'UP Consultoria', 'FEJEMG', '10/06/1991', 'Assessora Diretoria de Gestão de Pessoas', 'EREJ', 'Gestão de Pessoas', 1),
(1061, 'Arthur Mendes Gasperini', 'arthurgasperini@hotmail.com', 'c7f4e45cc4481f61db44d0f50073c074', 'Equip', 'Nenhuma', '28/10/1995', 'Assessor de Qualidade', '2 Ciclo Cap Junior', 'Diretoria de Qualidade e suas ferramentas.', 3),
(1062, 'Lívia Alessandra Campos Monteiro', 'liviaacm@hotmail.com', 'bbaf06abf5df48bc47821b88636474fb', 'Verbalize! Jr', 'Nenhuma', '23/09/1995', 'Diretora Administrativo Financeiro', 'RP Fejemg - Juiz de Fora', 'administrativo, financeiro, jurídico, federação', 1),
(1063, 'Samyra Silva Goulart', 'samyragoulart@hotmail.com', 'f1f1b407ad1dda695da1cff94cad2f56', 'ArqJr Projetos e Consultorias', 'Nenhuma', '26/12/1992', 'Treinee', 'Nenhum, será meu primeiro evento', 'Arquitetura e Urbanismo\nEmpreendedorismo', 0),
(1064, 'Felipe Maia Oliveira', 'fmaia947@gmail.com', '64bd2281e752494c66066e607f03633b', 'Preserva Jr.', 'Nenhuma', '09/12/1994', 'Assessor de Marketing', '-', '-', 1),
(1065, 'Vitor Vieira', 'vitorvieira.ms@gmail.com', 'ac41ab3b28045dbb519cf43b7ec416ce', 'João Pinheiro Jr', 'FEJEMG', '13/04/1995', 'assessor de markeitng', 'EMEJ', 'negócios e relaçoes institucionais', 1),
(1066, 'João Paulo Velho Dias', 'jpaulo03@hotmail.com', 'ba7fff36ddb50f61eadde17846d8471f', 'Projet', 'FEJEMG', '03/12/1993', 'Consultor de Gestão de Pessoas', 'Nenhum', 'Participação em Eventos, Engajamento no MEJ e Desenvolvimento Pessoal', 8),
(1067, 'Ruan Alfredo de Faria Costa', 'ruanfariacosta@gmail.com', '61a960bbed387ebc658fe656ec48bcad', 'Terra Jr. Consultoria Agropecuária', 'FEJEMG', '19/08/1996', 'Trainee', 'RP Viciosa', 'Recursos Humanos, Comunicação', 4),
(1068, 'Marcela Nogueira Teixeira', 'maarcela@live.com', '70108868f0661bb55dd23d5824c811e1', 'Mult Jr', 'FEJEMG', '14/06/1995', 'Assessora de Marketing', 'EMEJ', 'Comunicação, comercial, projetos...', 1),
(1069, 'Thais', 'thaisinhaaa3@gmail.com', 'c8837b23ff8aaa8a2dde915473ce0991', 'Verbalize Jr.', 'Nenhuma', '19/07/1995', 'Assessora de Recursos Humanos', 'RP FEJEMG', 'Recursos Humanos', 6),
(1070, 'Pedro Henrique França Oliveira', 'pedro.franca@fejemg.org.br', 'd49a9e7112301408dd947ae50548ae62', 'Universidade Federal dos Vales do Jequitinhon', 'FEJEMG', '05/11/1989', 'Assessor de Fomento e Orientação', 'EMEJ 2015', 'Liderança', 4),
(1071, 'Kariny Cristina Arcanjo', 'cristinakariny@ymail.com', 'd437f83cc1c71b9110ed4d5ca89e36a3', 'Ejel Consultoria e Projetos Elétricos Jr.', 'FEJEMG', '30/09/1992', 'Assessora de Publicidade e Propganda', 'EUEJ', 'Comunicação e desenvolvimento', 1),
(1072, 'Marcelo Nascimento Maciel', 'marcelonascimento.masci@gmail.com', '05ae1723d2911db9adfa94b5e7b11bcb', 'MASCI Consultoria Júnior', 'FEJEMG', '29/09/1995', 'Gerente de Projetos', 'RP de Juiz de Fora', 'Negócios', 9),
(1073, 'Bernardo Sosman Gouvea', 'be.sosman@gmail.com', 'a9a0d33bd6271f2703c43d675fee1427', 'PJ', 'Nenhuma', '07/02/1993', '-', '-', 'Área estratégica, desenvolvimento de negócios e parcerias, gestão de pessoas', 0),
(1074, 'Henri de Paiva Souza', 'henridepaiva@poli.ufrj.br', '85fd50293bf7311fd83b56449b4ef30d', 'Fluxo Consultoria', 'RioJúnior', '03/05/1992', 'Presidente', 'EFEJ 2014', 'Gestão de negócios', 30),
(1075, 'Kaio Martins da Silva', 'kaiomartins.eco@gmail.com', 'e73ac3bde339b9c116e1bfab464bf43b', 'Campe Consultoria Jr.', 'FEJEMG', '09/03/1994', 'Diretor de Marketing', 'ENEJ', 'Marketing', 1),
(1076, 'Larissa de Oliveira Donato', 'donato.larissa@outlook.com', 'f0fa38a82647f5831333cc5760b2239f', 'Dinâmica Consultoria Júnior', 'FEJEMG', '04/09/1990', 'Diretora Jurídica Financeira da Cenje - Centr', 'IV UFSJr - Encontro das Empresas Juniores da', 'Administrativo-Financeiro', 4),
(1077, 'Clarisse Lumi Nakao Iida', 'clarisselumi@acessojr.com', '09ca5ddcee566339beea844a2cc123de', 'Acesso Comunicação Jr', 'FEJEMG', '13/04/1994', 'Consultora', 'RP São João Del Rei', 'Comunicação', 12),
(1078, 'Daniel Victor Talarico Horsth', 'danieltalarico.h@gmail.com', 'c695c839b2927bd8cfe3b851d9e31a57', 'MASCI Consultoria Júnior', 'FEJEMG', '12/08/1993', 'Nenhum', 'Nenhum', 'Área Financeira', 0),
(1079, 'Kariny Faria Silva', 'karinyfs.inova@gmail.com', '34550f70d4474395727a7b8ce869e543', 'Inova Consultoria Jr.', 'FEJEMG', '19/04/1992', 'Assessora de Relações públicas', 'EMEJ', 'Treinamentos, materiais, contatos, informações e outros', 1),
(1080, 'Lucas Neiva', 'lucasneiva@riojunior.com.br', '173e993dffd1f53e9bcb701880353183', 'RioJunior', 'RioJúnior', '07/10/1992', 'Coordenador de Negócios', 'ENEJ', 'Comercial', 2),
(1081, 'Leonardo Galesi Bertan', 'leonardogalesi@criaufmg.com.br', 'd554fb20615afa3efce2798f580033c5', 'Cria UFMG', 'FEJEMG', '11/07/1995', 'Assessor de Planejamento', 'Não participei', 'Comunicação', 6),
(1082, 'Adilson de Souza Braga Júnior', 'jjadilsonbraga@gmail.com', 'fa44a5090654d396b0bea32f99001fd7', 'Cria UFMG', 'FEJEMG', '09/01/1995', 'Nenhum', 'RP de João Molevade', 'Comunicação;\nRelações Públicas;\nPublicidade;\nGestão de pessoas.', 12),
(1083, 'PÂMELA RODRIGUES DE SOUZA MARTINS', 'pamelarsm@hotmail.com.br', '7c6e135c11f7c3ee941129b74c9b869b', 'UFLA Junior', 'FEJEMG', '11/08/1995', 'Trainee', 'nenhum', 'Área de finanças e gestão de pessoas.', 1),
(1084, 'Layna Janyne Assis Santos', 'laynaa.santos@gmail.com', 'db8277de9a15f45cc57c02b07bf1fa51', 'SEC Jr. Consultoria', 'FEJEMG', '28/07/1995', 'Assessora de Comunicação', 'Graduação UFV', 'Marketing', 1),
(1085, 'Thais Cabral Gouvêa', 'thaiscabraljf@gmail.com', 'a1508f088bdc19d8ddce6ebeb13bfa8c', 'Apsi', 'FEJEMG', '10/03/1994', 'Consultora do DAF da Apsi', 'RP de Juiz de Fora', 'Psicologia Organizacional', 1),
(1086, 'Michel Lima de Oliveira', 'michellima@pucconsultoriajr.com.br', '31410cef80f280c5b68b45b7d675e9f7', 'PUC Consultoria Jr', 'FEJEMG', '06/05/1992', 'Diretor de Marketing', 'Prêmio FEJEMG 2014', 'Marketing', 5),
(1087, 'Danielle Cristina de Freitas Silva', 'daniellecfreitass@gmail.com', '9c64fac4cc2d93c18ad067f079bef61a', 'TriEQ Jr.', 'Nenhuma', '30/03/1994', 'Gerente de qualidade', 'IX InternEJ', 'Qualidade, presidência', 1),
(1088, 'Eduardo César', 'educesar90@gmail.com', '8280af3ca141a97c411642b3268ca229', 'FEJEPE', 'FEJEPE', '05/04/1990', 'Coordenador de Gente e Gestão', 'Top of Minds', 'Gestão de pessoas, qualidade total', 1),
(1089, 'Michel Jabour', 'micheljabour@hotmail.com', 'be76a54df6c17aaf24b71fb983d09948', 'Colucci Consultoria Jurídica Júnior', 'Nenhuma', '14/02/1991', 'Nenhum', 'Prêmio FEJEMG', 'Direito; Contabilidade; Tributos; Governança Corporativa.', 1),
(1090, 'Felipe Costa de Andrade', 'felipe.andrade.sec@gmail.com', 'ad2da7ff90156104277864142943c0c5', 'SEC Jr. Consultoria', 'FEJEMG', '25/09/1993', 'Diretor de Projetos', 'Prêmio FEJEMG', 'Projetos, eventos, tradução, marketing.', 2),
(1091, 'Juliana Zanetti Fonseca', 'juzanetti96@gmail.com', 'a595223b5caad1d7097d1b1d7a40f798', 'UP Consultoria Jr.', 'FEJEMG', '25/07/1996', 'Diretora Adm Fin', 'EMEJ', 'Administrativo Financeiro, Eventos, Assessoria a Presidência', 6),
(1092, 'Matheus Fonseca', 'mvrfonseca@outlook.com', 'ab6e970c1494f5c62c4921e48f7f2b3f', 'Empreender Jr', 'FEJESP', '09/08/1995', 'Diretor de RH e Coordenador Geral do EPEJ', 'EPEJ', 'Gestão, estratégia, marketing, RH, empreendedorismo', 24),
(1093, 'Albert Souza Silva', 'souzaalbertarq@gmail.com', '69b11e2a62f3f527d0c4e547f0b71b9a', 'Dinâmica Consultoria Júnior', 'FEJEMG', '04/05/1988', '.', 'Rp - Juiz de Fora', 'Marketing, Qualidade, Gestão, Presidência, Conselho, Comunicação', 3),
(1094, 'Aretusa Martins Teixeira', 'aretusateixeira@hotmail.com', 'f91084783cbfdf241074c6f716392025', 'Agrovales', 'Nenhuma', '07/12/1988', 'Diretora de Adm e Fin', 'EUEJ', 'Comunicação e financeiro.', 2),
(1095, 'Fernanda Cordeiro', 'nanda.kp@hotmail.com', '457bbf2bfc8866f2dcfc42380a05f134', 'Jurídica Jr.', 'FEJEMG', '23/11/1994', 'Assistente da Diretoria de RH', 'Nenhum ainda.', 'Jurídica.', 6),
(1096, 'Helayne Cristina Gomes Magno', 'helaynemagno2014@gmail.com', '9a08907cb8e95ce39ed6a1790559e92e', 'MASCI Consultoria Jr', 'FEJEMG', '16/05/1986', 'Gerente de projetos', 'RP Juiz de Fora', 'Conselheiro', 5),
(1097, 'Suélen de Oliveira Rezende', 'suelenrezende@ecofarmajr.com.br', 'a179df4a35bcc8bbbc239376ec9f4901', 'Ecofarma Jr.', 'FEJEMG', '21/02/1995', 'Gerente', 'RP - Juiz de Fora', 'Empreendedorismo', 1),
(1098, 'Gabriel Figueiredo Becker', 'gabriel.becker.590@hotmail.com', '3342981264cc7135c549677651085463', 'CPEJr.', 'FEJEMG', '30/11/1994', 'Representante Comercial', 'Nenhum', 'Autodesenvolvimento \nMusica\nLiteratura\nCinema\nComportamento', 1),
(1099, 'Felipe Prates da Costa', 'felipeprates@cpejr.com.br', 'f77f50468f37f37b0a2157352046a540', 'CPE Jr.', 'FEJEMG', '25/07/1992', 'Assessor de Comunicação', 'ENEJ 2014', 'Conhecer empresários Juniores e compartilhar da visão do MEJ, além de se preparar melhor para o cenário empresarial brasileiro.', 1),
(1100, 'Fernanda Cordeiro', 'nandagalo1000@gmail.com', 'cb1675b69f643117ebabe00546f70ecb', 'Jurídica Jr.', 'FEJEMG', '23/11/1994', 'Assessora de RH', 'Nenhum', 'Jurídica.', 6),
(1101, 'carolina vidal baratz', 'carol.baratz@gmail.com', 'e84760c0641afd95c0afa6e62aa816cd', 'Ibmex', 'FEJEMG', '03/11/1993', 'Consultora', 'nunca participei', 'Economia , Financeiro', 2),
(1102, 'Gabriel Vieira Freire Fonseca', 'gts006@hotmail.com', '1ce8e7ae295571d71f5b01f8013b1999', 'Ibmex', 'FEJEMG', '25/03/1993', 'Consultor', 'Nenhum', 'Adminstração\nNegócios', 1),
(1103, 'Thaís Ladeira', 'thaisladeiramc@gmail.com', '3eaf89c8538121cce59f59f166bf01df', 'Ibmex Consultoria Empresarial Jr.', 'FEJEMG', '24/01/1994', 'Consultor', 'Nenhum', 'Administração e Negócios Internacionais.', 2),
(1104, 'Isabella Gersen Pinto Coelho Pini', 'isabellapini@hotmail.com', '2bfd0424091a9c32c27d026e8fcbf132', 'IBMEX', 'FEJEMG', '20/09/1994', 'Consultor', 'Nunca Participei', 'Engenharia de Produção e logística de suprimentos', 2),
(1105, 'Matheus Júlio Ferreira', 'matheus_jf@icloud.com', '691d848169017e00840e92b8f507a3bc', 'Ibmex', 'FEJEMG', '31/03/1995', 'Consultor', 'Nenhum', 'Empreendedorismo, Logística.', 3);
INSERT INTO `usuarios` (`codUsuario`, `nomeCompleto`, `email`, `senha`, `ej`, `federacao`, `dataNascimento`, `cargoMej`, `evento`, `areaInteresse`, `tempoMej`) VALUES
(1106, 'Pedro Andrade Nogueira', 'nogueiraandradepedro@gmail.com', '56f5c0ac9d9a95b1c3fc0fbf75c909ea', 'Ibmex', 'FEJEMG', '30/12/1994', 'Consultor', 'Nenhum', 'Empreendedorismo , Mercado Financeiro e de Capitais , Finanças , Wealth Management', 4),
(1107, 'Clara Rabelo Correa Aarão Mattos', 'clararcam@gmail.com', '5e3bbc1b6c18f9305751400c34ec8a35', 'Ibmex Consultoria Jr.', 'FEJEMG', '25/01/1995', 'Consultora', 'nenhum', 'empreendedorismo, mercado de finanças e logística.', 5),
(1108, 'Letícia Maria Teixeira de Farias', 'leticiatfarias@gmail.com', '31bdeb188f2a0f64da00986c35a15165', 'IBMEC', 'FEJEMG', '09/01/1995', 'Gerente de Projetos', 'Ainda não participei', 'Mercado Financeiro, Logística, Gerenciamento de Processos', 9),
(1109, 'Gabriela Fernandes Lacerda', 'gabriela.conselt@gmail.com', '67410f3a634789b4999f9eaf14639825', 'Conselt', 'FEJEMG', '30/07/1996', 'nenhum', 'nenhum', 'Recursos Humanos', 3),
(1110, 'Brunna D''Onofre Couto', 'brunnadonofrec@gmail.com', 'b5efc5efa13048c2eb3c256352de701d', 'ATP Jr.', 'FEJEMG', '21/12/1993', 'Diretora de Qualidade/Conselheira', 'RP 28/02/2015 em BH', 'Desenvolvimento, negócios, gestão de pessoas, qualidade', 2),
(1111, 'THAIS ABRAHÃO CAMPOS SALLES', 'thaissalles92@hotmail.com', '8fe1794c209bb412dae9865ce69ae2fe', 'Emas Jr', 'Nenhuma', '10/11/1992', 'Diretora de RH eQualidade', 'RP BH', 'Recrutamento, Desenvolvimento, Gestão de Pessoas, Gestão da Qualidade, Liderança', 10),
(1112, 'Felipe de Castro Sousa', 'felipecastrosousa.meta@gmail.com', 'acd7a899cf1a6b77fabab5aa1b29bff6', 'Meta Consultoria', 'FEJEMG', '12/06/1996', 'Gerende de P&D', 'Primeira RP 2015 - BH', 'Desenvolvimento pessoal, participar ativamente do MEJ, ficar por dentro do que ocorre dentro da FEJEMG.', 4),
(1113, 'Lucas Aguiar', 'lucas.a@jrconsultoria.com', '79a7dc81222a9942590063d1c133a3e2', 'JR Consultoria - UFPR', 'FEJEPAR', '27/12/1995', 'Diretor de Comunicação | FEJEPAR', 'Curitiba Júnior', 'Comunicação, integração, Estratégia, alinhamento, rede', 3),
(1114, 'Juliana Borges Ferreira', 'julianaborges25@gmail.com', '96395069e812a8d659c60a0805c6ff6e', 'Emas Jr', 'Nenhuma', '25/11/1989', 'Diretora Presidente', 'RP VIçosa', 'Desenvolvimento de líderes, empreendedorismo, gestão, capacitações, etc.', 1),
(1115, 'Helen Cristiny Dias', 'helencristiny@live.com', '4bdde3e7aaf60a203cad10c219fcc825', 'Avanço Empresa Júnior', 'Nenhuma', '02/02/94', 'Diretor Administrativo Financeiro', 'Cenje', 'Áreas do setor financeiro e jurídico.', 9),
(1116, 'Gabriel Andrade Moreira', 'gbmrandrade@gmail.com', '6e82bf8d4bbdf66c14aecd66141ec19c', 'PJ Consultoria e Assessoria', 'FEJEMG', '13/03/1995', 'Presidente', 'RP BH', 'Gestão, liderança, representatividade, negócios, bem como comercial.', 9),
(1117, 'Isadora Gonçalves de Melo', 'isadoragoncalvesdemelo@gmail.com', '97d6ce296e023fea372fae25d628c7b2', 'UFSJ', 'FEJEMG', '20/07/1994', 'Presidente', 'Prêmio FEJEMG', 'Engenharia Elétrica', 2),
(1118, 'Larissa Farnetti Pinto', 'larissafarnetti@multjr.com.br', '79a02262eacede93a649beaf1f066a6b', 'Mult Jr', 'FEJEMG', '19/02/1995', 'Assessora do Administrativo-Financeiro', 'RP - Belo Horizonte (28/02/2015)', 'Administrativo-Financeiro', 3),
(1119, 'JOÃO DIOGO DA SILVA CAMARGO', 'presidencia.projet@em.ufop.br', '4ef115083b06dc9f8bd07eaf106f8524', 'Projet', 'FEJEMG', '04/07/1986', 'Presidente de EJ', 'RP de BH', 'Parcerias, Modelo de Excelência em Gestão, Planejamento Estratégico, Liderança, Motivação, Gestão Empresarial.', 2),
(1120, 'Thiago Santos', 'thiaguinth@hotmail.com', 'a91dd46985ce5c451e42a0a1a425683d', 'Inova Consultoria Jr.', 'FEJEMG', '26/06/1993', 'Diretor de Mercado', 'RP Belo Horizonte', 'Desenvolvimento de Projetos e na área de marketing estratégico.', 1),
(1121, 'Thiago Santos', 'thiagogs.inova@gmail.com', '963e821922999a4bd25c6a55ffd64806', 'Inova Consultoria Jr.', 'FEJEMG', '26/06/1993', 'Diretor de Mercado', 'RP Belo Horizonte', 'Desenvolvimento de Projetos e na área de marketing estratégico.', 1),
(1122, 'Gabriel Figueiredo Becker', 'gabrielbecker@cpejr.com.br', '3342981264cc7135c549677651085463', 'CPEJr.', 'FEJEMG', '30/11/1994', 'Representante Comercial', 'Nenhum', 'Eficiência Energética\nAutodesenvolvimento\nCinema', 3),
(1123, 'Maria Laura Mendonça Diamantino', 'marialaura_diamantino@hotmail.com', 'e5828ffe0550e2c24a0db8c6af9b647e', 'PUC Consultoria Jr.', 'FEJEMG', '23/08/1995', 'Consultora de Marketing PUC Consultoria Jr. /', 'RP em Belo Horizonte', 'Marketing\nConselho', 6),
(1124, 'Hernane Braga Pereira', 'hernanepereira@hotmail.com', '3d36bc6485f7cafe409f5df5e8f5e092', 'CPE jr', 'FEJEMG', '18/08/1995', 'Gerente de Projetos Junior', 'integração RP de BH', 'Empreendedorismo, T.I, gestão, Engenharia, liderança.', 6),
(1125, 'Rafael Marcos Garófalo', 'garofalorafa@yahoo.com.br', '48cbdd84115e41a3dcb120a6ee907c00', 'PUC Consultoria Jr.', 'FEJEMG', '29/03/1994', 'Gerente de projetos', 'Reunião Presencial de Belo Horizonte 2015', 'Projetos, Inovação, Tecnologia, Empreendedorismo, Liderança.', 6),
(1126, 'Thales Augusto Rosa e Pereira', 'thales_pereira7@hotmail.com', '35c20bfcdd7f1950134b89d88abdfa08', 'Arq Jr. Projetos e Consultorias', 'FEJEMG', '23/04/1990', 'Conselheiro da FEJEMG', 'Dia D em Belo Horizonte', 'Recursos Humanos', 1),
(1127, 'Rafael Cândido Arruda da Silva', 'rafaelcandido@pucconsultoriajr.com.br', 'f78c4c5afce637c0d8170626ab348ae5', 'PUC Consultoria Jr.', 'FEJEMG', '26/07/1995', 'Diretor Administrativo Financeiro', 'Dia D', 'Administrativa\nFinanceiro \nRelação dos setor administrativo financeiro com as outras áreas da EJ', 6),
(1128, 'Pedro Nigro', 'pedro.nigro@hotmail.com', '80fc379c56918afde920f041fb0b4b67', 'Verbalize', 'Nenhuma', '21/07/93', 'Assessor', 'RP de Diamantina', 'Presidência, Federação, Administrativo Financeiro e Projetos.', 6),
(1129, 'Jose Reinaldo Silva Rezende', 'j_rezend@hotmail.com', '03f2dd5402891a9e6edc5bda463cda6d', 'Meta Consultoria', 'FEJEMG', '02/08/1990', 'Diretor', 'RP Diamantina', 'Planejamento Estrategico; Planejamento Financeiro', 2),
(1130, 'Luiz Felipe Antunes Batista', 'luizkp@hotmail.com', 'e7d80ffeefa212b7c5c55700e4f7193e', 'OneBit', 'Nenhuma', '24/12/1994', 'Diretor Marketing', 'Internej', 'Marketing, liderança, motivação, equipe, comunicação, interpessoal.', 6),
(1131, 'Victor Balbi', 'Victorbalbi@gmail.com', '2dfe90b1d4fe08b58d9b5ebe63b6733b', 'MASCI', 'FEJEMG', '04/09/1991', 'Pós Junior', 'EMEJ 2013', 'Empreendedorismo', 3),
(1132, 'Santa João Gaieta', 'santajoogaieta@yahoo.com', '0288a845555f1bb2ce1e7f7dd5899459', 'Granbery Consultoria', 'FEJEMG', '05/09/1991', 'Trainee', 'ainda não participei', 'Área administrativa.', 0),
(1133, 'Fernando de Paula Andrade', 'fernandoandrade.colucci@gmail.com', '1d90d9a4a311e150c5e9712d1515a057', 'Colucci Jr.', 'FEJEMG', '24/07/1993', 'Diretor de Gestão de Pessoas', 'Rp de Juiz de Fora', 'Consultoria Jurídica', 8),
(1134, 'Thayná Nunes Borges', 'thaynanunes.senior@gmail.com', '290488ec00820427abf2020c752de35e', 'Sênior Consultoria Ambiental', 'FEJEMG', '09/05/1995', 'Assessora de Marketing e Comunicação', 'Café com a Sênior', 'Comunicação.', 7),
(1135, 'Matheus Augusto Campos de Souza', 'matheussouzaq1992@gmail.com', 'b457580840397a189fe28eb60c1673c0', 'Ômega Júnior', 'FEJEMG', '17/12/1992', 'Marketing', 'RP diamantina', 'mkt', 1),
(1136, 'Patrícia Feliciano Braga Bruzze', 'patriciabruzze.senior@gmail.com', '9d61e037ecd00b1005f3384d54fdcaf2', 'Sênior Consultoria Ambiental', 'FEJEMG', '14/09/1991', 'Assessora do Departamento de Projetos', 'Organização e Execução do movimento regional ', 'Área de Engenharia\nÁrea Ambiental', 6),
(1137, 'Mateus de Assis Lacerda', 'mlacerda125@gmail.com', '3767cbcf31e79ed527939cbb5c35c02a', 'Ômega Júnior', 'FEJEMG', '17/09/1994', 'Gerente de Comunicação', 'RP da CENJE (Núcleo da UFSJ)', 'Empreendedorismo, estratégia, institucional, marketing, MEJ, projetos, qualidade, responsabilidade socioambiental.', 11),
(1138, 'Rafael Marcos Garófalo', 'garofalorafael@hotmail.com', 'def2bec13735d4f8ca1df0dee31697bb', 'PUC Consultoria Jr.', 'FEJEMG', '29/03/1994', 'Conselheiro Multiplicador', 'Reunião Presencial de Diamantina', 'Tecnologia, Engenharia, Eletricidade, Gestão, Inovação, Empreendedorismo.', 8),
(1139, 'João Moreira', 'joao.msilva@live.com', '3da2ac6954495f01a38feec523b862ff', 'PUC Consultoria Jr.', 'FEJEMG', '29/05/1995', 'Vice-Presidente', 'Prêmio FEJEMG 2014', 'Gestão Estratégica', 1),
(1140, 'Mateus de Mattos Sales', 'mateus.sales@fejemg.org.br', 'b105613f811744d81796fe058e2db6d7', 'Mais Consultoria Jr', 'FEJEMG', '07/03/1996', 'analista de marketing', 'RPSJ', 'Marketing, Conhecimento, Projetos, Qualidade', 4),
(1141, 'Bruna Maria Expedito Marques', 'bruna.projetos.jjr@gmail.com', '9e8f2e0b6ca90c0640a538e8b56b9c22', 'Jurídica Júnior', 'FEJEMG', '19/05/1996', 'Assessora de Projetos', 'nenhum', 'Direito ; MEJ ; Reuniões Presencias.', 1),
(1142, 'Thiago Rodrigues', 'thiagorodrigues@masciconsultoria.com.br', '855a312eda8adc8a5e583ebd32a74d68', 'MASCI Consultoria Jr.', 'FEJEMG', '27/03/1993', 'Consultor de Negócios', 'Premio FEJEMG', 'Consultor de Negócios e Diretor de Negócios', 8),
(1143, 'Ana Luíza Davin Giarola', 'aluiza.davin@gmail.com', '22d9b9e308968a1d1e77f0836fc7ca69', 'Emas Jr', 'FEJEMG', '14/11/1995', 'Conselheira da FEJEMG', 'RP Uberlândia', 'Empreendedorismo', 8),
(1144, 'Ingrid Maíra Costa Almeida', 'ingridalmeida.meta@gmail.com', '18c4c7008d08008968b496fdb43dad1d', 'Meta consultoria', 'FEJEMG', '13/09/1995', 'trainne', 'nunca participei de um evento', 'Gestão de Pessoas- Endomarketing', 0);

--
-- Constraints for dumped tables
--

--
-- Constraints for table `cities`
--
ALTER TABLE `cities`
  ADD CONSTRAINT `cities_state_id_foreign` FOREIGN KEY (`state_id`) REFERENCES `states` (`id`);

--
-- Constraints for table `junior_enterprises`
--
ALTER TABLE `junior_enterprises`
  ADD CONSTRAINT `junior_enterprises_city_id_foreign` FOREIGN KEY (`city_id`) REFERENCES `cities` (`id`),
  ADD CONSTRAINT `junior_enterprises_university_id_foreign` FOREIGN KEY (`university_id`) REFERENCES `universities` (`id`);

--
-- Constraints for table `services`
--
ALTER TABLE `services`
  ADD CONSTRAINT `services_field_id_foreign` FOREIGN KEY (`field_id`) REFERENCES `fields` (`id`);

--
-- Constraints for table `service_je`
--
ALTER TABLE `service_je`
  ADD CONSTRAINT `service_je_je_id_foreign` FOREIGN KEY (`je_id`) REFERENCES `junior_enterprises` (`id`),
  ADD CONSTRAINT `service_je_service_id_foreign` FOREIGN KEY (`service_id`) REFERENCES `services` (`id`);

--
-- Constraints for table `states`
--
ALTER TABLE `states`
  ADD CONSTRAINT `states_country_id_foreign` FOREIGN KEY (`country_id`) REFERENCES `countries` (`id`);

/*!40101 SET CHARACTER_SET_CLIENT=@OLD_CHARACTER_SET_CLIENT */;
/*!40101 SET CHARACTER_SET_RESULTS=@OLD_CHARACTER_SET_RESULTS */;
/*!40101 SET COLLATION_CONNECTION=@OLD_COLLATION_CONNECTION */;
